node,degree,weighted_degree,clustering_coefficient,betweenness_centrality,closeness_centrality
Drug_119,3,1.8571428571428572,0.5684367439851987,0.0,0.005102657004830917
Drug_187,10,5.284193061840121,0.3996316511524611,0.0002533588139911976,0.01852219282774838
Drug_222,3,1.286593479707252,0.5268413101529688,0.0,0.0020833333333333333
Drug_247,15,13.007856356540243,0.8174524341957355,4.454660465779299e-07,0.010562865497076024
Drug_271,3,1.8067510548523207,0.5459334407524468,0.0,0.0020833333333333333
Drug_311,1,1.0,0.0,0.0,0.0006944444444444445
Drug_312,1,0.9465936323176994,0.0,0.0,0.0006944444444444445
Drug_338,1,1.0,0.0,0.0,0.0006944444444444445
Drug_444,30,19.832246311588683,0.6286462272637544,1.5644333356175032e-05,0.016669973544973547
Drug_564,5,3.341034526529576,0.639455471787073,0.0,0.003633720930232558
Drug_679,1,1.0,0.0,0.0,0.0006944444444444445
Drug_681,358,295.26893503510416,0.8493530769091292,2.1873686895233573e-08,0.24861111111111112
Drug_700,1,1.0,0.0,0.0,0.0006944444444444445
Drug_702,0,0.0,0.0,0.0,0.0
Drug_727,1,1.0,0.0,0.0,0.0006944444444444445
Drug_750,356,189.9861894028573,0.6368527734258782,0.0,0.24722993827160494
Drug_753,3,1.8067510548523207,0.5459334407524468,0.0,0.0020833333333333333
Drug_767,1,1.0,0.0,0.0,0.0006944444444444445
Drug_774,356,215.0940562148826,0.6921605172245786,0.0,0.24722993827160494
Drug_838,358,338.5118791058311,0.9302464116783352,2.1873686895233573e-08,0.24861111111111112
Drug_888,1,1.0,0.0,0.0,0.0006944444444444445
Drug_896,1,1.0,0.0,0.0,0.0006944444444444445
Drug_923,1,1.0,0.0,0.0,0.0006944444444444445
Drug_936,15,11.365663174881027,0.752706306761541,4.454660465779299e-07,0.010562865497076024
Drug_937,3,2.083333333333333,0.6644894249462313,0.0,0.0020833333333333333
Drug_942,16,10.554026342069996,0.480609394817563,0.00014633147161523344,0.019890309343434342
Drug_943,0,0.0,0.0,0.0,0.0
Drug_946,1,0.8888888888888888,0.0,0.0,0.0006944444444444445
Drug_948,1,1.0,0.0,0.0,0.0006944444444444445
Drug_951,358,314.42192662382274,0.8855926579355649,2.1873686895233573e-08,0.24861111111111112
Drug_961,1,0.8157894736842105,0.0,0.0,0.0006944444444444445
Drug_977,15,7.131761863932287,0.44754850303693994,2.8955293027565435e-05,0.010562865497076024
Drug_1032,9,5.6192373021700295,0.6380545284881197,0.0,0.00625
Drug_1046,19,13.91606824548001,0.6470026927844248,1.4707450426699906e-06,0.013315217391304347
Drug_1050,0,0.0,0.0,0.0,0.0
Drug_1051,0,0.0,0.0,0.0,0.0
Drug_1123,0,0.0,0.0,0.0,0.0
Drug_1206,28,21.553700724401356,0.7446097309288859,0.0,0.013946989818503763
Drug_1615,28,19.23403196589809,0.693177128413613,0.0,0.013946989818503763
Drug_1727,15,13.10260444551742,0.8211039913847221,4.454660465779299e-07,0.010562865497076024
Drug_1775,1,1.0,0.0,0.0,0.0006944444444444445
Drug_1978,358,338.5118791058311,0.9302464116783359,2.1873686895233573e-08,0.24861111111111112
Drug_1983,17,9.077244955953397,0.5544700942003412,5.515293910012464e-07,0.01225
Drug_1986,28,24.04367447318486,0.7985927468237745,1.6407999382287087e-06,0.017906746031746034
Drug_1990,1,1.0,0.0,0.0,0.0006944444444444445
Drug_1993,66,43.09377289377289,0.6655927196664981,4.524864053221082e-07,0.04649234693877551
Drug_2083,358,338.5118791058311,0.9302464116783357,2.1873686895233573e-08,0.24861111111111112
Drug_2088,7,6.0,0.8061697987819907,0.0,0.004861111111111111
Drug_2092,358,338.5118791058311,0.9302464116783357,2.1873686895233573e-08,0.24861111111111112
Drug_2094,7,5.333333333333333,0.7045340615681149,0.0,0.004861111111111111
Drug_2099,1,1.0,0.0,0.0,0.0006944444444444445
Drug_2118,3,2.0,0.6299605249474366,0.0,0.0020833333333333333
Drug_2132,0,0.0,0.0,0.0,0.0
Drug_2145,31,24.511670924722324,0.6847914883771383,2.4008784372705806e-05,0.03269927536231884
Drug_2153,1,1.0,0.0,0.0,0.0006944444444444445
Drug_2156,1,1.0,0.0,0.0,0.0006944444444444445
Drug_2159,358,338.5118791058311,0.930246411678335,2.1873686895233573e-08,0.24861111111111112
Drug_2160,358,303.3564449253546,0.8645002213959446,2.1873686895233573e-08,0.24861111111111112
Drug_2162,9,6.068426344896933,0.6532774541845794,0.0,0.010667848699763593
Drug_2170,358,310.0638116864419,0.8772392575897879,2.1873686895233573e-08,0.24861111111111112
Drug_2179,7,3.8,0.5721542599458854,0.0,0.004861111111111111
Drug_2215,358,338.5118791058311,0.9302464116783358,2.1873686895233573e-08,0.24861111111111112
Drug_2216,358,338.5118791058311,0.9302464116783352,2.1873686895233573e-08,0.24861111111111112
Drug_2239,358,338.5118791058311,0.9302464116783357,2.1873686895233573e-08,0.24861111111111112
Drug_2244,19,13.659371021135728,0.6405333613901677,1.4707450426699906e-06,0.013315217391304347
Drug_2249,358,338.5118791058311,0.9302464116783359,2.1873686895233573e-08,0.24861111111111112
Drug_2266,2,1.6666666666666665,0.7631428283688878,0.0,0.001388888888888889
Drug_2267,1,1.0,0.0,0.0,0.0006944444444444445
Drug_2284,1,1.0,0.0,0.0,0.0006944444444444445
Drug_2333,0,0.0,0.0,0.0,0.0
Drug_2344,358,309.13284911401496,0.8754326951131682,2.1873686895233573e-08,0.24861111111111112
Drug_2345,3,1.8235294117647058,0.5534767886336841,0.0,0.007122093023255813
Drug_2352,358,338.5118791058311,0.9302464116783352,2.1873686895233573e-08,0.24861111111111112
Drug_2369,358,338.5118791058311,0.9302464116783359,2.1873686895233573e-08,0.24861111111111112
Drug_2370,73,58.172721722721725,0.7069899529024112,5.083102380002764e-06,0.051193820224719105
Drug_2375,78,72.80534406334554,0.909709623395778,0.0,0.049316939890710385
Drug_2381,73,58.172721722721725,0.7069899529024112,5.083102380002764e-06,0.051193820224719105
Drug_2391,1,1.0,0.0,0.0,0.0006944444444444445
Drug_2405,6,4.0,0.6463636417680292,0.0,0.004166666666666667
Drug_2435,358,338.5118791058311,0.9302464116783357,2.1873686895233573e-08,0.24861111111111112
Drug_2442,4,3.333333333333333,0.8026190236407399,0.0,0.002777777777777778
Drug_2474,2,2.0,1.0,0.0,0.001388888888888889
Drug_2476,358,338.5118791058311,0.9302464116783355,2.1873686895233573e-08,0.24861111111111112
Drug_2477,358,336.5921971424895,0.9267462082022289,2.1873686895233573e-08,0.24861111111111112
Drug_2484,4,3.0,0.7631428283688878,0.0,0.002777777777777778
Drug_2519,1,1.0,0.0,0.0,0.0006944444444444445
Drug_2520,358,293.2621039051439,0.8457924236732297,2.1873686895233573e-08,0.24861111111111112
Drug_2536,0,0.0,0.0,0.0,0.0
Drug_2540,358,334.7019883626421,0.923287124393027,2.1873686895233573e-08,0.24861111111111112
Drug_2541,358,336.57657404031085,0.9267188345753423,2.1873686895233573e-08,0.24861111111111112
Drug_2551,9,5.0093837535014005,0.26506435281135926,0.0005223213136694721,0.017076558265582655
Drug_2564,73,58.172721722721725,0.7069899529024113,5.083102380002764e-06,0.051193820224719105
Drug_2585,358,332.2951613667699,0.919052277102638,2.1873686895233573e-08,0.24861111111111112
Drug_2662,21,11.41532258064516,0.640868320061889,0.0,0.013736681887366818
Drug_2712,22,15.989459815546772,0.7323915287883388,0.0,0.012413810086682426
Drug_2719,0,0.0,0.0,0.0,0.0
Drug_2725,71,43.20149458384752,0.6036645564695591,3.438358258912609e-06,0.050068681318681314
Drug_2726,358,299.2622626524519,0.8572546927497205,2.1873686895233573e-08,0.24861111111111112
Drug_2729,358,331.70843971088595,0.9179519647336382,2.1873686895233573e-08,0.24861111111111112
Drug_2732,28,24.04367447318486,0.7985927468237745,1.6407999382287087e-06,0.017906746031746034
Drug_2733,1,1.0,0.0,0.0,0.0006944444444444445
Drug_2756,1,1.0,0.0,0.0,0.0006944444444444445
Drug_2764,358,336.5015174763538,0.92657940765859,2.1873686895233573e-08,0.24861111111111112
Drug_2769,358,297.05484086136,0.8529110453000585,2.1873686895233573e-08,0.24861111111111112
Drug_2771,358,308.09099939072706,0.8734464707652557,2.1873686895233573e-08,0.24861111111111112
Drug_2783,358,336.5499944206699,0.9266713860781087,2.1873686895233573e-08,0.24861111111111112
Drug_2801,358,279.4832329531009,0.8182135380850446,2.1873686895233573e-08,0.24861111111111112
Drug_2802,9,7.409274935590725,0.7853693023983876,0.0,0.006903594771241829
Drug_2803,358,330.67841034310146,0.9159145972042704,2.1873686895233573e-08,0.24861111111111112
Drug_2812,1,0.9473684210526315,0.0,0.0,0.0006944444444444445
Drug_2818,358,279.6671889049427,0.8185520132599277,2.1873686895233573e-08,0.24861111111111112
Drug_2828,358,336.42093111549406,0.9264227829139872,2.1873686895233573e-08,0.24861111111111112
Drug_2905,73,58.172721722721725,0.7069899529024114,5.083102380002764e-06,0.051193820224719105
Drug_2913,358,296.58313309261496,0.8518695660214501,2.1873686895233573e-08,0.24861111111111112
Drug_2995,358,305.4333521108016,0.868411624218697,2.1873686895233573e-08,0.24861111111111112
Drug_3007,30,22.83811086051823,0.6906412714475818,1.5644333356175032e-05,0.016669973544973547
Drug_3016,3,2.1515151515151514,0.6920855377533291,0.0,0.005102657004830917
Drug_3032,28,18.814683230713353,0.6723660546546486,7.30176954608173e-06,0.032347670250896056
Drug_3038,28,24.04367447318486,0.7985927468237745,1.6407999382287087e-06,0.017906746031746034
Drug_3042,70,38.33343551872964,0.5500990954123864,2.5307832859836012e-05,0.04952445652173913
Drug_3055,70,37.34155844155844,0.5582308332708757,2.9248450611998513e-06,0.04952445652173913
Drug_3059,1,1.0,0.0,0.0,0.0006944444444444445
Drug_3066,358,338.5118791058311,0.9302464116783351,2.1873686895233573e-08,0.24861111111111112
Drug_3100,71,35.849679487179486,0.5104699487758915,2.1096182502513643e-05,0.050068681318681314
Drug_3103,30,20.322492093026714,0.6391120443991865,1.5644333356175032e-05,0.016669973544973547
Drug_3108,1,1.0,0.0,0.0,0.0006944444444444445
Drug_3117,1,1.0,0.0,0.0,0.0006944444444444445
Drug_3151,358,333.7927426166852,0.9217658339523792,2.1873686895233573e-08,0.24861111111111112
Drug_3152,22,12.118987908643081,0.6103703825531196,0.0,0.012413810086682426
Drug_3155,358,309.13284911401496,0.8754326951131682,2.1873686895233573e-08,0.24861111111111112
Drug_3157,358,336.0804382749446,0.9258880808483457,2.1873686895233573e-08,0.24861111111111112
Drug_3158,358,309.13284911401496,0.8754326951131682,2.1873686895233573e-08,0.24861111111111112
Drug_3168,358,333.61929847194375,0.9214269285226473,2.1873686895233573e-08,0.24861111111111112
Drug_3191,11,5.363735562011424,0.397396902302113,2.480867174307144e-06,0.02939516129032258
Drug_3198,2,1.0,0.6299605249474366,0.0,0.001851851851851852
Drug_3202,22,18.76043956043956,0.8101853033039516,0.0,0.012413810086682426
Drug_3219,73,58.172721722721725,0.7069899529024114,5.083102380002764e-06,0.051193820224719105
Drug_3241,68,49.23547563547563,0.6979852349638701,1.5063898736005674e-06,0.0474609375
Drug_3278,4,2.628205128205128,0.5243973106967769,3.217254780840604e-07,0.002777777777777778
Drug_3308,15,10.7,0.557524309106201,9.5138819947715e-06,0.010185185185185184
Drug_3332,0,0.0,0.0,0.0,0.0
Drug_3339,9,6.506678573829209,0.6914118934575677,0.0,0.00625
Drug_3340,358,338.5118791058311,0.9302464116783354,2.1873686895233573e-08,0.24861111111111112
Drug_3342,15,10.7,0.5575243091062009,9.5138819947715e-06,0.010185185185185184
Drug_3343,358,336.5499944206699,0.9266713860781081,2.1873686895233573e-08,0.24861111111111112
Drug_3345,358,335.3682746707191,0.9245376428903074,2.1873686895233573e-08,0.24861111111111112
Drug_3348,1,1.0,0.0,0.0,0.0006944444444444445
Drug_3355,3,1.9,0.5719091905284664,0.0,0.00248015873015873
Drug_3372,358,332.2019154280484,0.9189247987452132,2.1873686895233573e-08,0.24861111111111112
Drug_3373,9,6.873915558126084,0.7551438956007755,0.0,0.006903594771241829
Drug_3380,9,7.409274935590725,0.7853693023983876,0.0,0.006903594771241829
Drug_3385,1,1.0,0.0,0.0,0.0006944444444444445
Drug_3386,358,306.84785314210023,0.8710979472856037,2.1873686895233573e-08,0.24861111111111112
Drug_3394,19,13.91606824548001,0.6470026927844248,1.4707450426699906e-06,0.013315217391304347
Drug_3404,30,23.388041378910945,0.6999113492697534,1.5644333356175032e-05,0.016669973544973547
Drug_3410,358,338.5118791058311,0.9302464116783354,2.1873686895233573e-08,0.24861111111111112
Drug_3414,1,1.0,0.0,0.0,0.0006944444444444445
Drug_3440,28,18.57398190045249,0.6278175733877837,6.032352714076133e-05,0.020891203703703703
Drug_3446,3,2.428571428571429,0.7990635300581405,0.0,0.0020833333333333333
Drug_3447,0,0.0,0.0,0.0,0.0
Drug_3463,12,5.4,0.5428835233189814,0.0,0.009879032258064515
Drug_3488,1,1.0,0.0,0.0,0.0006944444444444445
Drug_3494,69,49.73088023088023,0.667500148496521,2.0805749953330138e-05,0.047960526315789474
Drug_3510,16,10.425622291531564,0.478161989895516,0.00014633147161523344,0.019890309343434342
Drug_3517,7,4.1,0.32102055228290133,1.415592103569866e-05,0.005263157894736842
Drug_3519,358,338.5118791058311,0.9302464116783351,2.1873686895233573e-08,0.24861111111111112
Drug_3520,1,1.0,0.0,0.0,0.0006944444444444445
Drug_3559,358,305.122312799406,0.8683860117004139,2.1873686895233573e-08,0.24861111111111112
Drug_3598,1,1.0,0.0,0.0,0.0006944444444444445
Drug_3623,73,58.172721722721725,0.7069899529024114,5.083102380002764e-06,0.051193820224719105
Drug_3637,1,1.0,0.0,0.0,0.0006944444444444445
Drug_3639,1,1.0,0.0,0.0,0.0006944444444444445
Drug_3661,73,52.80577755577755,0.6649693634271286,5.083102380002764e-06,0.051193820224719105
Drug_3671,0,0.0,0.0,0.0,0.0
Drug_3672,19,12.003521624574256,0.5910239391174642,1.4707450426699906e-06,0.013315217391304347
Drug_3675,1,1.0,0.0,0.0,0.0006944444444444445
Drug_3676,3,2.0,0.6299605249474366,0.0,0.005421146953405018
Drug_3689,358,319.26931435814066,0.8949174687747574,2.1873686895233573e-08,0.24861111111111112
Drug_3696,358,300.8781313606271,0.8597764552442589,2.1873686895233573e-08,0.24861111111111112
Drug_3702,28,24.04367447318486,0.7985927468237746,1.6407999382287087e-06,0.017906746031746034
Drug_3715,358,281.8398828330121,0.8237245945128732,2.1873686895233573e-08,0.24861111111111112
Drug_3746,73,58.172721722721725,0.7069899529024114,5.083102380002764e-06,0.051193820224719105
Drug_3749,358,338.5118791058311,0.9302464116783353,2.1873686895233573e-08,0.24861111111111112
Drug_3767,4,2.5,0.5866403499649577,0.0,0.0034027777777777776
Drug_3779,358,334.59271513943037,0.9230957450534786,2.1873686895233573e-08,0.24861111111111112
Drug_3784,9,6.585757317419722,0.6870274236263838,0.0,0.010667848699763593
Drug_3825,1,1.0,0.0,0.0,0.0006944444444444445
Drug_3826,13,6.766666666666667,0.49250303883833435,2.252078346588423e-06,0.008197831978319784
Drug_3827,358,331.70843971088595,0.917951964733638,2.1873686895233573e-08,0.24861111111111112
Drug_3830,3,2.25,0.7310044345532164,0.0,0.0020833333333333333
Drug_3869,358,335.8590016919005,0.9254726972743824,2.1873686895233573e-08,0.24861111111111112
Drug_3883,2,1.5,0.6299605249474366,0.0,0.0028356481481481483
Drug_3899,1,1.0,0.0,0.0,0.0006944444444444445
Drug_3902,1,1.0,0.0,0.0,0.0006944444444444445
Drug_3916,358,337.5611442436862,0.9285612640195017,2.1873686895233573e-08,0.24861111111111112
Drug_3947,50,22.61450071256573,0.4964766948360634,6.267409287859994e-06,0.039967105263157894
Drug_3954,358,334.1758529351444,0.9224066241397775,2.1873686895233573e-08,0.24861111111111112
Drug_3957,1,1.0,0.0,0.0,0.0006944444444444445
Drug_3961,358,330.89419282342453,0.9163078867454995,2.1873686895233573e-08,0.24861111111111112
Drug_3964,358,323.9367375428358,0.9036156204431633,2.1873686895233573e-08,0.24861111111111112
Drug_3965,15,10.7,0.5575243091062009,9.5138819947715e-06,0.010185185185185184
Drug_3981,358,338.5118791058311,0.9302464116783353,2.1873686895233573e-08,0.24861111111111112
Drug_3998,28,24.04367447318486,0.7985927468237745,1.6407999382287087e-06,0.017906746031746034
Drug_4011,358,327.1117500279421,0.9095361426582755,2.1873686895233573e-08,0.24861111111111112
Drug_4030,3,2.571428571428571,0.8514838849485784,0.0,0.0020833333333333333
Drug_4032,11,5.8228623188405795,0.3604340785342701,0.00028665740097289785,0.018720291146761735
Drug_4034,73,58.172721722721725,0.7069899529024115,5.083102380002764e-06,0.051193820224719105
Drug_4036,9,5.317367535322125,0.610130126847309,0.0,0.00625
Drug_4042,2,1.0,0.6299605249474366,0.0,0.006380208333333333
Drug_4044,11,5.438095238095238,0.34320976445840246,2.7990116593313253e-05,0.010185185185185184
Drug_4051,19,13.91606824548001,0.6470026927844248,1.4707450426699906e-06,0.013315217391304347
Drug_4054,3,2.428571428571429,0.7990635300581405,0.0,0.00248015873015873
Drug_4057,9,4.733333333333333,0.5612384654064734,0.0,0.027282934131736526
Drug_4058,30,18.86491397941754,0.5945560567790779,1.686121266445769e-05,0.016512709643605867
Drug_4066,73,58.172721722721725,0.7069899529024114,5.083102380002764e-06,0.051193820224719105
Drug_4095,358,308.572120473758,0.8746021004263504,2.1873686895233573e-08,0.24861111111111112
Drug_4100,28,24.04367447318486,0.7985927468237745,1.6407999382287087e-06,0.017906746031746034
Drug_4139,1,1.0,0.0,0.0,0.0006944444444444445
Drug_4140,358,338.5118791058311,0.9302464116783358,2.1873686895233573e-08,0.24861111111111112
Drug_4158,28,21.006681424111406,0.7327057018795156,0.0,0.013946989818503763
Drug_4168,358,301.74072333744004,0.8618002695629936,2.1873686895233573e-08,0.24861111111111112
Drug_4171,358,336.92595255661445,0.927362443855704,2.1873686895233573e-08,0.24861111111111112
Drug_4174,18,9.140820837663242,0.5980221160110862,0.0,0.024260752688172044
Drug_4178,5,2.6,0.22586110949043806,5.791058605513088e-06,0.003472222222222222
Drug_4184,358,280.48440247908496,0.820171318813479,2.1873686895233573e-08,0.24861111111111112
Drug_4189,30,21.597446415030642,0.6647601275927945,1.8089035575959085e-05,0.0325812274368231
Drug_4192,1,0.8,0.0,0.0,0.0006944444444444445
Drug_4197,1,1.0,0.0,0.0,0.0006944444444444445
Drug_4205,358,307.98296785238495,0.8732528724890499,2.1873686895233573e-08,0.24861111111111112
Drug_4211,7,4.666666666666666,0.6841411796547726,0.0,0.0051136363636363645
Drug_4212,14,10.457829784125247,0.7157715680657802,0.0,0.009782608695652175
Drug_4235,5,3.8,0.6800184663232869,0.0,0.003472222222222222
Drug_4236,7,5.666666666666666,0.7669917644892357,0.0,0.0051136363636363645
Drug_4409,3,2.0,0.6299605249474366,0.0,0.005421146953405018
Drug_4413,15,13.10260444551742,0.8211039913847221,4.454660465779299e-07,0.010562865497076024
Drug_4418,6,3.1333333333333333,0.5685082194550792,0.0,0.004166666666666667
Drug_4436,358,338.5118791058311,0.9302464116783357,2.1873686895233573e-08,0.24861111111111112
Drug_4440,5,5.0,1.0,0.0,0.003472222222222222
Drug_4449,358,306.23934775461146,0.8699761358010945,2.1873686895233573e-08,0.24861111111111112
Drug_4456,22,18.76043956043956,0.8101853033039516,0.0,0.012413810086682426
Drug_4473,1,1.0,0.0,0.0,0.0006944444444444445
Drug_4485,9,5.431234106425922,0.608405444166126,0.0,0.010667848699763593
Drug_4495,19,13.659371021135728,0.6405333613901675,1.4707450426699906e-06,0.013315217391304347
Drug_4497,1,1.0,0.0,0.0,0.0006944444444444445
Drug_4507,0,0.0,0.0,0.0,0.0
Drug_4543,358,285.75262479421787,0.830825116107477,2.1873686895233573e-08,0.24861111111111112
Drug_4585,358,293.479000154583,0.8458914383342807,2.1873686895233573e-08,0.24861111111111112
Drug_4595,10,6.2008850956219375,0.6375360862686874,0.0,0.01635838525441329
Drug_4601,57,25.89730273752013,0.4283796280019977,5.512967289650074e-05,0.04258177570093458
Drug_4615,70,50.66729381729382,0.6838023603043824,3.059059799490579e-06,0.04952445652173913
Drug_4631,358,338.5118791058311,0.9302464116783355,2.1873686895233573e-08,0.24861111111111112
Drug_4634,67,38.14503560165325,0.5958399585254498,1.7562474891999767e-06,0.047960526315789474
Drug_4636,358,334.56592999004187,0.9231326906400903,2.1873686895233573e-08,0.24861111111111112
Drug_4639,358,338.5118791058311,0.9302464116783351,2.1873686895233573e-08,0.24861111111111112
Drug_4673,7,6.0,0.8061697987819907,0.0,0.004861111111111111
Drug_4679,1,1.0,0.0,0.0,0.0006944444444444445
Drug_4680,5,3.8784313725490196,0.7781616769820949,0.0,0.0034027777777777776
Drug_4735,15,11.966496534925083,0.7763943307755177,4.454660465779299e-07,0.010562865497076024
Drug_4736,358,330.2589022670536,0.915224542677661,2.1873686895233573e-08,0.24861111111111112
Drug_4740,3,3.0,1.0,0.0,0.0020833333333333333
Drug_4746,59,29.334126984126986,0.5630022662827462,1.1108544766141722e-06,0.04381009615384616
Drug_4747,358,315.8799172173118,0.8885173561881381,2.1873686895233573e-08,0.24861111111111112
Drug_4748,358,333.6548634199096,0.9214243779495772,2.1873686895233573e-08,0.24861111111111112
Drug_4768,358,332.72520032579257,0.9196745749996751,2.1873686895233573e-08,0.24861111111111112
Drug_4771,7,5.666666666666666,0.7669917644892357,0.0,0.0051136363636363645
Drug_4775,3,2.25,0.7310044345532164,0.0,0.0020833333333333333
Drug_4782,1,1.0,0.0,0.0,0.0006944444444444445
Drug_4810,4,2.6285714285714286,0.6292094947991862,0.0,0.004166666666666667
Drug_4828,358,337.02062515546254,0.9275575806475225,2.1873686895233573e-08,0.24861111111111112
Drug_4829,80,70.14843030203677,0.8398356049824233,2.533588139911976e-05,0.04986187845303867
Drug_4830,358,337.5611442436862,0.9285612640195019,2.1873686895233573e-08,0.24861111111111112
Drug_4848,68,48.98547563547563,0.6958701769815575,1.5063898736005674e-06,0.0474609375
Drug_4850,358,338.5118791058311,0.9302464116783358,2.1873686895233573e-08,0.24861111111111112
Drug_4887,0,0.0,0.0,0.0,0.0
Drug_4888,19,13.91606824548001,0.6470026927844248,1.4707450426699906e-06,0.013315217391304347
Drug_4893,358,329.5798477158909,0.9139180219627596,2.1873686895233573e-08,0.24861111111111112
Drug_4908,1,1.0,0.0,0.0,0.0006944444444444445
Drug_4911,5,3.6666666666666665,0.7631428283688878,0.0,0.003472222222222222
Drug_4913,22,15.989459815546772,0.7323915287883386,0.0,0.012413810086682426
Drug_4917,358,321.27568525157733,0.8987042908828029,2.1873686895233573e-08,0.24861111111111112
Drug_4919,73,58.172721722721725,0.7069899529024115,5.083102380002764e-06,0.051193820224719105
Drug_4926,358,326.48954737270105,0.9083761816887107,2.1873686895233573e-08,0.24861111111111112
Drug_4927,358,327.94287021681413,0.9110613651588125,2.1873686895233573e-08,0.24861111111111112
Drug_4932,1,1.0,0.0,0.0,0.0006944444444444445
Drug_4946,358,332.58276338247634,0.9195089913470528,2.1873686895233573e-08,0.24861111111111112
Drug_4976,358,328.8160045071392,0.9126777952141681,2.1873686895233573e-08,0.24861111111111112
Drug_4991,22,18.76043956043956,0.8101853033039514,0.0,0.012413810086682426
Drug_4992,11,5.390618640618641,0.47103738375882875,3.2172547808406047e-07,0.02939516129032258
Drug_4993,7,3.571428571428571,0.5684367439851987,0.0,0.0051136363636363645
Drug_5002,358,295.8829114620648,0.8505103063500504,2.1873686895233573e-08,0.24861111111111112
Drug_5029,1,0.6666666666666666,0.0,0.0,0.0006944444444444445
Drug_5032,3,1.6,0.5864012532015569,0.0,0.004
Drug_5035,80,46.3014219058163,0.634019169786657,5.2602115666743885e-05,0.04986187845303867
Drug_5070,1,1.0,0.0,0.0,0.0006944444444444445
Drug_5073,358,322.6117032041734,0.9011913197490261,2.1873686895233573e-08,0.24861111111111112
Drug_5078,358,338.5118791058311,0.9302464116783359,2.1873686895233573e-08,0.24861111111111112
Drug_5090,358,321.4305298328122,0.8988453730774726,2.1873686895233573e-08,0.24861111111111112
Drug_5095,358,337.5611442436862,0.9285612640195016,2.1873686895233573e-08,0.24861111111111112
Drug_5152,358,338.5118791058311,0.9302464116783354,2.1873686895233573e-08,0.24861111111111112
Drug_5184,73,58.172721722721725,0.7069899529024111,5.083102380002764e-06,0.051193820224719105
Drug_5210,9,5.666666666666666,0.45157906521090374,5.791058605513088e-06,0.00625
Drug_5212,5,3.9831932773109244,0.7896448310019831,0.0,0.0034027777777777776
Drug_5213,20,14.6,0.5657295844793985,4.211678985827701e-06,0.013920454545454547
Drug_5238,1,1.0,0.0,0.0,0.0006944444444444445
Drug_5245,7,6.0,0.8061697987819907,0.0,0.004861111111111111
Drug_5253,2,1.4615384615384617,0.5972258520504852,0.0,0.002702702702702703
Drug_5291,14,9.3458058066865,0.667385460873329,0.0,0.009782608695652175
Drug_5311,3,2.8181818181818183,0.9384364685966974,0.0,0.00248015873015873
Drug_5314,24,16.792572463768117,0.6231239171906515,0.0002246448150721952,0.015024439675727228
Drug_5318,4,2.4333333333333336,0.4058142183487423,9.651764342521813e-07,0.002777777777777778
Drug_5333,28,18.57398190045249,0.6278175733877835,6.032352714076133e-05,0.020891203703703703
Drug_5355,358,309.18371069703,0.8759751138813369,2.1873686895233573e-08,0.24861111111111112
Drug_5357,358,338.5118791058311,0.9302464116783355,2.1873686895233573e-08,0.24861111111111112
Drug_5358,358,337.02062515546254,0.9275575806475226,2.1873686895233573e-08,0.24861111111111112
Drug_5359,12,7.3999999999999995,0.6344739543360141,0.0,0.008002645502645503
Drug_5378,358,338.5118791058311,0.9302464116783357,2.1873686895233573e-08,0.24861111111111112
Drug_5381,3,3.0,1.0,0.0,0.0020833333333333333
Drug_5401,358,337.14684019849136,0.9277788219798814,2.1873686895233573e-08,0.24861111111111112
Drug_5411,2,1.4,0.5428835233189813,0.0,0.002170138888888889
Drug_5430,1,1.0,0.0,0.0,0.0006944444444444445
Drug_5452,358,322.59496392381544,0.901158761355647,2.1873686895233573e-08,0.24861111111111112
Drug_5454,358,331.70843971088595,0.917951964733638,2.1873686895233573e-08,0.24861111111111112
Drug_5467,358,338.5118791058311,0.9302464116783358,2.1873686895233573e-08,0.24861111111111112
Drug_5472,31,23.61583451534367,0.6687805342141497,2.4008784372705806e-05,0.03269927536231884
Drug_5487,358,338.5118791058311,0.9302464116783358,2.1873686895233573e-08,0.24861111111111112
Drug_5508,13,8.25,0.5683744927981634,2.252078346588423e-06,0.008197831978319784
Drug_5523,12,7.2,0.6577665716683206,0.0,0.008333333333333333
Drug_5524,358,314.42192662382274,0.8855926579355649,2.1873686895233573e-08,0.24861111111111112
Drug_5530,0,0.0,0.0,0.0,0.0
Drug_5533,358,313.7068173680585,0.8842354842584371,2.1873686895233573e-08,0.24861111111111112
Drug_5546,10,8.847645879766622,0.8619520816003444,0.0,0.006944444444444444
Drug_5556,9,7.064935064935065,0.7634988297810914,0.0,0.006903594771241829
Drug_5560,26,15.708732057416269,0.6632929407556561,0.0,0.01728927203065134
Drug_5566,358,315.5499075253226,0.8880161946762059,2.1873686895233573e-08,0.24861111111111112
Drug_5572,73,58.172721722721725,0.7069899529024114,5.083102380002764e-06,0.051193820224719105
Drug_5578,10,8.640931259352312,0.8498934444070166,0.0,0.006944444444444444
Drug_5582,9,6.9523809523809526,0.6364083901557671,8.043136952101511e-07,0.00625
Drug_5584,3,2.0,0.6299605249474366,0.0,0.00375
Drug_5591,78,59.35807668355607,0.7960295592553052,0.0,0.049316939890710385
Drug_5593,66,43.36650016650017,0.6683746129120726,4.524864053221082e-07,0.04649234693877551
Drug_5656,358,312.7630212668581,0.8824861582559236,2.1873686895233573e-08,0.24861111111111112
Drug_5709,358,338.5118791058311,0.9302464116783355,2.1873686895233573e-08,0.24861111111111112
Drug_5717,1,1.0,0.0,0.0,0.0006944444444444445
Drug_5732,13,7.482342219184324,0.34873908341605964,1.7373175816539263e-05,0.009027777777777777
Drug_5734,26,16.48334018922254,0.6834744594721307,0.0,0.01728927203065134
Drug_5736,358,296.62089919023714,0.8519454626789101,2.1873686895233573e-08,0.24861111111111112
Drug_5743,78,70.96156050360028,0.8945649040360144,0.0,0.049316939890710385
Drug_5754,1,1.0,0.0,0.0,0.0006944444444444445
Drug_5755,78,70.96156050360028,0.8945649040360137,0.0,0.049316939890710385
Drug_5756,31,23.970971635786945,0.675309610142834,2.4008784372705806e-05,0.03269927536231884
Drug_5757,78,55.87608441245822,0.7645701562812233,0.0,0.049316939890710385
Drug_5768,16,6.8657297657099345,0.5543121769974104,0.0,0.024131016042780746
Drug_5770,1,1.0,0.0,0.0,0.0006944444444444445
Drug_5775,358,337.14684019849136,0.9277788219798825,2.1873686895233573e-08,0.24861111111111112
Drug_5780,1,0.5714285714285714,0.0,0.0,0.000925925925925926
Drug_5815,358,334.60607095259525,0.9231201713879043,2.1873686895233573e-08,0.24861111111111112
Drug_5819,0,0.0,0.0,0.0,0.0
Drug_5825,358,333.38377126691125,0.921035843229378,2.1873686895233573e-08,0.24861111111111112
Drug_5832,82,72.68571671723018,0.8152231194748981,0.0002895529302756544,0.05976821192052979
Drug_5833,80,71.84044232128477,0.85173128070907,5.2602115666743885e-05,0.04986187845303867
Drug_5870,5,3.0,0.6299605249474366,0.0,0.003472222222222222
Drug_5909,66,43.09377289377289,0.6655927196664982,4.524864053221082e-07,0.04649234693877551
Drug_5920,78,67.53968046262779,0.8660556484164064,0.0,0.049316939890710385
Drug_5959,358,338.5118791058311,0.9302464116783353,2.1873686895233573e-08,0.24861111111111112
Drug_5961,1,0.8378378378378378,0.0,0.0,0.0006944444444444445
Drug_5978,7,5.20457957957958,0.7265001974898914,0.0,0.004861111111111111
Drug_5983,22,17.68856143856144,0.7806323097807157,0.0,0.012413810086682426
Drug_5994,80,45.802261480453076,0.6285352427030586,2.533588139911976e-05,0.04986187845303867
Drug_5995,82,72.57974232178209,0.8144241953298988,0.0002895529302756544,0.05976821192052979
Drug_6005,358,338.5118791058311,0.9302464116783351,2.1873686895233573e-08,0.24861111111111112
Drug_6010,78,72.80534406334554,0.9097096233957781,0.0,0.049316939890710385
Drug_6013,34,18.63792374978333,0.4177540750576988,0.0005607675083005173,0.04558080808080808
Drug_6018,1,1.0,0.0,0.0,0.0006944444444444445
Drug_6037,1,1.0,0.0,0.0,0.0006944444444444445
Drug_6049,1,1.0,0.0,0.0,0.0006944444444444445
Drug_6167,7,4.435988620199146,0.658069533893074,0.0,0.004861111111111111
Drug_6215,78,72.80534406334554,0.909709623395778,0.0,0.049316939890710385
Drug_6230,78,72.80534406334554,0.909709623395778,0.0,0.049316939890710385
Drug_6234,5,3.303571428571429,0.41261041996963393,1.9303528685043627e-06,0.003472222222222222
Drug_6238,34,18.979143414040088,0.4226600689107495,0.0005607675083005173,0.04558080808080808
Drug_6251,1,0.7142857142857143,0.0,0.0,0.000925925925925926
Drug_6252,0,0.0,0.0,0.0,0.0
Drug_6279,82,72.68571671723018,0.8152231194748981,0.0002895529302756544,0.05976821192052979
Drug_6322,14,8.488980996827182,0.6757805397947837,0.0,0.009122474747474747
Drug_6436,78,72.80534406334554,0.9097096233957781,0.0,0.049316939890710385
Drug_6468,3,1.875,0.5763045365073057,0.0,0.00248015873015873
Drug_6503,1,1.0,0.0,0.0,0.0006944444444444445
Drug_6726,72,36.23263035983624,0.49672617131782765,3.71329000914542e-05,0.050625
Drug_8223,358,336.67092594630986,0.9268960757391568,2.1873686895233573e-08,0.24861111111111112
Drug_8226,358,336.92595255661445,0.927362443855704,2.1873686895233573e-08,0.24861111111111112
Drug_8230,358,338.5118791058311,0.9302464116783358,2.1873686895233573e-08,0.24861111111111112
Drug_8378,7,3.5709439865689863,0.4251558081739554,2.3646822639178444e-05,0.005787037037037037
Drug_9642,78,72.80534406334554,0.909709623395778,0.0,0.049316939890710385
Drug_9651,22,18.76043956043956,0.8101853033039513,0.0,0.012413810086682426
Drug_9681,358,325.03579866255274,0.9056153449374998,2.1873686895233573e-08,0.24861111111111112
Drug_9878,78,72.80534406334554,0.909709623395778,0.0,0.049316939890710385
Drug_9880,358,280.6728267450744,0.8213626482377797,2.1873686895233573e-08,0.24861111111111112
Drug_9904,78,72.80534406334554,0.909709623395778,0.0,0.049316939890710385
Drug_10133,0,0.0,0.0,0.0,0.0
Drug_10531,358,336.67092594630986,0.9268960757391577,2.1873686895233573e-08,0.24861111111111112
Drug_10607,7,5.321915900863269,0.7352897481728237,0.0,0.004861111111111111
Drug_10660,71,38.53966866466866,0.5543181294312013,3.438358258912609e-06,0.050068681318681314
Drug_10836,358,336.4995943390743,0.9265769511235021,2.1873686895233573e-08,0.24861111111111112
Drug_10917,2,1.7321428571428572,0.8254818122236567,0.0,0.001388888888888889
Drug_11683,78,72.80534406334554,0.909709623395778,0.0,0.049316939890710385
Drug_12035,1,1.0,0.0,0.0,0.0006944444444444445
Drug_12560,1,1.0,0.0,0.0,0.0006944444444444445
Drug_13109,0,0.0,0.0,0.0,0.0
Drug_13342,7,5.257101086048454,0.7302995880554315,0.0,0.004861111111111111
Drug_15209,78,72.80534406334554,0.9097096233957781,0.0,0.049316939890710385
Drug_15541,8,6.443948412698413,0.6713007000637007,3.474635163307853e-06,0.0048828125
Drug_16078,354,176.7953255908838,0.610336193074983,0.0,0.24586402701043586
Drug_16124,1,1.0,0.0,0.0,0.0006944444444444445
Drug_16230,1,1.0,0.0,0.0,0.0006944444444444445
Drug_16362,358,300.4221402336496,0.8594909999090026,2.1873686895233573e-08,0.24861111111111112
Drug_18381,20,14.6,0.5657295844793985,4.211678985827701e-06,0.013920454545454547
Drug_21109,2,1.6071428571428572,0.8254818122236567,0.0,0.001388888888888889
Drug_21800,78,72.80534406334554,0.9097096233957781,0.0,0.049316939890710385
Drug_21855,73,58.172721722721725,0.7069899529024114,5.083102380002764e-06,0.051193820224719105
Drug_23897,358,337.5611442436862,0.9285612640195017,2.1873686895233573e-08,0.24861111111111112
Drug_23925,2,1.4710982658959537,0.605444498269235,0.0,0.005902777777777778
Drug_23926,1,1.0,0.0,0.0,0.0006944444444444445
Drug_23951,1,1.0,0.0,0.0,0.0006944444444444445
Drug_23982,1,1.0,0.0,0.0,0.0006944444444444445
Drug_23985,14,8.391537355134808,0.6264567938776247,0.0,0.009782608695652175
Drug_23993,1,1.0,0.0,0.0,0.0006944444444444445
Drug_23994,1,0.9996512033484478,0.0,0.0,0.0006944444444444445
Drug_24450,1,1.0,0.0,0.0,0.0006944444444444445
Drug_25096,20,14.6,0.5657295844793985,4.211678985827701e-06,0.013920454545454547
Drug_26757,5,2.6,0.5428835233189812,0.0,0.003472222222222222
Drug_26986,358,328.3668651929968,0.9118291802356736,2.1873686895233573e-08,0.24861111111111112
Drug_27400,358,337.30774807356244,0.9280988345922634,2.1873686895233573e-08,0.24861111111111112
Drug_27991,358,338.5118791058311,0.9302464116783358,2.1873686895233573e-08,0.24861111111111112
Drug_28417,82,72.69946648396429,0.8154346236562267,0.0002895529302756544,0.05976821192052979
Drug_28864,358,335.9889317636078,0.925697582319725,2.1873686895233573e-08,0.24861111111111112
Drug_30323,3,1.8,0.5428835233189813,0.0,0.00248015873015873
Drug_31100,358,336.67092594630986,0.9268960757391566,2.1873686895233573e-08,0.24861111111111112
Drug_31703,1,1.0,0.0,0.0,0.0006944444444444445
Drug_32798,78,72.80534406334554,0.9097096233957781,0.0,0.049316939890710385
Drug_33036,71,45.68499833499833,0.6267990299317904,3.438358258912609e-06,0.050068681318681314
Drug_33624,6,3.9,0.6342304742441792,0.0,0.004166666666666667
Drug_34359,1,1.0,0.0,0.0,0.0006944444444444445
Drug_35370,1,1.0,0.0,0.0,0.0006944444444444445
Drug_36462,1,1.0,0.0,0.0,0.0006944444444444445
Drug_36811,358,295.7695709443623,0.8506579407805444,2.1873686895233573e-08,0.24861111111111112
Drug_38852,4,2.9444444444444446,0.7107583193840109,0.0,0.002777777777777778
Drug_39042,3,2.083333333333333,0.6644894249462313,0.0,0.0020833333333333333
Drug_39186,9,6.347058823529411,0.6716854498172551,0.0,0.010667848699763593
Drug_39468,6,4.333333333333333,0.6793165896168124,0.0,0.004166666666666667
Drug_39860,358,338.5118791058311,0.9302464116783351,2.1873686895233573e-08,0.24861111111111112
Drug_41693,358,336.5015174763538,0.9265794076585916,2.1873686895233573e-08,0.24861111111111112
Drug_42890,3,3.0,1.0,0.0,0.0020833333333333333
Drug_43008,358,336.42093111549406,0.9264227829139867,2.1873686895233573e-08,0.24861111111111112
Drug_43815,24,12.524292722226791,0.5934619053791736,0.0,0.024658469945355192
Drug_44093,1,0.6470588235294118,0.0,0.0,0.0006944444444444445
Drug_44257,10,8.21327291628583,0.8238970404090349,0.0,0.006944444444444444
Drug_47811,358,335.57762584266703,0.9249196257775703,2.1873686895233573e-08,0.24861111111111112
Drug_47964,1,1.0,0.0,0.0,0.0006944444444444445
Drug_51263,358,338.5118791058311,0.9302464116783354,2.1873686895233573e-08,0.24861111111111112
Drug_51634,3,2.388888888888889,0.7839224896538108,0.0,0.0022222222222222222
Drug_53232,1,1.0,0.0,0.0,0.0006944444444444445
Drug_54384,358,338.5118791058311,0.9302464116783351,2.1873686895233573e-08,0.24861111111111112
Drug_54454,3,1.8,0.5428835233189813,0.0,0.00248015873015873
Drug_54687,12,6.5,0.6299605249474367,0.0,0.009879032258064515
Drug_54746,2,1.4583333333333333,0.5944577074773587,0.0,0.001388888888888889
Drug_54840,32,18.008014269363827,0.5180163694456706,3.250554602063272e-05,0.01683026175213675
Drug_55245,78,61.69405062134864,0.8161516943084499,0.0,0.049316939890710385
Drug_55283,2,1.251131221719457,0.5730795009521813,0.0,0.001388888888888889
Drug_55480,30,23.388041378910945,0.6999113492697534,1.5644333356175032e-05,0.016669973544973547
Drug_57363,1,1.0,0.0,0.0,0.0006944444444444445
Drug_57469,1,1.0,0.0,0.0,0.0006944444444444445
Drug_57537,0,0.0,0.0,0.0,0.0
Drug_59226,358,338.5118791058311,0.9302464116783351,2.1873686895233573e-08,0.24861111111111112
Drug_60164,3,3.0,1.0,0.0,0.0020833333333333333
Drug_60490,4,2.7777777777777777,0.6903573228367961,0.0,0.002777777777777778
Drug_60606,31,24.311718083527772,0.6813125813692298,2.4008784372705806e-05,0.03269927536231884
Drug_60648,30,23.388041378910945,0.6999113492697532,1.5644333356175032e-05,0.016669973544973547
Drug_60699,3,1.8,0.5428835233189813,0.0,0.00248015873015873
Drug_60726,12,7.3999999999999995,0.6344739543360142,0.0,0.008002645502645503
Drug_60749,1,1.0,0.0,0.0,0.0006944444444444445
Drug_60795,358,313.82805501480976,0.8847538455835341,2.1873686895233573e-08,0.24861111111111112
Drug_60822,1,1.0,0.0,0.0,0.0006944444444444445
Drug_60825,1,1.0,0.0,0.0,0.0006944444444444445
Drug_60834,30,17.669182475912287,0.5668376712360054,1.686121266445769e-05,0.016512709643605867
Drug_60837,3,1.8571428571428572,0.5684367439851987,0.0,0.00248015873015873
Drug_60846,358,338.5118791058311,0.9302464116783353,2.1873686895233573e-08,0.24861111111111112
Drug_60852,1,1.0,0.0,0.0,0.0006944444444444445
Drug_60853,358,306.9526760923267,0.8712838856778565,2.1873686895233573e-08,0.24861111111111112
Drug_60855,1,1.0,0.0,0.0,0.0006944444444444445
Drug_60857,5,5.0,1.0,0.0,0.003472222222222222
Drug_60934,1,1.0,0.0,0.0,0.0006944444444444445
Drug_60946,1,1.0,0.0,0.0,0.0006944444444444445
Drug_60961,358,253.89656168162065,0.7685041780275048,2.1873686895233573e-08,0.24861111111111112
Drug_62865,4,1.8333333333333335,0.5543629227799658,0.0,0.02778201219512195
Drug_62956,19,18.666666666666668,0.9750676661440935,0.0,0.013194444444444444
Drug_63009,28,15.893537424944748,0.6086447067342984,0.0,0.013946989818503763
Drug_64142,1,1.0,0.0,0.0,0.0006944444444444445
Drug_64730,1,1.0,0.0,0.0,0.0006944444444444445
Drug_64929,9,6.824036859826333,0.7122368218393391,0.0,0.00625
Drug_65014,358,338.5118791058311,0.9302464116783353,2.1873686895233573e-08,0.24861111111111112
Drug_65016,1,1.0,0.0,0.0,0.0006944444444444445
Drug_65856,30,22.635207812052286,0.6698183649374226,1.686121266445769e-05,0.016512709643605867
Drug_65981,1,1.0,0.0,0.0,0.0006944444444444445
Drug_65999,358,330.8753800167055,0.9162761220210082,2.1873686895233573e-08,0.24861111111111112
Drug_66370,0,0.0,0.0,0.0,0.0
Drug_68712,7,4.1,0.32102055228290133,1.415592103569866e-05,0.005263157894736842
Drug_68740,7,4.0,0.6299605249474366,0.0,0.004861111111111111
Drug_68844,28,24.04367447318486,0.7985927468237745,1.6407999382287087e-06,0.017906746031746034
Drug_68942,4,3.0,0.7253154204904292,0.0,0.002777777777777778
Drug_71113,0,0.0,0.0,0.0,0.0
Drug_71348,358,338.5118791058311,0.9302464116783355,2.1873686895233573e-08,0.24861111111111112
Drug_71360,358,331.70843971088595,0.9179519647336374,2.1873686895233573e-08,0.24861111111111112
Drug_71414,78,72.80534406334554,0.9097096233957781,0.0,0.049316939890710385
Drug_71616,1,1.0,0.0,0.0,0.0006944444444444445
Drug_71771,3,1.5714285714285714,0.5935665634256707,0.0,0.0022222222222222222
Drug_72022,19,18.666666666666668,0.9750676661440935,0.0,0.013194444444444444
Drug_72054,73,58.172721722721725,0.7069899529024113,5.083102380002764e-06,0.051193820224719105
Drug_77990,22,18.76043956043956,0.8101853033039514,0.0,0.012413810086682426
Drug_77992,5,5.0,1.0,0.0,0.003472222222222222
Drug_77998,358,277.97795845169435,0.8161099230485038,2.1873686895233573e-08,0.24861111111111112
Drug_82146,78,72.80534406334554,0.909709623395778,0.0,0.049316939890710385
Drug_82148,3,1.8,0.5428835233189813,0.0,0.0020833333333333333
Drug_82153,78,72.80534406334554,0.9097096233957781,0.0,0.049316939890710385
Drug_83786,0,0.0,0.0,0.0,0.0
Drug_84003,15,10.7,0.557524309106201,9.5138819947715e-06,0.010185185185185184
Drug_84029,12,6.5,0.6299605249474367,0.0,0.009879032258064515
Drug_89594,16,10.366336657500515,0.4768001454085771,0.00014633147161523344,0.019890309343434342
Drug_91429,31,22.6825879671517,0.6515692724024361,2.4008784372705806e-05,0.03269927536231884
Drug_92253,2,2.0,1.0,0.0,0.001388888888888889
Drug_92721,15,13.10260444551742,0.8211039913847221,4.454660465779299e-07,0.010562865497076024
Drug_104741,78,72.80534406334554,0.9097096233957781,0.0,0.049316939890710385
Drug_104758,9,6.9523809523809526,0.6364083901557672,8.043136952101511e-07,0.00625
Drug_104849,358,332.64540898345007,0.9195340417453057,2.1873686895233573e-08,0.24861111111111112
Drug_104865,358,338.5118791058311,0.9302464116783359,2.1873686895233573e-08,0.24861111111111112
Drug_107969,1,1.0,0.0,0.0,0.0006944444444444445
Drug_110634,1,0.8,0.0,0.0,0.0020016339869281044
Drug_110635,6,4.492640692640692,0.5699262879650218,3.860705737008725e-06,0.004253472222222223
Drug_115237,358,335.15852852376617,0.9242400142818897,2.1873686895233573e-08,0.24861111111111112
Drug_115355,1,1.0,0.0,0.0,0.0006944444444444445
Drug_119569,358,338.5118791058311,0.9302464116783351,2.1873686895233573e-08,0.24861111111111112
Drug_119607,28,20.95657894736842,0.7303787053407638,1.6407999382287087e-06,0.017906746031746034
Drug_119828,8,4.2,0.24642150443421054,3.4746351633078526e-05,0.007816537467700259
Drug_121749,9,6.9523809523809526,0.6364083901557671,8.043136952101511e-07,0.00625
Drug_121892,1,1.0,0.0,0.0,0.0006944444444444445
Drug_123619,1,1.0,0.0,0.0,0.0006944444444444445
Drug_123631,1,1.0,0.0,0.0,0.0006944444444444445
Drug_124087,57,26.51636634567379,0.4258488956215719,6.584984711244665e-05,0.04258177570093458
Drug_125017,358,314.42192662382274,0.8855926579355654,2.1873686895233573e-08,0.24861111111111112
Drug_126941,10,7.9110275689223055,0.8048380044522822,0.0,0.006944444444444444
Drug_129211,358,338.5118791058311,0.9302464116783357,2.1873686895233573e-08,0.24861111111111112
Drug_130881,20,14.6,0.5657295844793985,4.211678985827701e-06,0.013920454545454547
Drug_132971,31,24.511670924722324,0.6847914883771383,2.4008784372705806e-05,0.03269927536231884
Drug_132999,1,1.0,0.0,0.0,0.0006944444444444445
Drug_134018,7,5.333333333333333,0.7045340615681149,0.0,0.004861111111111111
Drug_146570,30,21.553671882952315,0.6656797202344923,1.5644333356175032e-05,0.016669973544973547
Drug_148123,2,1.8805970149253732,0.9187234590417674,0.0,0.001388888888888889
Drug_148192,20,14.6,0.5657295844793985,4.211678985827701e-06,0.013920454545454547
Drug_149096,1,1.0,0.0,0.0,0.0006944444444444445
Drug_149436,1,0.47368421052631576,0.0,0.0,0.0006944444444444445
Drug_150311,1,1.0,0.0,0.0,0.0006944444444444445
Drug_151171,358,338.5118791058311,0.9302464116783355,2.1873686895233573e-08,0.24861111111111112
Drug_154058,73,58.172721722721725,0.7069899529024115,5.083102380002764e-06,0.051193820224719105
Drug_154100,30,23.388041378910945,0.6999113492697532,1.5644333356175032e-05,0.016669973544973547
Drug_154256,5,4.0,0.7409723674632056,0.0,0.003472222222222222
Drug_154417,73,58.172721722721725,0.7069899529024111,5.083102380002764e-06,0.051193820224719105
Drug_156391,17,8.734128586598636,0.4521100484469332,1.7373175816539263e-05,0.01225
Drug_158781,358,338.5118791058311,0.9302464116783358,2.1873686895233573e-08,0.24861111111111112
Drug_163091,358,323.0158930119718,0.9019216479063534,2.1873686895233573e-08,0.24861111111111112
Drug_163296,1,1.0,0.0,0.0,0.0006944444444444445
Drug_165579,8,6.443948412698413,0.6713007000637007,3.474635163307853e-06,0.0048828125
Drug_170361,16,10.611419546636938,0.4833767877072536,0.00014633147161523344,0.019890309343434342
Drug_174174,24,13.910501586487122,0.5458724040775218,0.0002246448150721952,0.015024439675727228
Drug_176870,1,1.0,0.0,0.0,0.0006944444444444445
Drug_193962,5,2.6,0.32573011399138874,1.9303528685043627e-06,0.003472222222222222
Drug_208898,1,1.0,0.0,0.0,0.0006944444444444445
Drug_208902,3,1.8,0.5428835233189813,0.0,0.0020833333333333333
Drug_208908,1,1.0,0.0,0.0,0.0006944444444444445
Drug_213046,358,338.5118791058311,0.9302464116783358,2.1873686895233573e-08,0.24861111111111112
Drug_216210,1,1.0,0.0,0.0,0.0006944444444444445
Drug_216237,358,338.5118791058311,0.9302464116783354,2.1873686895233573e-08,0.24861111111111112
Drug_216239,16,10.474247544513943,0.5986048408471866,9.651764342521813e-07,0.010714285714285714
Drug_216416,5,4.0,0.7409723674632056,0.0,0.003472222222222222
Drug_219024,2,1.5,0.6299605249474366,0.0,0.001388888888888889
Drug_219078,13,6.618595724762053,0.3342826121006773,0.00011196046637325304,0.015427350427350429
Drug_221493,9,4.832068923943955,0.5518669526445029,0.0,0.03155594405594405
Drug_383413,0,0.0,0.0,0.0,0.0
Drug_387447,1,1.0,0.0,0.0,0.0006944444444444445
Drug_392622,1,1.0,0.0,0.0,0.0006944444444444445
Drug_439260,358,334.55494359815026,0.9230245300941183,2.1873686895233573e-08,0.24861111111111112
Drug_439302,358,338.5118791058311,0.9302464116783351,2.1873686895233573e-08,0.24861111111111112
Drug_439693,1,1.0,0.0,0.0,0.0006944444444444445
Drug_441277,358,338.5118791058311,0.9302464116783359,2.1873686895233573e-08,0.24861111111111112
Drug_441314,4,2.8166666666666664,0.48244183204673563,9.651764342521813e-07,0.002777777777777778
Drug_441336,13,7.0,0.5411199380958751,9.169176125395723e-06,0.010560344827586207
Drug_441383,5,2.6,0.3145304554601283,8.686587908269631e-06,0.004166666666666667
Drug_441401,6,3.9047743371787087,0.4746692938522923,1.9303528685043628e-05,0.004734848484848484
Drug_443872,1,1.0,0.0,0.0,0.0006944444444444445
Drug_443878,70,51.06117771117771,0.6872282183101868,2.937284844046491e-06,0.04952445652173913
Drug_443884,358,338.5118791058311,0.9302464116783357,2.1873686895233573e-08,0.24861111111111112
Drug_443943,78,72.80534406334554,0.9097096233957781,0.0,0.049316939890710385
Drug_443953,20,14.6,0.5657295844793985,4.211678985827701e-06,0.013920454545454547
Drug_444008,78,71.14073472166217,0.8961562674827568,0.0,0.049316939890710385
Drug_444030,73,58.172721722721725,0.7069899529024113,5.083102380002764e-06,0.051193820224719105
Drug_444036,78,72.80534406334554,0.9097096233957781,0.0,0.049316939890710385
Drug_444412,1,1.0,0.0,0.0,0.0006944444444444445
Drug_444795,80,46.40695321102259,0.6340010486512255,2.533588139911976e-05,0.04986187845303867
Drug_445226,0,0.0,0.0,0.0,0.0
Drug_445354,9,5.5734704090890705,0.6290313472827913,0.0,0.00625
Drug_445643,3,2.1199515861893232,0.6209581915692954,0.0,0.0020833333333333333
Drug_446155,1,1.0,0.0,0.0,0.0006944444444444445
Drug_446220,27,13.03290096211902,0.2846822554638151,0.0003723806883395869,0.01912947783849423
Drug_446284,17,9.952380952380953,0.5916727503374061,2.757646955006232e-07,0.011342592592592593
Drug_446541,1,1.0,0.0,0.0,0.0006944444444444445
Drug_449171,78,72.80534406334554,0.9097096233957781,0.0,0.049316939890710385
Drug_468595,31,24.511670924722324,0.6847914883771383,2.4008784372705806e-05,0.03269927536231884
Drug_638678,358,338.5118791058311,0.9302464116783358,2.1873686895233573e-08,0.24861111111111112
Drug_644241,1,1.0,0.0,0.0,0.0006944444444444445
Drug_656926,22,15.521739130434783,0.7193387182514157,0.0,0.012413810086682426
Drug_657180,358,338.5118791058311,0.9302464116783352,2.1873686895233573e-08,0.24861111111111112
Drug_657237,358,338.5118791058311,0.9302464116783352,2.1873686895233573e-08,0.24861111111111112
Drug_667490,7,4.466666666666667,0.6355744044322907,0.0,0.004861111111111111
Drug_969472,3,2.0,0.6299605249474366,0.0,0.0020833333333333333
Drug_1548886,4,2.541125541125541,0.5125420243327652,3.217254780840604e-07,0.002777777777777778
Drug_1548943,1,1.0,0.0,0.0,0.0006944444444444445
Drug_1548952,6,3.334175017754281,0.5556876159233181,0.0,0.025596910112359553
Drug_1548954,0,0.0,0.0,0.0,0.0
Drug_1549007,1,1.0,0.0,0.0,0.0006944444444444445
Drug_2723601,10,8.52518315018315,0.842755502272612,0.0,0.006944444444444444
Drug_2724385,1,1.0,0.0,0.0,0.0006944444444444445
Drug_2733525,5,2.7442528735632186,0.5369484512008819,0.0,0.031120689655172413
Drug_3000226,6,5.0625,0.8707274709853271,0.0,0.0038109756097560975
Drug_3001028,12,5.4,0.5428835233189814,0.0,0.009879032258064515
Drug_3002190,20,14.6,0.5657295844793985,4.211678985827701e-06,0.013920454545454547
Drug_3007855,1,1.0,0.0,0.0,0.0006944444444444445
Drug_3010818,3,2.4,0.7883735163105242,0.0,0.0020833333333333333
Drug_3034010,1,1.0,0.0,0.0,0.0006944444444444445
Drug_3036780,3,1.3,0.4682191331105783,0.0,0.0030303030303030303
Drug_3052775,5,3.8,0.6800184663232869,0.0,0.003472222222222222
Drug_3062316,17,10.70738296384972,0.5273415124751236,1.54428229480349e-05,0.011842105263157895
Drug_3081361,1,1.0,0.0,0.0,0.0006944444444444445
Drug_3083544,358,338.5118791058311,0.9302464116783352,2.1873686895233573e-08,0.24861111111111112
Drug_4369359,5,4.066666666666666,0.6513511084898843,6.434509561681208e-07,0.003472222222222222
Drug_4659569,3,3.0,1.0,0.0,0.0020833333333333333
Drug_5280360,358,338.5118791058311,0.9302464116783357,2.1873686895233573e-08,0.24861111111111112
Drug_5280363,358,316.2666255703998,0.8892109386018114,2.1873686895233573e-08,0.24861111111111112
Drug_5280453,78,72.80534406334554,0.9097096233957779,0.0,0.049316939890710385
Drug_5280723,358,316.2666255703998,0.8892109386018117,2.1873686895233573e-08,0.24861111111111112
Drug_5281004,78,70.96156050360028,0.8945649040360137,0.0,0.049316939890710385
Drug_5281034,78,72.80534406334554,0.909709623395778,0.0,0.049316939890710385
Drug_5281037,358,338.5118791058311,0.9302464116783358,2.1873686895233573e-08,0.24861111111111112
Drug_5281040,1,1.0,0.0,0.0,0.0006944444444444445
Drug_5281071,73,58.172721722721725,0.7069899529024113,5.083102380002764e-06,0.051193820224719105
Drug_5281081,3,3.0,1.0,0.0,0.0020833333333333333
Drug_5282379,9,6.27729859766473,0.680319220505677,0.0,0.00625
Drug_5282380,3,1.3,0.4682191331105783,0.0,0.0030303030303030303
Drug_5282381,358,338.5118791058311,0.9302464116783351,2.1873686895233573e-08,0.24861111111111112
Drug_5282593,69,49.73088023088023,0.6675001484965211,2.0805749953330138e-05,0.047960526315789474
Drug_5284549,28,24.04367447318486,0.7985927468237745,1.6407999382287087e-06,0.017906746031746034
Drug_5284569,12,7.8,0.6930603222166447,0.0,0.008333333333333333
Drug_5284570,12,10.533333333333333,0.8369454456183821,0.0,0.008333333333333333
Drug_5284594,358,338.5118791058311,0.9302464116783357,2.1873686895233573e-08,0.24861111111111112
Drug_5284596,358,336.92595255661445,0.9273624438557047,2.1873686895233573e-08,0.24861111111111112
Drug_5284603,358,338.5118791058311,0.9302464116783353,2.1873686895233573e-08,0.24861111111111112
Drug_5284604,358,338.5118791058311,0.9302464116783353,2.1873686895233573e-08,0.24861111111111112
Drug_5284616,1,1.0,0.0,0.0,0.0006944444444444445
Drug_5284627,28,24.04367447318486,0.7985927468237745,1.6407999382287087e-06,0.017906746031746034
Drug_5288826,358,338.5118791058311,0.930246411678335,2.1873686895233573e-08,0.24861111111111112
Drug_5311065,358,338.5118791058311,0.9302464116783359,2.1873686895233573e-08,0.24861111111111112
Drug_5311067,78,72.80534406334554,0.909709623395778,0.0,0.049316939890710385
Drug_5311068,358,338.5118791058311,0.9302464116783351,2.1873686895233573e-08,0.24861111111111112
Drug_5311304,12,10.533333333333333,0.8369454456183821,0.0,0.008333333333333333
Drug_5311507,358,338.5118791058311,0.9302464116783352,2.1873686895233573e-08,0.24861111111111112
Drug_5324345,28,20.97182950313385,0.7302838024913207,0.0,0.013946989818503763
Drug_5327147,1,1.0,0.0,0.0,0.0006944444444444445
Drug_5328940,16,9.087311930535087,0.5400218205288385,9.651764342521813e-07,0.010714285714285714
Drug_5329098,1,0.7837837837837838,0.0,0.0,0.0006944444444444445
Drug_5329102,11,5.742638575044191,0.5459840503921182,0.0,0.008653846153846154
Drug_5352062,3,1.8,0.5428835233189813,0.0,0.00248015873015873
Drug_5353853,3,1.9333333333333333,0.601641595048339,0.0,0.0022222222222222222
Drug_5359272,358,338.5118791058311,0.9302464116783351,2.1873686895233573e-08,0.24861111111111112
Drug_5360515,358,336.92595255661445,0.927362443855704,2.1873686895233573e-08,0.24861111111111112
Drug_5360696,4,3.333333333333333,0.8026190236407399,0.0,0.002777777777777778
Drug_5361092,12,10.533333333333333,0.8369454456183821,0.0,0.008333333333333333
Drug_5361917,12,10.533333333333333,0.8369454456183821,0.0,0.008333333333333333
Drug_5362118,19,18.666666666666668,0.9750676661440935,0.0,0.013194444444444444
Drug_5362123,19,18.666666666666668,0.9750676661440935,0.0,0.013194444444444444
Drug_5362129,19,18.666666666666668,0.9750676661440935,0.0,0.013194444444444444
Drug_5362436,358,337.02062515546254,0.9275575806475226,2.1873686895233573e-08,0.24861111111111112
Drug_5362440,5,2.657142857142857,0.333396080191254,1.9303528685043627e-06,0.003472222222222222
Drug_5381226,1,0.4,0.0,0.0,0.00125
Drug_5388961,19,18.666666666666668,0.9750676661440935,0.0,0.013194444444444444
Drug_5462501,19,18.666666666666668,0.9750676661440935,0.0,0.013194444444444444
Drug_5463984,19,18.666666666666668,0.9750676661440935,0.0,0.013194444444444444
Drug_5464097,19,18.666666666666668,0.9750676661440935,0.0,0.013194444444444444
Drug_5479530,5,4.333333333333333,0.8341999798582215,0.0,0.003472222222222222
Drug_5486971,3,2.428571428571429,0.7990635300581405,0.0,0.0020833333333333333
Drug_5488547,12,10.533333333333333,0.8369454456183821,0.0,0.008333333333333333
Drug_5493444,1,1.0,0.0,0.0,0.0006944444444444445
Drug_5702160,358,334.6926575867226,0.92327658003646,2.1873686895233573e-08,0.24861111111111112
Drug_5742673,5,4.333333333333333,0.8341999798582215,0.0,0.003472222222222222
Drug_6321411,1,0.6666666666666666,0.0,0.0,0.0006944444444444445
Drug_6323490,2,1.5625,0.6814202223120523,0.0,0.0015625
Drug_6450551,1,0.7560975609756098,0.0,0.0,0.0006944444444444445
Drug_6917778,30,23.388041378910945,0.6999113492697534,1.5644333356175032e-05,0.016669973544973547
Drug_6918313,358,314.42192662382274,0.8855926579355657,2.1873686895233573e-08,0.24861111111111112
Drug_6918365,1,1.0,0.0,0.0,0.0006944444444444445
Drug_6918537,3,1.2000000000000002,0.5428835233189813,0.0,0.00248015873015873
Drug_6918554,358,338.5118791058311,0.9302464116783351,2.1873686895233573e-08,0.24861111111111112
Drug_6918638,5,3.618181818181818,0.44439599757470355,1.9303528685043627e-06,0.003472222222222222
Drug_9552079,1,1.0,0.0,0.0,0.0006944444444444445
Drug_9825285,358,338.5118791058311,0.9302464116783355,2.1873686895233573e-08,0.24861111111111112
Drug_9833444,358,338.5118791058311,0.9302464116783358,2.1873686895233573e-08,0.24861111111111112
Drug_9871419,1,1.0,0.0,0.0,0.0006944444444444445
Drug_9887712,1,1.0,0.0,0.0,0.0006944444444444445
Drug_9926791,16,11.294712464889548,0.6262157578055436,9.651764342521813e-07,0.010714285714285714
Drug_9966051,18,8.911376608500134,0.30154403875157554,0.00017752890049272874,0.018232783564814815
Drug_10096344,4,3.5,0.8855488076521759,0.0,0.0028935185185185184
Drug_10113978,1,1.0,0.0,0.0,0.0006944444444444445
Drug_10182969,15,13.10260444551742,0.8211039913847221,4.454660465779299e-07,0.010562865497076024
Drug_10184653,1,1.0,0.0,0.0,0.0006944444444444445
Drug_10324367,3,2.4,0.7883735163105242,0.0,0.0020833333333333333
Drug_11020241,15,8.188048552754434,0.5905643166172351,0.0,0.010560344827586207
Drug_11450633,4,2.5,0.5866403499649576,0.0,0.0034027777777777776
Drug_11519069,48,24.86190476190476,0.5680369147067811,1.0893667514428161e-05,0.03796875
Drug_11626560,1,0.9279279279279279,0.0,0.0,0.0045
Drug_11658859,358,338.5118791058311,0.9302464116783355,2.1873686895233573e-08,0.24861111111111112
Drug_11707110,1,1.0,0.0,0.0,0.0006944444444444445
Drug_16132344,4,3.9375,0.9789433952459707,0.0,0.002777777777777778
Drug_16157882,4,3.9375,0.9789433952459707,0.0,0.002777777777777778
Drug_23690938,1,1.0,0.0,0.0,0.0006944444444444445
Drug_24776445,1,1.0,0.0,0.0,0.0006944444444444445
Drug_24812758,1,1.0,0.0,0.0,0.0006944444444444445
Drug_24821094,3,2.571428571428571,0.8514838849485784,0.0,0.0020833333333333333
Drug_24826799,16,11.621826319157613,0.6368070104519928,9.651764342521813e-07,0.010714285714285714
Drug_24965990,358,338.5118791058311,0.9302464116783352,2.1873686895233573e-08,0.24861111111111112
Drug_25102847,1,1.0,0.0,0.0,0.0006944444444444445
Drug_25126797,0,0.0,0.0,0.0,0.0
Drug_25151504,1,0.6666666666666666,0.0,0.0,0.0026175213675213673
Drug_49800046,69,49.73088023088023,0.6675001484965211,2.0805749953330138e-05,0.047960526315789474
Drug_54671203,1,1.0,0.0,0.0,0.0006944444444444445
Drug_100000085,2,1.625,0.8254818122236567,0.0,0.001388888888888889
Drug_100000119,3,1.8571428571428572,0.5684367439851987,0.0,0.005102657004830917
Drug_100000143,1,0.47368421052631576,0.0,0.0,0.0006944444444444445
Drug_100000146,1,1.0,0.0,0.0,0.0006944444444444445
Drug_100000158,358,336.54242092292674,0.9266561047018677,2.1873686895233573e-08,0.24861111111111112
Drug_100000160,358,314.5529299186335,0.8860125166567134,2.1873686895233573e-08,0.24861111111111112
Drug_100000175,0,0.0,0.0,0.0,0.0
Drug_100000187,10,5.284193061840121,0.3996316511524611,0.0002533588139911976,0.01852219282774838
Drug_100000191,358,250.53418426588877,0.7617269037548511,2.1873686895233573e-08,0.24861111111111112
Drug_100000206,0,0.0,0.0,0.0,0.0
Drug_100000214,358,316.2666255703998,0.8892109386018117,2.1873686895233573e-08,0.24861111111111112
Drug_100000222,0,0.0,0.0,0.0,0.0
Drug_100000232,14,7.435190943165429,0.620416211140228,0.0,0.009122474747474747
Drug_100000247,15,13.007856356540243,0.8174524341957355,4.454660465779299e-07,0.010562865497076024
Drug_100000271,3,1.8067510548523207,0.5459334407524468,0.0,0.0020833333333333333
Drug_100000298,358,338.5118791058311,0.9302464116783352,2.1873686895233573e-08,0.24861111111111112
Drug_100000303,9,4.832068923943955,0.5518669526445029,0.0,0.03155594405594405
Drug_100000305,2,0.8,0.5428835233189813,0.0,0.01367458767361111
Drug_100000311,1,1.0,0.0,0.0,0.0006944444444444445
Drug_100000312,1,0.9465936323176994,0.0,0.0,0.0006944444444444445
Drug_100000338,1,1.0,0.0,0.0,0.0006944444444444445
Drug_100000401,5,3.303571428571429,0.41261041996963393,1.9303528685043627e-06,0.003472222222222222
Drug_100000444,30,19.832246311588683,0.6286462272637546,1.5644333356175032e-05,0.016669973544973547
Drug_100000450,78,55.87608441245822,0.7645701562812238,0.0,0.049316939890710385
Drug_100000453,2,1.2857142857142856,0.0,9.651764342521813e-07,0.001388888888888889
Drug_100000564,5,3.341034526529576,0.639455471787073,0.0,0.003633720930232558
Drug_100000581,1,1.0,0.0,0.0,0.0006944444444444445
Drug_100000596,0,0.0,0.0,0.0,0.0
Drug_100000612,5,2.6677156177156176,0.5770758206461822,0.0,0.003633720930232558
Drug_100000679,1,1.0,0.0,0.0,0.0006944444444444445
Drug_100000681,358,295.26893503510416,0.8493530769091292,2.1873686895233573e-08,0.24861111111111112
Drug_100000698,5,3.0,0.6299605249474366,0.0,0.003472222222222222
Drug_100000699,12,5.4,0.5428835233189814,0.0,0.009879032258064515
Drug_100000700,1,1.0,0.0,0.0,0.0006944444444444445
Drug_100000727,1,1.0,0.0,0.0,0.0006944444444444445
Drug_100000738,1,0.8378378378378378,0.0,0.0,0.0006944444444444445
Drug_100000750,356,189.9861894028573,0.6368527734258781,0.0,0.24722993827160494
Drug_100000753,3,1.8067510548523207,0.5459334407524468,0.0,0.0020833333333333333
Drug_100000767,1,1.0,0.0,0.0,0.0006944444444444445
Drug_100000774,356,215.0940562148826,0.6921605172245784,0.0,0.24722993827160494
Drug_100000813,0,0.0,0.0,0.0,0.0
Drug_100000838,358,334.60607095259525,0.9231201713879037,2.1873686895233573e-08,0.24861111111111112
Drug_100000853,78,53.00385934892211,0.7388545726777404,0.0,0.049316939890710385
Drug_100000861,78,67.53968046262779,0.8660556484164064,0.0,0.049316939890710385
Drug_100000888,1,1.0,0.0,0.0,0.0006944444444444445
Drug_100000896,1,1.0,0.0,0.0,0.0006944444444444445
Drug_100000923,1,1.0,0.0,0.0,0.0006944444444444445
Drug_100000937,3,2.083333333333333,0.6644894249462313,0.0,0.0020833333333333333
Drug_100000942,16,10.316978028278339,0.4742621248774729,0.00014633147161523344,0.019890309343434342
Drug_100000946,1,0.8888888888888888,0.0,0.0,0.0006944444444444445
Drug_100000948,1,1.0,0.0,0.0,0.0006944444444444445
Drug_100000951,358,311.08823433707676,0.8793418466012265,2.1873686895233573e-08,0.24861111111111112
Drug_100000961,1,0.8157894736842105,0.0,0.0,0.0006944444444444445
Drug_100001003,0,0.0,0.0,0.0,0.0
Drug_100001046,19,13.91606824548001,0.6470026927844248,1.4707450426699906e-06,0.013315217391304347
Drug_100001065,29,19.757046567372758,0.6562284943431341,1.3092828151594784e-05,0.03246402877697842
Drug_100001071,9,5.5734704090890705,0.6290313472827914,0.0,0.00625
Drug_100001084,10,7.456831127562835,0.778889069342815,0.0,0.006944444444444444
Drug_100001125,10,8.21327291628583,0.8238970404090348,0.0,0.006944444444444444
Drug_100001134,358,307.2260763269916,0.8723088736808822,2.1873686895233573e-08,0.24861111111111112
Drug_100001206,358,312.7254301135848,0.8824158366902223,2.1873686895233573e-08,0.24861111111111112
Drug_100001301,17,8.734128586598636,0.45211004844693314,1.7373175816539263e-05,0.01225
Drug_100001690,1,1.0,0.0,0.0,0.0006944444444444445
Drug_100001727,15,13.10260444551742,0.8211039913847221,4.454660465779299e-07,0.010562865497076024
Drug_100001775,1,1.0,0.0,0.0,0.0006944444444444445
Drug_100001798,28,24.04367447318486,0.7985927468237745,1.6407999382287087e-06,0.017906746031746034
Drug_100001978,358,338.5118791058311,0.9302464116783358,2.1873686895233573e-08,0.24861111111111112
Drug_100001983,17,9.077244955953397,0.5544700942003411,5.515293910012464e-07,0.01225
Drug_100001986,28,24.04367447318486,0.7985927468237745,1.6407999382287087e-06,0.017906746031746034
Drug_100001990,1,1.0,0.0,0.0,0.0006944444444444445
Drug_100001993,66,43.09377289377289,0.6655927196664981,4.524864053221082e-07,0.04649234693877551
Drug_100002021,8,6.443948412698413,0.6713007000637007,3.474635163307853e-06,0.0048828125
Drug_100002022,0,0.0,0.0,0.0,0.0
Drug_100002083,358,338.5118791058311,0.9302464116783358,2.1873686895233573e-08,0.24861111111111112
Drug_100002088,7,6.0,0.8061697987819907,0.0,0.004861111111111111
Drug_100002092,358,338.5118791058311,0.9302464116783359,2.1873686895233573e-08,0.24861111111111112
Drug_100002094,7,5.333333333333333,0.7045340615681149,0.0,0.004861111111111111
Drug_100002099,1,1.0,0.0,0.0,0.0006944444444444445
Drug_100002118,3,2.0,0.6299605249474366,0.0,0.0020833333333333333
Drug_100002145,31,24.511670924722324,0.6847914883771383,2.4008784372705806e-05,0.03269927536231884
Drug_100002153,1,1.0,0.0,0.0,0.0006944444444444445
Drug_100002156,1,1.0,0.0,0.0,0.0006944444444444445
Drug_100002159,358,338.5118791058311,0.9302464116783351,2.1873686895233573e-08,0.24861111111111112
Drug_100002160,358,303.3564449253546,0.8645002213959444,2.1873686895233573e-08,0.24861111111111112
Drug_100002162,9,5.835887611749681,0.6385084326755731,0.0,0.010667848699763593
Drug_100002170,358,310.0638116864419,0.8772392575897877,2.1873686895233573e-08,0.24861111111111112
Drug_100002177,1,1.0,0.0,0.0,0.0006944444444444445
Drug_100002179,7,3.8,0.5721542599458853,0.0,0.004861111111111111
Drug_100002215,358,335.50280660289314,0.9248210693659961,2.1873686895233573e-08,0.24861111111111112
Drug_100002216,358,338.5118791058311,0.9302464116783359,2.1873686895233573e-08,0.24861111111111112
Drug_100002232,15,13.10260444551742,0.8211039913847221,4.454660465779299e-07,0.010562865497076024
Drug_100002244,19,13.659371021135728,0.6405333613901675,1.4707450426699906e-06,0.013315217391304347
Drug_100002249,358,334.5600938409749,0.9230397568323584,2.1873686895233573e-08,0.24861111111111112
Drug_100002250,1,1.0,0.0,0.0,0.0006944444444444445
Drug_100002266,2,1.6666666666666665,0.7631428283688878,0.0,0.001388888888888889
Drug_100002267,1,1.0,0.0,0.0,0.0006944444444444445
Drug_100002284,1,1.0,0.0,0.0,0.0006944444444444445
Drug_100002311,19,18.666666666666668,0.9750676661440935,0.0,0.013194444444444444
Drug_100002344,358,309.13284911401496,0.8754326951131693,2.1873686895233573e-08,0.24861111111111112
Drug_100002345,3,1.8235294117647058,0.5534767886336841,0.0,0.007122093023255813
Drug_100002351,3,1.897754137115839,0.6096959414748465,0.0,0.0020833333333333333
Drug_100002367,0,0.0,0.0,0.0,0.0
Drug_100002369,358,338.5118791058311,0.9302464116783358,2.1873686895233573e-08,0.24861111111111112
Drug_100002370,73,58.172721722721725,0.7069899529024113,5.083102380002764e-06,0.051193820224719105
Drug_100002375,82,70.92472842555578,0.8017180161462636,0.0002895529302756544,0.05976821192052979
Drug_100002391,1,1.0,0.0,0.0,0.0006944444444444445
Drug_100002405,6,4.0,0.6463636417680292,0.0,0.004166666666666667
Drug_100002435,358,338.5118791058311,0.9302464116783358,2.1873686895233573e-08,0.24861111111111112
Drug_100002442,4,3.333333333333333,0.8026190236407399,0.0,0.002777777777777778
Drug_100002443,358,336.67092594630986,0.9268960757391564,2.1873686895233573e-08,0.24861111111111112
Drug_100002462,78,70.96156050360028,0.894564904036014,0.0,0.049316939890710385
Drug_100002474,2,2.0,1.0,0.0,0.001388888888888889
Drug_100002476,358,337.14684019849136,0.9277788219798825,2.1873686895233573e-08,0.24861111111111112
Drug_100002477,358,336.5921971424895,0.9267462082022287,2.1873686895233573e-08,0.24861111111111112
Drug_100002484,4,3.0,0.7631428283688878,0.0,0.002777777777777778
Drug_100002487,12,10.533333333333333,0.8369454456183822,0.0,0.008333333333333333
Drug_100002512,2,1.4583333333333333,0.5944577074773587,0.0,0.001388888888888889
Drug_100002519,1,1.0,0.0,0.0,0.0006944444444444445
Drug_100002520,358,293.2621039051439,0.8457924236732303,2.1873686895233573e-08,0.24861111111111112
Drug_100002524,78,72.80534406334554,0.9097096233957781,0.0,0.049316939890710385
Drug_100002540,358,334.7019883626421,0.9232871243930271,2.1873686895233573e-08,0.24861111111111112
Drug_100002541,358,336.57657404031085,0.9267188345753417,2.1873686895233573e-08,0.24861111111111112
Drug_100002548,1,1.0,0.0,0.0,0.0006944444444444445
Drug_100002550,1,0.6470588235294118,0.0,0.0,0.0006944444444444445
Drug_100002551,9,5.0093837535014005,0.26506435281135926,0.0005223213136694721,0.017076558265582655
Drug_100002563,1,1.0,0.0,0.0,0.0006944444444444445
Drug_100002564,73,58.172721722721725,0.7069899529024115,5.083102380002764e-06,0.051193820224719105
Drug_100002585,358,332.2951613667699,0.919052277102638,2.1873686895233573e-08,0.24861111111111112
Drug_100002610,1,1.0,0.0,0.0,0.0006944444444444445
Drug_100002631,5,4.333333333333333,0.8341999798582215,0.0,0.003472222222222222
Drug_100002656,5,4.333333333333333,0.8341999798582215,0.0,0.003472222222222222
Drug_100002662,21,11.41532258064516,0.6408683200618892,0.0,0.013736681887366818
Drug_100002675,1,0.6666666666666666,0.0,0.0,0.0006944444444444445
Drug_100002684,73,58.172721722721725,0.7069899529024111,5.083102380002764e-06,0.051193820224719105
Drug_100002712,22,15.989459815546772,0.7323915287883386,0.0,0.012413810086682426
Drug_100002713,1,1.0,0.0,0.0,0.0006944444444444445
Drug_100002719,0,0.0,0.0,0.0,0.0
Drug_100002725,65,30.81565754506931,0.4909472741725477,1.5930965917610722e-05,0.04602272727272728
Drug_100002726,358,299.2622626524519,0.8572546927497199,2.1873686895233573e-08,0.24861111111111112
Drug_100002732,28,24.04367447318486,0.7985927468237745,1.6407999382287087e-06,0.017906746031746034
Drug_100002733,1,1.0,0.0,0.0,0.0006944444444444445
Drug_100002756,1,1.0,0.0,0.0,0.0006944444444444445
Drug_100002764,358,336.5015174763538,0.9265794076585914,2.1873686895233573e-08,0.24861111111111112
Drug_100002767,0,0.0,0.0,0.0,0.0
Drug_100002771,358,308.09099939072706,0.8734464707652555,2.1873686895233573e-08,0.24861111111111112
Drug_100002781,358,327.357086517996,0.9099877691702165,2.1873686895233573e-08,0.24861111111111112
Drug_100002791,78,72.80534406334554,0.909709623395778,0.0,0.049316939890710385
Drug_100002800,6,3.4121360372445357,0.5633896493340589,0.0,0.025596910112359553
Drug_100002801,358,279.4832329531009,0.8182135380850444,2.1873686895233573e-08,0.24861111111111112
Drug_100002802,9,7.409274935590725,0.7853693023983876,0.0,0.006903594771241829
Drug_100002803,358,330.67841034310146,0.9159145972042704,2.1873686895233573e-08,0.24861111111111112
Drug_100002806,31,24.311718083527772,0.6813125813692297,2.4008784372705806e-05,0.03269927536231884
Drug_100002812,1,0.9473684210526315,0.0,0.0,0.0006944444444444445
Drug_100002818,358,279.6671889049427,0.818552013259928,2.1873686895233573e-08,0.24861111111111112
Drug_100002826,27,13.03290096211902,0.284682255463815,0.0003723806883395869,0.01912947783849423
Drug_100002833,7,4.435988620199146,0.658069533893074,0.0,0.004861111111111111
Drug_100002891,0,0.0,0.0,0.0,0.0
Drug_100002905,73,58.172721722721725,0.7069899529024114,5.083102380002764e-06,0.051193820224719105
Drug_100002909,2,1.0453100158982513,0.5730795009521813,0.0,0.001388888888888889
Drug_100002913,358,296.58313309261496,0.8518695660214506,2.1873686895233573e-08,0.24861111111111112
Drug_100002914,358,280.6728267450744,0.82136264823778,2.1873686895233573e-08,0.24861111111111112
Drug_100002949,82,72.69946648396429,0.8154346236562271,0.0002895529302756544,0.05976821192052979
Drug_100002958,3,1.8,0.5428835233189813,0.0,0.00248015873015873
Drug_100002978,354,176.7953255908838,0.6103361930749823,0.0,0.24586402701043586
Drug_100002995,358,305.4333521108016,0.8684116242186976,2.1873686895233573e-08,0.24861111111111112
Drug_100003000,78,72.80534406334554,0.909709623395778,0.0,0.049316939890710385
Drug_100003003,78,70.96156050360028,0.8945649040360144,0.0,0.049316939890710385
Drug_100003007,358,312.7255242696328,0.882415705211555,2.1873686895233573e-08,0.24861111111111112
Drug_100003008,358,313.10385655360295,0.8831268457301997,2.1873686895233573e-08,0.24861111111111112
Drug_100003009,2,1.3333333333333333,0.7631428283688878,0.0,0.001388888888888889
Drug_100003016,3,2.1515151515151514,0.6920855377533291,0.0,0.005102657004830917
Drug_100003032,28,18.814683230713353,0.6723660546546486,7.30176954608173e-06,0.032347670250896056
Drug_100003038,28,24.04367447318486,0.7985927468237745,1.6407999382287087e-06,0.017906746031746034
Drug_100003040,20,14.6,0.5657295844793985,4.211678985827701e-06,0.013920454545454547
Drug_100003042,70,38.33343551872964,0.5500990954123864,2.5307832859836012e-05,0.04952445652173913
Drug_100003056,78,72.80534406334554,0.909709623395778,0.0,0.049316939890710385
Drug_100003059,1,1.0,0.0,0.0,0.0006944444444444445
Drug_100003062,1,1.0,0.0,0.0,0.0006944444444444445
Drug_100003066,358,336.67092594630986,0.9268960757391566,2.1873686895233573e-08,0.24861111111111112
Drug_100003075,9,6.347058823529411,0.671685449817255,0.0,0.010667848699763593
Drug_100003100,71,35.849679487179486,0.5104699487758914,2.1096182502513643e-05,0.050068681318681314
Drug_100003108,1,1.0,0.0,0.0,0.0006944444444444445
Drug_100003114,0,0.0,0.0,0.0,0.0
Drug_100003117,1,1.0,0.0,0.0,0.0006944444444444445
Drug_100003143,2,1.8805970149253732,0.9187234590417674,0.0,0.001388888888888889
Drug_100003151,358,333.7927426166852,0.9217658339523793,2.1873686895233573e-08,0.24861111111111112
Drug_100003152,22,12.118987908643081,0.6103703825531196,0.0,0.012413810086682426
Drug_100003154,28,24.04367447318486,0.7985927468237746,1.6407999382287087e-06,0.017906746031746034
Drug_100003155,358,309.13284911401496,0.8754326951131682,2.1873686895233573e-08,0.24861111111111112
Drug_100003157,358,336.0804382749446,0.9258880808483456,2.1873686895233573e-08,0.24861111111111112
Drug_100003158,358,308.09099939072706,0.8734464707652555,2.1873686895233573e-08,0.24861111111111112
Drug_100003168,358,333.61929847194375,0.9214269285226474,2.1873686895233573e-08,0.24861111111111112
Drug_100003198,28,17.12576617622607,0.6339013184202092,7.30176954608173e-06,0.032347670250896056
Drug_100003202,22,18.76043956043956,0.8101853033039514,0.0,0.012413810086682426
Drug_100003209,17,9.952380952380953,0.5916727503374063,2.757646955006232e-07,0.011342592592592593
Drug_100003219,73,58.172721722721725,0.7069899529024114,5.083102380002764e-06,0.051193820224719105
Drug_100003222,19,18.666666666666668,0.9750676661440935,0.0,0.013194444444444444
Drug_100003241,68,49.23547563547563,0.6979852349638701,1.5063898736005674e-06,0.0474609375
Drug_100003249,0,0.0,0.0,0.0,0.0
Drug_100003250,358,338.5118791058311,0.9302464116783354,2.1873686895233573e-08,0.24861111111111112
Drug_100003251,358,334.24739580705807,0.9225484251607402,2.1873686895233573e-08,0.24861111111111112
Drug_100003255,1,1.0,0.0,0.0,0.0006944444444444445
Drug_100003256,20,14.6,0.5657295844793985,4.211678985827701e-06,0.013920454545454547
Drug_100003269,31,23.970971635786945,0.6753096101428341,2.4008784372705806e-05,0.03269927536231884
Drug_100003278,4,2.628205128205128,0.5243973106967769,3.217254780840604e-07,0.002777777777777778
Drug_100003308,15,10.7,0.5575243091062009,9.5138819947715e-06,0.010185185185185184
Drug_100003310,1,1.0,0.0,0.0,0.0006944444444444445
Drug_100003325,358,334.6926575867226,0.9232765800364602,2.1873686895233573e-08,0.24861111111111112
Drug_100003333,0,0.0,0.0,0.0,0.0
Drug_100003339,9,6.506678573829209,0.6914118934575677,0.0,0.00625
Drug_100003340,358,338.5118791058311,0.9302464116783357,2.1873686895233573e-08,0.24861111111111112
Drug_100003342,11,5.104761904761904,0.3316442611798309,2.7990116593313253e-05,0.010185185185185184
Drug_100003345,358,335.3682746707191,0.9245376428903086,2.1873686895233573e-08,0.24861111111111112
Drug_100003348,1,1.0,0.0,0.0,0.0006944444444444445
Drug_100003350,1,1.0,0.0,0.0,0.0006944444444444445
Drug_100003355,3,1.9,0.5719091905284664,0.0,0.00248015873015873
Drug_100003365,31,24.511670924722324,0.6847914883771383,2.4008784372705806e-05,0.03269927536231884
Drug_100003367,358,328.7350049007235,0.9123543713063211,2.1873686895233573e-08,0.24861111111111112
Drug_100003372,358,332.2019154280484,0.9189247987452134,2.1873686895233573e-08,0.24861111111111112
Drug_100003373,9,6.873915558126084,0.7551438956007755,0.0,0.006903594771241829
Drug_100003379,78,72.80534406334554,0.909709623395778,0.0,0.049316939890710385
Drug_100003380,9,7.409274935590725,0.7853693023983876,0.0,0.006903594771241829
Drug_100003381,78,72.80534406334554,0.9097096233957779,0.0,0.049316939890710385
Drug_100003382,78,72.80534406334554,0.9097096233957779,0.0,0.049316939890710385
Drug_100003384,78,72.80534406334554,0.9097096233957781,0.0,0.049316939890710385
Drug_100003385,1,1.0,0.0,0.0,0.0006944444444444445
Drug_100003386,358,306.84785314210023,0.8710979472856037,2.1873686895233573e-08,0.24861111111111112
Drug_100003392,78,72.80534406334554,0.909709623395778,0.0,0.049316939890710385
Drug_100003394,19,12.66838520956168,0.6109697757249599,1.4707450426699906e-06,0.013315217391304347
Drug_100003399,78,72.80534406334554,0.909709623395778,0.0,0.049316939890710385
Drug_100003403,1,1.0,0.0,0.0,0.0006944444444444445
Drug_100003404,28,20.765279663608,0.7268164625798166,0.0,0.013946989818503763
Drug_100003405,1,1.0,0.0,0.0,0.0006944444444444445
Drug_100003410,358,338.5118791058311,0.9302464116783351,2.1873686895233573e-08,0.24861111111111112
Drug_100003414,1,1.0,0.0,0.0,0.0006944444444444445
Drug_100003425,3,1.8,0.5428835233189813,0.0,0.00248015873015873
Drug_100003440,28,18.57398190045249,0.6278175733877837,6.032352714076133e-05,0.020891203703703703
Drug_100003443,6,5.0625,0.8707274709853271,0.0,0.0038109756097560975
Drug_100003446,3,2.428571428571429,0.7990635300581405,0.0,0.0020833333333333333
Drug_100003449,22,18.76043956043956,0.8101853033039516,0.0,0.012413810086682426
Drug_100003461,1,1.0,0.0,0.0,0.0006944444444444445
Drug_100003463,12,5.4,0.5428835233189814,0.0,0.009879032258064515
Drug_100003488,1,1.0,0.0,0.0,0.0006944444444444445
Drug_100003494,69,49.73088023088023,0.667500148496521,2.0805749953330138e-05,0.047960526315789474
Drug_100003510,16,10.425622291531564,0.47816198989551606,0.00014633147161523344,0.019890309343434342
Drug_100003517,2,0.9166666666666666,0.5944577074773587,0.0,0.001388888888888889
Drug_100003519,358,338.5118791058311,0.9302464116783352,2.1873686895233573e-08,0.24861111111111112
Drug_100003520,1,1.0,0.0,0.0,0.0006944444444444445
Drug_100003553,78,72.80534406334554,0.909709623395778,0.0,0.049316939890710385
Drug_100003559,358,305.122312799406,0.8683860117004136,2.1873686895233573e-08,0.24861111111111112
Drug_100003598,1,1.0,0.0,0.0,0.0006944444444444445
Drug_100003623,68,48.98547563547563,0.6958701769815576,1.5063898736005674e-06,0.0474609375
Drug_100003637,1,1.0,0.0,0.0,0.0006944444444444445
Drug_100003639,1,1.0,0.0,0.0,0.0006944444444444445
Drug_100003640,1,1.0,0.0,0.0,0.0006944444444444445
Drug_100003648,12,10.533333333333333,0.8369454456183821,0.0,0.008333333333333333
Drug_100003661,24,13.347016751364578,0.5311984672334998,0.0002246448150721952,0.015024439675727228
Drug_100003672,19,10.593650793650793,0.545852548879753,1.4707450426699906e-06,0.013315217391304347
Drug_100003675,1,1.0,0.0,0.0,0.0006944444444444445
Drug_100003676,3,2.0,0.6299605249474366,0.0,0.005421146953405018
Drug_100003685,3,3.0,1.0,0.0,0.0020833333333333333
Drug_100003696,358,300.8781313606271,0.8597764552442595,2.1873686895233573e-08,0.24861111111111112
Drug_100003702,28,24.04367447318486,0.7985927468237745,1.6407999382287087e-06,0.017906746031746034
Drug_100003706,5,2.657142857142857,0.333396080191254,1.9303528685043627e-06,0.003472222222222222
Drug_100003715,358,281.8398828330121,0.8237245945128727,2.1873686895233573e-08,0.24861111111111112
Drug_100003746,73,58.172721722721725,0.7069899529024113,5.083102380002764e-06,0.051193820224719105
Drug_100003749,358,338.5118791058311,0.9302464116783352,2.1873686895233573e-08,0.24861111111111112
Drug_100003750,3,1.8571428571428572,0.5684367439851987,0.0,0.00248015873015873
Drug_100003767,4,2.5,0.5866403499649576,0.0,0.0034027777777777776
Drug_100003779,358,332.6776615939281,0.9195912326471757,2.1873686895233573e-08,0.24861111111111112
Drug_100003784,9,6.585757317419722,0.6870274236263838,0.0,0.010667848699763593
Drug_100003793,28,17.65119541685663,0.6465232562009507,7.30176954608173e-06,0.032347670250896056
Drug_100003823,31,23.426766263282353,0.6652580880065554,2.4008784372705806e-05,0.03269927536231884
Drug_100003825,1,1.0,0.0,0.0,0.0006944444444444445
Drug_100003826,6,3.380952380952381,0.25210731761068383,3.7228233892584143e-06,0.008002645502645503
Drug_100003827,358,331.70843971088595,0.917951964733638,2.1873686895233573e-08,0.24861111111111112
Drug_100003830,3,2.25,0.7310044345532164,0.0,0.0020833333333333333
Drug_100003848,5,2.741199675523108,0.5851704897885375,0.0,0.003633720930232558
Drug_100003869,358,335.8590016919005,0.9254726972743826,2.1873686895233573e-08,0.24861111111111112
Drug_100003877,1,1.0,0.0,0.0,0.0006944444444444445
Drug_100003883,2,1.5,0.6299605249474366,0.0,0.0028356481481481483
Drug_100003890,0,0.0,0.0,0.0,0.0
Drug_100003899,1,1.0,0.0,0.0,0.0006944444444444445
Drug_100003902,1,1.0,0.0,0.0,0.0006944444444444445
Drug_100003911,358,338.5118791058311,0.9302464116783358,2.1873686895233573e-08,0.24861111111111112
Drug_100003914,6,4.333333333333333,0.6793165896168124,0.0,0.004166666666666667
Drug_100003915,358,338.5118791058311,0.9302464116783351,2.1873686895233573e-08,0.24861111111111112
Drug_100003916,358,337.5611442436862,0.9285612640195017,2.1873686895233573e-08,0.24861111111111112
Drug_100003918,358,312.7353528313025,0.8824363520448686,2.1873686895233573e-08,0.24861111111111112
Drug_100003929,6,3.9047743371787087,0.47466929385229234,1.9303528685043628e-05,0.004734848484848484
Drug_100003937,19,18.666666666666668,0.9750676661440935,0.0,0.013194444444444444
Drug_100003938,358,335.9889317636078,0.9256975823197251,2.1873686895233573e-08,0.24861111111111112
Drug_100003954,358,334.1758529351444,0.922406624139778,2.1873686895233573e-08,0.24861111111111112
Drug_100003957,1,1.0,0.0,0.0,0.0006944444444444445
Drug_100003961,358,330.89419282342453,0.9163078867454995,2.1873686895233573e-08,0.24861111111111112
Drug_100003962,1,1.0,0.0,0.0,0.0006944444444444445
Drug_100003964,358,323.9367375428358,0.9036156204431632,2.1873686895233573e-08,0.24861111111111112
Drug_100003998,28,24.04367447318486,0.7985927468237745,1.6407999382287087e-06,0.017906746031746034
Drug_100004011,358,327.1117500279421,0.9095361426582764,2.1873686895233573e-08,0.24861111111111112
Drug_100004030,3,2.571428571428571,0.8514838849485784,0.0,0.0020833333333333333
Drug_100004032,11,5.8228623188405795,0.3604340785342701,0.00028665740097289785,0.018720291146761735
Drug_100004034,73,58.172721722721725,0.7069899529024114,5.083102380002764e-06,0.051193820224719105
Drug_100004036,9,5.317367535322125,0.6101301268473089,0.0,0.00625
Drug_100004042,82,72.68571671723018,0.8152231194748981,0.0002895529302756544,0.05976821192052979
Drug_100004044,11,5.438095238095238,0.34320976445840246,2.7990116593313253e-05,0.010185185185185184
Drug_100004046,2,1.0,0.6299605249474366,0.0,0.001388888888888889
Drug_100004048,78,72.80534406334554,0.9097096233957781,0.0,0.049316939890710385
Drug_100004051,19,13.91606824548001,0.6470026927844248,1.4707450426699906e-06,0.013315217391304347
Drug_100004054,3,2.428571428571429,0.7990635300581405,0.0,0.00248015873015873
Drug_100004057,9,4.733333333333333,0.5612384654064735,0.0,0.027282934131736526
Drug_100004058,30,18.86491397941754,0.5945560567790779,1.686121266445769e-05,0.016512709643605867
Drug_100004095,358,308.572120473758,0.8746021004263506,2.1873686895233573e-08,0.24861111111111112
Drug_100004112,10,7.9110275689223055,0.804838004452282,0.0,0.006944444444444444
Drug_100004120,69,49.73088023088023,0.667500148496521,2.0805749953330138e-05,0.047960526315789474
Drug_100004138,4,2.9444444444444446,0.7107583193840109,0.0,0.002777777777777778
Drug_100004139,1,1.0,0.0,0.0,0.0006944444444444445
Drug_100004140,358,336.92595255661445,0.9273624438557047,2.1873686895233573e-08,0.24861111111111112
Drug_100004158,28,21.006681424111406,0.7327057018795157,0.0,0.013946989818503763
Drug_100004160,78,72.80534406334554,0.9097096233957781,0.0,0.049316939890710385
Drug_100004163,358,325.03579866255274,0.9056153449374996,2.1873686895233573e-08,0.24861111111111112
Drug_100004168,358,301.74072333744004,0.8618002695629936,2.1873686895233573e-08,0.24861111111111112
Drug_100004171,358,336.92595255661445,0.9273624438557049,2.1873686895233573e-08,0.24861111111111112
Drug_100004174,18,9.140820837663242,0.5980221160110861,0.0,0.024260752688172044
Drug_100004178,3,1.6,0.5428835233189813,0.0,0.00248015873015873
Drug_100004184,358,280.48440247908496,0.820171318813479,2.1873686895233573e-08,0.24861111111111112
Drug_100004189,30,21.597446415030642,0.6647601275927945,1.8089035575959085e-05,0.0325812274368231
Drug_100004192,1,0.8,0.0,0.0,0.0006944444444444445
Drug_100004196,78,61.69405062134864,0.81615169430845,0.0,0.049316939890710385
Drug_100004197,1,1.0,0.0,0.0,0.0006944444444444445
Drug_100004205,358,307.98296785238495,0.8732528724890498,2.1873686895233573e-08,0.24861111111111112
Drug_100004211,7,4.666666666666666,0.6841411796547726,0.0,0.0051136363636363645
Drug_100004212,14,10.457829784125247,0.7157715680657806,0.0,0.009782608695652175
Drug_100004235,5,3.8,0.6800184663232869,0.0,0.003472222222222222
Drug_100004236,7,5.666666666666666,0.7669917644892357,0.0,0.0051136363636363645
Drug_100004240,13,7.0,0.5411199380958751,9.169176125395723e-06,0.010560344827586207
Drug_100004248,1,1.0,0.0,0.0,0.0006944444444444445
Drug_100004253,358,338.5118791058311,0.9302464116783358,2.1873686895233573e-08,0.24861111111111112
Drug_100004272,1,1.0,0.0,0.0,0.0006944444444444445
Drug_100004409,3,2.0,0.6299605249474366,0.0,0.005421146953405018
Drug_100004419,12,10.533333333333333,0.8369454456183822,0.0,0.008333333333333333
Drug_100004422,358,338.5118791058311,0.9302464116783354,2.1873686895233573e-08,0.24861111111111112
Drug_100004425,358,336.92595255661445,0.9273624438557038,2.1873686895233573e-08,0.24861111111111112
Drug_100004428,358,336.92595255661445,0.9273624438557051,2.1873686895233573e-08,0.24861111111111112
Drug_100004436,358,338.5118791058311,0.9302464116783357,2.1873686895233573e-08,0.24861111111111112
Drug_100004440,5,5.0,1.0,0.0,0.003472222222222222
Drug_100004449,358,306.23934775461146,0.8699761358010945,2.1873686895233573e-08,0.24861111111111112
Drug_100004451,1,1.0,0.0,0.0,0.0006944444444444445
Drug_100004454,7,3.530776515151515,0.4223990283474023,2.3646822639178444e-05,0.005787037037037037
Drug_100004456,22,18.76043956043956,0.8101853033039513,0.0,0.012413810086682426
Drug_100004473,1,1.0,0.0,0.0,0.0006944444444444445
Drug_100004485,9,5.431234106425922,0.6084054441661259,0.0,0.010667848699763593
Drug_100004497,1,1.0,0.0,0.0,0.0006944444444444445
Drug_100004536,78,72.80534406334554,0.9097096233957779,0.0,0.049316939890710385
Drug_100004542,78,69.40803244395885,0.8818305000260875,0.0,0.049316939890710385
Drug_100004543,358,285.75262479421787,0.8308251161074764,2.1873686895233573e-08,0.24861111111111112
Drug_100004547,1,1.0,0.0,0.0,0.0006944444444444445
Drug_100004583,1,1.0,0.0,0.0,0.0006944444444444445
Drug_100004585,358,293.479000154583,0.8458914383342803,2.1873686895233573e-08,0.24861111111111112
Drug_100004595,10,6.2008850956219375,0.6375360862686874,0.0,0.01635838525441329
Drug_100004599,1,1.0,0.0,0.0,0.0006944444444444445
Drug_100004601,57,25.89730273752013,0.42837962800199775,5.512967289650074e-05,0.04258177570093458
Drug_100004609,0,0.0,0.0,0.0,0.0
Drug_100004623,3,1.9333333333333333,0.601641595048339,0.0,0.0022222222222222222
Drug_100004631,358,338.5118791058311,0.9302464116783357,2.1873686895233573e-08,0.24861111111111112
Drug_100004634,67,38.14503560165325,0.5958399585254498,1.7562474891999767e-06,0.047960526315789474
Drug_100004635,358,338.5118791058311,0.9302464116783352,2.1873686895233573e-08,0.24861111111111112
Drug_100004638,78,72.80534406334554,0.9097096233957781,0.0,0.049316939890710385
Drug_100004639,358,338.5118791058311,0.9302464116783358,2.1873686895233573e-08,0.24861111111111112
Drug_100004666,2,1.7611940298507462,0.9187234590417674,0.0,0.001388888888888889
Drug_100004673,7,6.0,0.8061697987819907,0.0,0.004861111111111111
Drug_100004679,1,1.0,0.0,0.0,0.0006944444444444445
Drug_100004680,5,3.8784313725490196,0.7781616769820949,0.0,0.0034027777777777776
Drug_100004689,8,6.443948412698413,0.6713007000637007,3.474635163307853e-06,0.0048828125
Drug_100004691,24,12.524292722226791,0.5934619053791736,0.0,0.024658469945355192
Drug_100004735,15,11.966496534925083,0.7763943307755178,4.454660465779299e-07,0.010562865497076024
Drug_100004736,358,322.9482152345416,0.9017919489616926,2.1873686895233573e-08,0.24861111111111112
Drug_100004739,1,1.0,0.0,0.0,0.0006944444444444445
Drug_100004740,3,3.0,1.0,0.0,0.0020833333333333333
Drug_100004745,358,335.57762584266703,0.9249196257775698,2.1873686895233573e-08,0.24861111111111112
Drug_100004746,59,29.334126984126986,0.5630022662827462,1.1108544766141722e-06,0.04381009615384616
Drug_100004747,358,315.8799172173118,0.8885173561881381,2.1873686895233573e-08,0.24861111111111112
Drug_100004748,358,333.6548634199096,0.9214243779495777,2.1873686895233573e-08,0.24861111111111112
Drug_100004768,358,332.72520032579257,0.9196745749996756,2.1873686895233573e-08,0.24861111111111112
Drug_100004771,7,5.666666666666666,0.7669917644892357,0.0,0.0051136363636363645
Drug_100004775,3,2.25,0.7310044345532164,0.0,0.0020833333333333333
Drug_100004782,1,1.0,0.0,0.0,0.0006944444444444445
Drug_100004786,3,1.3230769230769233,0.1990752840168284,1.9303528685043628e-05,0.0037037037037037034
Drug_100004810,4,2.6285714285714286,0.6292094947991862,0.0,0.004166666666666667
Drug_100004811,22,17.68856143856144,0.7806323097807158,0.0,0.012413810086682426
Drug_100004819,66,43.09377289377289,0.6655927196664982,4.524864053221082e-07,0.04649234693877551
Drug_100004828,358,337.02062515546254,0.9275575806475227,2.1873686895233573e-08,0.24861111111111112
Drug_100004829,80,70.14843030203677,0.8398356049824233,2.533588139911976e-05,0.04986187845303867
Drug_100004865,7,5.321915900863269,0.7352897481728237,0.0,0.004861111111111111
Drug_100004885,358,338.5118791058311,0.9302464116783352,2.1873686895233573e-08,0.24861111111111112
Drug_100004889,12,6.5,0.6299605249474367,0.0,0.009879032258064515
Drug_100004893,358,329.5798477158909,0.9139180219627596,2.1873686895233573e-08,0.24861111111111112
Drug_100004894,78,70.96156050360028,0.8945649040360142,0.0,0.049316939890710385
Drug_100004908,1,1.0,0.0,0.0,0.0006944444444444445
Drug_100004911,5,3.6666666666666665,0.7631428283688878,0.0,0.003472222222222222
Drug_100004913,22,15.989459815546772,0.7323915287883388,0.0,0.012413810086682426
Drug_100004917,358,321.27568525157733,0.8987042908828039,2.1873686895233573e-08,0.24861111111111112
Drug_100004920,80,45.802261480453076,0.6285352427030583,2.533588139911976e-05,0.04986187845303867
Drug_100004927,358,327.94287021681413,0.9110613651588123,2.1873686895233573e-08,0.24861111111111112
Drug_100004932,1,1.0,0.0,0.0,0.0006944444444444445
Drug_100004946,358,257.4497579075183,0.7757725188520113,2.1873686895233573e-08,0.24861111111111112
Drug_100004976,358,328.8160045071392,0.9126777952141681,2.1873686895233573e-08,0.24861111111111112
Drug_100004991,22,18.76043956043956,0.8101853033039514,0.0,0.012413810086682426
Drug_100004992,11,5.390618640618641,0.47103738375882875,3.2172547808406047e-07,0.02939516129032258
Drug_100004993,7,3.571428571428571,0.5684367439851987,0.0,0.0051136363636363645
Drug_100005002,358,295.8829114620648,0.8505103063500504,2.1873686895233573e-08,0.24861111111111112
Drug_100005029,1,0.6666666666666666,0.0,0.0,0.0006944444444444445
Drug_100005032,6,3.057142857142857,0.30362847491814715,2.6703214680977017e-05,0.005
Drug_100005035,80,46.3014219058163,0.6340191697866568,5.2602115666743885e-05,0.04986187845303867
Drug_100005038,19,18.666666666666668,0.9750676661440935,0.0,0.013194444444444444
Drug_100005040,1,1.0,0.0,0.0,0.0006944444444444445
Drug_100005052,1,1.0,0.0,0.0,0.0006944444444444445
Drug_100005070,1,1.0,0.0,0.0,0.0006944444444444445
Drug_100005073,358,322.6117032041734,0.9011913197490259,2.1873686895233573e-08,0.24861111111111112
Drug_100005076,1,1.0,0.0,0.0,0.0006944444444444445
Drug_100005077,22,18.76043956043956,0.8101853033039514,0.0,0.012413810086682426
Drug_100005078,358,338.5118791058311,0.9302464116783357,2.1873686895233573e-08,0.24861111111111112
Drug_100005090,358,321.4305298328122,0.8988453730774729,2.1873686895233573e-08,0.24861111111111112
Drug_100005095,358,337.5611442436862,0.9285612640195013,2.1873686895233573e-08,0.24861111111111112
Drug_100005152,358,338.5118791058311,0.9302464116783355,2.1873686895233573e-08,0.24861111111111112
Drug_100005184,73,58.172721722721725,0.7069899529024111,5.083102380002764e-06,0.051193820224719105
Drug_100005195,5,2.6,0.5428835233189812,0.0,0.003472222222222222
Drug_100005203,28,15.893537424944748,0.6086447067342985,0.0,0.013946989818503763
Drug_100005210,9,5.666666666666666,0.45157906521090374,5.791058605513088e-06,0.00625
Drug_100005212,5,3.9831932773109244,0.7896448310019831,0.0,0.0034027777777777776
Drug_100005238,1,1.0,0.0,0.0,0.0006944444444444445
Drug_100005245,7,6.0,0.8061697987819907,0.0,0.004861111111111111
Drug_100005253,2,1.4615384615384617,0.5972258520504852,0.0,0.002702702702702703
Drug_100005267,80,71.84044232128477,0.85173128070907,5.2602115666743885e-05,0.04986187845303867
Drug_100005291,14,9.3458058066865,0.6673854608733288,0.0,0.009782608695652175
Drug_100005297,8,6.443948412698413,0.6713007000637007,3.474635163307853e-06,0.0048828125
Drug_100005311,3,2.8181818181818183,0.9384364685966974,0.0,0.00248015873015873
Drug_100005314,24,16.792572463768117,0.6231239171906515,0.0002246448150721952,0.015024439675727228
Drug_100005318,4,2.4333333333333336,0.40581421834874226,9.651764342521813e-07,0.002777777777777778
Drug_100005333,28,18.57398190045249,0.6278175733877837,6.032352714076133e-05,0.020891203703703703
Drug_100005352,3,1.5594405594405596,0.5861986681162042,0.0,0.0022222222222222222
Drug_100005358,358,337.02062515546254,0.9275575806475228,2.1873686895233573e-08,0.24861111111111112
Drug_100005359,12,7.3999999999999995,0.6344739543360141,0.0,0.008002645502645503
Drug_100005372,3,2.1199515861893232,0.6209581915692954,0.0,0.0020833333333333333
Drug_100005376,5,2.7442528735632186,0.5369484512008819,0.0,0.031120689655172413
Drug_100005381,3,3.0,1.0,0.0,0.0020833333333333333
Drug_100005401,358,337.14684019849136,0.9277788219798817,2.1873686895233573e-08,0.24861111111111112
Drug_100005402,1,1.0,0.0,0.0,0.0006944444444444445
Drug_100005404,5,2.6,0.3145304554601283,8.686587908269631e-06,0.004166666666666667
Drug_100005408,34,18.63792374978333,0.4177540750576988,0.0005607675083005173,0.04558080808080808
Drug_100005410,82,72.57974232178209,0.8144241953298988,0.0002895529302756544,0.05976821192052979
Drug_100005411,2,1.4,0.5428835233189813,0.0,0.002170138888888889
Drug_100005426,2,2.0,1.0,0.0,0.001388888888888889
Drug_100005430,1,1.0,0.0,0.0,0.0006944444444444445
Drug_100005452,358,319.01730040140615,0.8945127288115327,2.1873686895233573e-08,0.24861111111111112
Drug_100005454,358,331.70843971088595,0.9179519647336369,2.1873686895233573e-08,0.24861111111111112
Drug_100005466,30,23.388041378910945,0.6999113492697534,1.5644333356175032e-05,0.016669973544973547
Drug_100005470,78,71.14073472166217,0.8961562674827571,0.0,0.049316939890710385
Drug_100005472,31,23.61583451534367,0.66878053421415,2.4008784372705806e-05,0.03269927536231884
Drug_100005478,6,3.9,0.6342304742441792,0.0,0.004166666666666667
Drug_100005486,1,1.0,0.0,0.0,0.0006944444444444445
Drug_100005487,358,338.5118791058311,0.9302464116783358,2.1873686895233573e-08,0.24861111111111112
Drug_100005508,13,8.25,0.5683744927981634,2.252078346588423e-06,0.008197831978319784
Drug_100005512,70,51.06117771117771,0.6872282183101868,2.937284844046491e-06,0.04952445652173913
Drug_100005514,28,24.04367447318486,0.7985927468237745,1.6407999382287087e-06,0.017906746031746034
Drug_100005515,3,1.8,0.5428835233189813,0.0,0.00248015873015873
Drug_100005523,12,7.2,0.6577665716683206,0.0,0.008333333333333333
Drug_100005524,358,314.42192662382274,0.8855926579355653,2.1873686895233573e-08,0.24861111111111112
Drug_100005525,19,18.666666666666668,0.9750676661440935,0.0,0.013194444444444444
Drug_100005530,15,12.273931284782227,0.7890974421014832,4.454660465779299e-07,0.010562865497076024
Drug_100005533,358,313.7068173680585,0.8842354842584371,2.1873686895233573e-08,0.24861111111111112
Drug_100005538,80,45.68920518576775,0.6274279408311022,2.533588139911976e-05,0.04986187845303867
Drug_100005546,10,8.847645879766622,0.8619520816003445,0.0,0.006944444444444444
Drug_100005556,9,7.064935064935065,0.7634988297810914,0.0,0.006903594771241829
Drug_100005566,358,315.5499075253226,0.8880161946762061,2.1873686895233573e-08,0.24861111111111112
Drug_100005572,73,58.172721722721725,0.7069899529024114,5.083102380002764e-06,0.051193820224719105
Drug_100005578,10,8.640931259352312,0.8498934444070166,0.0,0.006944444444444444
Drug_100005582,9,6.9523809523809526,0.6364083901557671,8.043136952101511e-07,0.00625
Drug_100005584,3,2.0,0.6299605249474366,0.0,0.00375
Drug_100005591,80,45.93710863719562,0.6297502055290491,2.533588139911976e-05,0.04986187845303867
Drug_100005593,66,43.36650016650017,0.6683746129120726,4.524864053221082e-07,0.04649234693877551
Drug_100005595,358,302.26045142048383,0.8628051145377028,2.1873686895233573e-08,0.24861111111111112
Drug_100005645,80,68.19333899921315,0.8242791936159681,2.533588139911976e-05,0.04986187845303867
Drug_100005650,358,338.5118791058311,0.9302464116783359,2.1873686895233573e-08,0.24861111111111112
Drug_100005656,358,312.7630212668581,0.8824861582559246,2.1873686895233573e-08,0.24861111111111112
Drug_100005672,0,0.0,0.0,0.0,0.0
Drug_100005717,1,1.0,0.0,0.0,0.0006944444444444445
Drug_100005721,1,1.0,0.0,0.0,0.0006944444444444445
Drug_100005726,1,1.0,0.0,0.0,0.0006944444444444445
Drug_100005727,1,1.0,0.0,0.0,0.0006944444444444445
Drug_100005731,5,5.0,1.0,0.0,0.003472222222222222
Drug_100005732,13,7.482342219184324,0.3487390834160597,1.7373175816539263e-05,0.009027777777777777
Drug_100005734,26,16.48334018922254,0.6834744594721307,0.0,0.01728927203065134
Drug_100005735,3,2.0,0.6299605249474366,0.0,0.0020833333333333333
Drug_100005771,358,338.5118791058311,0.9302464116783352,2.1873686895233573e-08,0.24861111111111112
Drug_100005775,358,337.14684019849136,0.9277788219798817,2.1873686895233573e-08,0.24861111111111112
Drug_100005978,7,5.1932261208577,0.7250219202520133,0.0,0.004861111111111111
Drug_100006018,1,1.0,0.0,0.0,0.0006944444444444445
Drug_100006049,1,1.0,0.0,0.0,0.0006944444444444445
Drug_100006238,34,18.979143414040088,0.42266006891074953,0.0005607675083005173,0.04558080808080808
Drug_100006436,78,72.80534406334554,0.9097096233957781,0.0,0.049316939890710385
Drug_100006468,3,1.875,0.5763045365073057,0.0,0.00248015873015873
Drug_100006503,1,1.0,0.0,0.0,0.0006944444444444445
Drug_100006726,72,36.23263035983624,0.49672617131782776,3.71329000914542e-05,0.050625
Drug_100008230,358,338.5118791058311,0.9302464116783355,2.1873686895233573e-08,0.24861111111111112
Drug_100009904,78,72.80534406334554,0.9097096233957781,0.0,0.049316939890710385
Drug_100010100,358,335.0666153604063,0.923969287679348,2.1873686895233573e-08,0.24861111111111112
Drug_100010660,71,38.53966866466866,0.5543181294312012,3.438358258912609e-06,0.050068681318681314
Drug_100012453,358,338.5118791058311,0.9302464116783351,2.1873686895233573e-08,0.24861111111111112
Drug_100013342,7,5.257101086048454,0.7302995880554315,0.0,0.004861111111111111
Drug_100014917,28,17.154457576161903,0.6348166150399707,7.30176954608173e-06,0.032347670250896056
Drug_100016124,1,1.0,0.0,0.0,0.0006944444444444445
Drug_100016230,1,1.0,0.0,0.0,0.0006944444444444445
Drug_100016362,358,300.4221402336496,0.8594909999090014,2.1873686895233573e-08,0.24861111111111112
Drug_100021800,78,72.80534406334554,0.909709623395778,0.0,0.049316939890710385
Drug_100022258,12,7.8,0.6930603222166447,0.0,0.008333333333333333
Drug_100023897,358,337.5611442436862,0.9285612640195017,2.1873686895233573e-08,0.24861111111111112
Drug_100023925,2,1.4710982658959537,0.605444498269235,0.0,0.005902777777777778
Drug_100023926,1,1.0,0.0,0.0,0.0006944444444444445
Drug_100023951,1,1.0,0.0,0.0,0.0006944444444444445
Drug_100023982,1,1.0,0.0,0.0,0.0006944444444444445
Drug_100023993,1,1.0,0.0,0.0,0.0006944444444444445
Drug_100023994,1,0.9996512033484478,0.0,0.0,0.0006944444444444445
Drug_100024450,1,1.0,0.0,0.0,0.0006944444444444445
Drug_100024748,1,1.0,0.0,0.0,0.0006944444444444445
Drug_100027400,358,337.30774807356244,0.9280988345922637,2.1873686895233573e-08,0.24861111111111112
Drug_100027991,358,338.5118791058311,0.9302464116783351,2.1873686895233573e-08,0.24861111111111112
Drug_100028486,0,0.0,0.0,0.0,0.0
Drug_100032281,358,334.49024508204377,0.9229041653897101,2.1873686895233573e-08,0.24861111111111112
Drug_100032800,358,338.5118791058311,0.9302464116783352,2.1873686895233573e-08,0.24861111111111112
Drug_100036339,0,0.0,0.0,0.0,0.0
Drug_100036523,358,338.5118791058311,0.9302464116783353,2.1873686895233573e-08,0.24861111111111112
Drug_100036811,358,295.7695709443623,0.8506579407805449,2.1873686895233573e-08,0.24861111111111112
Drug_100039042,3,2.083333333333333,0.6644894249462313,0.0,0.0020833333333333333
Drug_100039860,358,338.5118791058311,0.9302464116783351,2.1873686895233573e-08,0.24861111111111112
Drug_100041693,358,336.5015174763538,0.9265794076585917,2.1873686895233573e-08,0.24861111111111112
Drug_100041774,2,0.8,0.5428835233189813,0.0,0.001851851851851852
Drug_100042955,358,338.5118791058311,0.9302464116783358,2.1873686895233573e-08,0.24861111111111112
Drug_100051263,358,338.5118791058311,0.9302464116783351,2.1873686895233573e-08,0.24861111111111112
Drug_100051577,4,2.8166666666666664,0.48244183204673563,9.651764342521813e-07,0.002777777777777778
Drug_100051634,3,2.2222222222222223,0.7631428283688878,0.0,0.0022222222222222222
Drug_100054313,358,334.56472807693393,0.9230466612088623,2.1873686895233573e-08,0.24861111111111112
Drug_100054373,358,338.5118791058311,0.9302464116783352,2.1873686895233573e-08,0.24861111111111112
Drug_100054454,3,1.8,0.5428835233189813,0.0,0.00248015873015873
Drug_100054688,12,6.5,0.6299605249474367,0.0,0.009879032258064515
Drug_100054840,32,18.008014269363827,0.5180163694456706,3.250554602063272e-05,0.01683026175213675
Drug_100055480,30,23.388041378910945,0.6999113492697534,1.5644333356175032e-05,0.016669973544973547
Drug_100057469,1,1.0,0.0,0.0,0.0006944444444444445
Drug_100057537,358,338.5118791058311,0.9302464116783357,2.1873686895233573e-08,0.24861111111111112
Drug_100060146,358,338.5118791058311,0.9302464116783352,2.1873686895233573e-08,0.24861111111111112
Drug_100060164,3,3.0,1.0,0.0,0.0020833333333333333
Drug_100060490,4,2.7777777777777777,0.6903573228367961,0.0,0.002777777777777778
Drug_100060612,358,338.5118791058311,0.9302464116783357,2.1873686895233573e-08,0.24861111111111112
Drug_100060726,12,7.3999999999999995,0.6344739543360142,0.0,0.008002645502645503
Drug_100060787,1,1.0,0.0,0.0,0.0006944444444444445
Drug_100060795,358,313.82805501480976,0.8847538455835338,2.1873686895233573e-08,0.24861111111111112
Drug_100060830,73,58.172721722721725,0.7069899529024114,5.083102380002764e-06,0.051193820224719105
Drug_100060834,30,17.669182475912287,0.5668376712360054,1.686121266445769e-05,0.016512709643605867
Drug_100060843,6,2.571428571428571,0.5684367439851987,0.0,0.004687500000000001
Drug_100060852,1,1.0,0.0,0.0,0.0006944444444444445
Drug_100060853,358,306.9526760923267,0.8712838856778564,2.1873686895233573e-08,0.24861111111111112
Drug_100060864,73,58.172721722721725,0.7069899529024114,5.083102380002764e-06,0.051193820224719105
Drug_100060878,358,338.5118791058311,0.9302464116783357,2.1873686895233573e-08,0.24861111111111112
Drug_100062956,19,18.666666666666668,0.9750676661440935,0.0,0.013194444444444444
Drug_100062959,0,0.0,0.0,0.0,0.0
Drug_100063001,19,18.666666666666668,0.9750676661440935,0.0,0.013194444444444444
Drug_100064929,9,6.824036859826333,0.7122368218393391,0.0,0.00625
Drug_100065014,358,338.5118791058311,0.9302464116783357,2.1873686895233573e-08,0.24861111111111112
Drug_100065856,30,22.635207812052286,0.6698183649374226,1.686121266445769e-05,0.016512709643605867
Drug_100065999,358,330.8753800167055,0.916276122021008,2.1873686895233573e-08,0.24861111111111112
Drug_100068613,358,338.5118791058311,0.9302464116783357,2.1873686895233573e-08,0.24861111111111112
Drug_100068740,7,4.0,0.6299605249474366,0.0,0.004861111111111111
Drug_100068844,28,24.04367447318486,0.7985927468237745,1.6407999382287087e-06,0.017906746031746034
Drug_100071348,358,338.5118791058311,0.9302464116783351,2.1873686895233573e-08,0.24861111111111112
Drug_100071360,358,331.70843971088595,0.917951964733638,2.1873686895233573e-08,0.24861111111111112
Drug_100071616,1,1.0,0.0,0.0,0.0006944444444444445
Drug_100072022,19,18.666666666666668,0.9750676661440935,0.0,0.013194444444444444
Drug_100072054,73,58.172721722721725,0.7069899529024114,5.083102380002764e-06,0.051193820224719105
Drug_100073658,4,1.8579005693759791,0.19904462443023072,5.2119527449617796e-05,0.005580357142857142
Drug_100077992,5,5.0,1.0,0.0,0.003472222222222222
Drug_100077998,358,277.97795845169435,0.8161099230485035,2.1873686895233573e-08,0.24861111111111112
Drug_100082146,78,72.80534406334554,0.909709623395778,0.0,0.049316939890710385
Drug_100082148,3,1.8,0.5428835233189813,0.0,0.0020833333333333333
Drug_100083513,0,0.0,0.0,0.0,0.0
Drug_100083606,0,0.0,0.0,0.0,0.0
Drug_100084003,15,10.7,0.5575243091062009,9.5138819947715e-06,0.010185185185185184
Drug_100093860,1,1.0,0.0,0.0,0.0006944444444444445
Drug_100102258,0,0.0,0.0,0.0,0.0
Drug_100104741,78,72.80534406334554,0.9097096233957781,0.0,0.049316939890710385
Drug_100104758,9,6.9523809523809526,0.6364083901557671,8.043136952101511e-07,0.00625
Drug_100104849,358,332.64540898345007,0.9195340417453063,2.1873686895233573e-08,0.24861111111111112
Drug_100104865,358,338.5118791058311,0.9302464116783358,2.1873686895233573e-08,0.24861111111111112
Drug_100105145,0,0.0,0.0,0.0,0.0
Drug_100107969,1,1.0,0.0,0.0,0.0006944444444444445
Drug_100110634,3,1.709090909090909,0.197059310128998,5.791058605513088e-06,0.0030934343434343434
Drug_100110635,6,4.492640692640692,0.5699262879650218,3.860705737008725e-06,0.004253472222222223
Drug_100115237,358,335.15852852376617,0.9242400142818896,2.1873686895233573e-08,0.24861111111111112
Drug_100115355,1,1.0,0.0,0.0,0.0006944444444444445
Drug_100119182,0,0.0,0.0,0.0,0.0
Drug_100119607,28,20.95657894736842,0.7303787053407638,1.6407999382287087e-06,0.017906746031746034
Drug_100119828,8,4.2,0.24642150443421054,3.4746351633078526e-05,0.007816537467700259
Drug_100121749,9,6.9523809523809526,0.6364083901557672,8.043136952101511e-07,0.00625
Drug_100121892,1,1.0,0.0,0.0,0.0006944444444444445
Drug_100122197,30,23.388041378910945,0.6999113492697534,1.5644333356175032e-05,0.016669973544973547
Drug_100122316,5,3.8,0.6800184663232869,0.0,0.003472222222222222
Drug_100123015,1,0.7837837837837838,0.0,0.0,0.0006944444444444445
Drug_100123597,358,338.5118791058311,0.9302464116783359,2.1873686895233573e-08,0.24861111111111112
Drug_100123619,1,1.0,0.0,0.0,0.0006944444444444445
Drug_100123631,1,1.0,0.0,0.0,0.0006944444444444445
Drug_100124087,57,26.51636634567379,0.4258488956215719,6.584984711244665e-05,0.04258177570093458
Drug_100125017,358,314.42192662382274,0.8855926579355657,2.1873686895233573e-08,0.24861111111111112
Drug_100125889,3,2.428571428571429,0.7990635300581405,0.0,0.0020833333333333333
Drug_100128549,19,18.666666666666668,0.9750676661440935,0.0,0.013194444444444444
Drug_100130881,20,14.6,0.5657295844793985,4.211678985827701e-06,0.013920454545454547
Drug_100132971,31,24.511670924722324,0.6847914883771383,2.4008784372705806e-05,0.03269927536231884
Drug_100132999,1,1.0,0.0,0.0,0.0006944444444444445
Drug_100134018,7,5.333333333333333,0.7045340615681149,0.0,0.004861111111111111
Drug_100134780,2,2.0,1.0,0.0,0.001388888888888889
Drug_100147912,31,24.511670924722324,0.6847914883771383,2.4008784372705806e-05,0.03269927536231884
Drug_100148121,6,4.0,0.7631428283688878,0.0,0.004687500000000001
Drug_100148192,20,14.6,0.5657295844793985,4.211678985827701e-06,0.013920454545454547
Drug_100150310,1,1.0,0.0,0.0,0.0006944444444444445
Drug_100150311,1,1.0,0.0,0.0,0.0006944444444444445
Drug_100151165,1,1.0,0.0,0.0,0.0006944444444444445
Drug_100151171,358,338.5118791058311,0.9302464116783351,2.1873686895233573e-08,0.24861111111111112
Drug_100154058,73,58.172721722721725,0.7069899529024115,5.083102380002764e-06,0.051193820224719105
Drug_100154256,5,4.0,0.7409723674632056,0.0,0.003472222222222222
Drug_100156326,358,322.06426235911425,0.9001594548029681,2.1873686895233573e-08,0.24861111111111112
Drug_100158781,358,338.5118791058311,0.9302464116783351,2.1873686895233573e-08,0.24861111111111112
Drug_100163296,1,1.0,0.0,0.0,0.0006944444444444445
Drug_100170361,16,10.611419546636938,0.4833767877072537,0.00014633147161523344,0.019890309343434342
Drug_100176870,1,1.0,0.0,0.0,0.0006944444444444445
Drug_100193962,5,2.6,0.32573011399138874,1.9303528685043627e-06,0.003472222222222222
Drug_100208898,1,1.0,0.0,0.0,0.0006944444444444445
Drug_100208902,3,1.8,0.5428835233189813,0.0,0.0020833333333333333
Drug_100208908,1,1.0,0.0,0.0,0.0006944444444444445
Drug_100213046,358,338.5118791058311,0.9302464116783352,2.1873686895233573e-08,0.24861111111111112
Drug_100216209,1,1.0,0.0,0.0,0.0006944444444444445
Drug_100216210,1,1.0,0.0,0.0,0.0006944444444444445
Drug_100216237,358,338.5118791058311,0.9302464116783358,2.1873686895233573e-08,0.24861111111111112
Drug_100216239,16,10.474247544513943,0.5986048408471867,9.651764342521813e-07,0.010714285714285714
Drug_100216326,2,2.0,1.0,0.0,0.001388888888888889
Drug_100216416,5,4.0,0.7409723674632056,0.0,0.003472222222222222
Drug_100219024,2,1.5,0.6299605249474366,0.0,0.001388888888888889
Drug_100219078,13,6.618595724762053,0.3342826121006773,0.00011196046637325304,0.015427350427350429
Drug_100315411,0,0.0,0.0,0.0,0.0
Drug_100443379,19,12.666666666666666,0.7631428283688879,0.0,0.013194444444444444
Drug_100644241,1,1.0,0.0,0.0,0.0006944444444444445
Drug_100667490,7,4.466666666666667,0.6355744044322907,0.0,0.004861111111111111
Drug_101349907,0,0.0,0.0,0.0,0.0
Drug_102723601,10,8.52518315018315,0.8427555022726123,0.0,0.006944444444444444
Drug_103010818,3,2.4,0.7883735163105242,0.0,0.0020833333333333333
Drug_103062316,17,10.70738296384972,0.5273415124751235,1.54428229480349e-05,0.011842105263157895
Drug_103081361,1,1.0,0.0,0.0,0.0006944444444444445
Drug_103086685,1,0.7560975609756098,0.0,0.0,0.0006944444444444445
Drug_103086686,11,5.707380926607594,0.5438167381465756,0.0,0.008653846153846154
Drug_104369359,5,4.066666666666666,0.6513511084898843,6.434509561681208e-07,0.003472222222222222
Drug_104659568,3,3.0,1.0,0.0,0.0020833333333333333
Drug_104659569,3,3.0,1.0,0.0,0.0020833333333333333
Drug_105251896,5,4.066666666666666,0.6513511084898843,6.434509561681208e-07,0.003472222222222222
Drug_105327147,1,1.0,0.0,0.0,0.0006944444444444445
Drug_105328940,16,9.087311930535087,0.5400218205288386,9.651764342521813e-07,0.010714285714285714
Drug_105353980,0,0.0,0.0,0.0,0.0
Drug_105361912,2,1.5625,0.6814202223120523,0.0,0.0015625
Drug_105361917,12,10.533333333333333,0.8369454456183822,0.0,0.008333333333333333
Drug_105381226,3,1.525,0.22714007410401746,1.9303528685043627e-06,0.0020833333333333333
Drug_105464096,19,18.666666666666668,0.9750676661440935,0.0,0.013194444444444444
Drug_106433117,358,338.5118791058311,0.9302464116783352,2.1873686895233573e-08,0.24861111111111112
Drug_106435110,2,1.178794178794179,0.5730795009521813,0.0,0.001388888888888889
Drug_106918313,358,314.42192662382274,0.8855926579355655,2.1873686895233573e-08,0.24861111111111112
Drug_106918638,5,3.618181818181818,0.44439599757470355,1.9303528685043627e-06,0.003472222222222222
Drug_109818231,16,11.083055577385393,0.6191066142464688,9.651764342521813e-07,0.010714285714285714
Drug_109825285,358,338.5118791058311,0.9302464116783354,2.1873686895233573e-08,0.24861111111111112
Drug_109871419,1,1.0,0.0,0.0,0.0006944444444444445
Drug_109887712,1,1.0,0.0,0.0,0.0006944444444444445
Drug_109966051,18,8.911376608500134,0.30154403875157554,0.00017752890049272874,0.018232783564814815
Drug_110096344,4,3.5,0.8855488076521759,0.0,0.0028935185185185184
Drug_110113978,1,1.0,0.0,0.0,0.0006944444444444445
Drug_110163178,1,1.0,0.0,0.0,0.0006944444444444445
Drug_110182969,15,13.10260444551742,0.8211039913847221,4.454660465779299e-07,0.010562865497076024
Drug_110324367,3,2.4,0.7883735163105242,0.0,0.0020833333333333333
Drug_110465263,358,338.5118791058311,0.9302464116783352,2.1873686895233573e-08,0.24861111111111112
Drug_111020241,15,8.188048552754434,0.5905643166172351,0.0,0.010560344827586207
Drug_111163584,4,2.5,0.5866403499649577,0.0,0.0034027777777777776
Drug_111228026,69,49.73088023088023,0.667500148496521,2.0805749953330138e-05,0.047960526315789474
Drug_111519069,48,24.86190476190476,0.568036914706781,1.0893667514428161e-05,0.03796875
Drug_111597571,3,1.7343795408311538,0.1819327809706184,1.6407999382287084e-05,0.006818181818181818
Drug_111707110,1,1.0,0.0,0.0,0.0006944444444444445
Drug_116126651,3,2.571428571428571,0.8514838849485784,0.0,0.0020833333333333333
Drug_116132265,0,0.0,0.0,0.0,0.0
Drug_116132283,4,3.75,0.9578867904919414,0.0,0.002777777777777778
Drug_116132344,4,3.9375,0.9789433952459707,0.0,0.002777777777777778
Drug_116156130,4,3.9375,0.9789433952459707,0.0,0.002777777777777778
Drug_117754772,0,0.0,0.0,0.0,0.0
Drug_123690938,1,1.0,0.0,0.0,0.0006944444444444445
Drug_124776445,1,1.0,0.0,0.0,0.0006944444444444445
Drug_124812758,1,1.0,0.0,0.0,0.0006944444444444445
Drug_124826799,16,11.621826319157613,0.6368070104519928,9.651764342521813e-07,0.010714285714285714
Drug_124950485,7,3.6666666666666665,0.1852324559448719,1.3512470079530538e-05,0.004861111111111111
Drug_124965990,358,338.5118791058311,0.930246411678335,2.1873686895233573e-08,0.24861111111111112
Drug_125102847,1,1.0,0.0,0.0,0.0006944444444444445
Drug_125880656,1,1.0,0.0,0.0,0.0006944444444444445
