source,target,weight
Drug_100005472,Drug_3032,0.7323943661971831
Drug_100005472,Drug_4174,0.4727272727272727
Drug_100005472,Drug_5472,1.0
Drug_100005472,Drug_6238,0.5714285714285714
Drug_100005472,Drug_91429,0.8524590163934426
Drug_100005472,Drug_100002145,0.9454545454545454
Drug_100005472,Drug_100003793,0.6933333333333334
Drug_100005472,Drug_100004174,0.4727272727272727
Drug_100005472,Drug_100014917,0.6753246753246753
Drug_100005472,Drug_100132971,0.9454545454545454
Drug_100073658,Drug_8378,0.5230769230769231
Drug_4828,Drug_2215,0.9937106918238994
Drug_4828,Drug_2476,0.9937106918238994
Drug_4828,Drug_2541,0.9875
Drug_4828,Drug_2771,0.8540540540540541
Drug_4828,Drug_2783,0.9875
Drug_4828,Drug_2818,0.7718446601941747
Drug_4828,Drug_3066,0.9937106918238994
Drug_4828,Drug_3151,0.9814814814814815
Drug_4828,Drug_3155,0.8586956521739131
Drug_4828,Drug_3158,0.8586956521739131
Drug_4828,Drug_3340,0.9937106918238994
Drug_4828,Drug_3343,0.9875
Drug_4828,Drug_3372,0.9575757575757575
Drug_4828,Drug_3386,0.8494623655913979
Drug_4828,Drug_3559,0.8736263736263736
Drug_4828,Drug_3715,0.8186528497409327
Drug_4828,Drug_3779,0.9813664596273292
Drug_4828,Drug_3827,0.9575757575757575
Drug_4828,Drug_3961,0.9693251533742331
Drug_4828,Drug_4095,0.8681318681318682
Drug_4828,Drug_4543,0.79
Drug_4828,Drug_4747,0.9239766081871345
Drug_4828,Drug_4768,0.9753086419753086
Drug_4828,Drug_4850,0.9937106918238994
Drug_4828,Drug_5002,0.8412698412698413
Drug_4828,Drug_5073,0.9186046511627907
Drug_4828,Drug_5090,0.9404761904761905
Drug_4828,Drug_5357,0.9937106918238994
Drug_4828,Drug_5358,1.0
Drug_4828,Drug_5656,0.88268156424581
Drug_4828,Drug_5709,0.9937106918238994
Drug_4828,Drug_5775,0.9875
Drug_4828,Drug_5959,0.9937106918238994
Drug_4828,Drug_6005,0.9937106918238994
Drug_4828,Drug_8230,0.9937106918238994
Drug_4828,Drug_9880,0.8144329896907216
Drug_4828,Drug_23897,0.9875
Drug_4828,Drug_28864,0.9813664596273292
Drug_4828,Drug_36811,0.8540540540540541
Drug_4828,Drug_39860,0.9937106918238994
Drug_4828,Drug_47811,0.9813664596273292
Drug_4828,Drug_59226,0.9937106918238994
Drug_4828,Drug_60795,0.8983050847457628
Drug_4828,Drug_60853,0.8594594594594595
Drug_4828,Drug_71348,0.9937106918238994
Drug_4828,Drug_71360,0.9575757575757575
Drug_4828,Drug_77998,0.8061224489795918
Drug_4828,Drug_115237,0.9753086419753086
Drug_4828,Drug_129211,0.9937106918238994
Drug_4828,Drug_216237,0.9937106918238994
Drug_4828,Drug_638678,0.9937106918238994
Drug_4828,Drug_5280360,0.9937106918238994
Drug_4828,Drug_5281037,0.9937106918238994
Drug_4828,Drug_5284604,0.9937106918238994
Drug_4828,Drug_5288826,0.9937106918238994
Drug_4828,Drug_5311068,0.9937106918238994
Drug_4828,Drug_5311507,0.9937106918238994
Drug_4828,Drug_5359272,0.9937106918238994
Drug_4828,Drug_9825285,0.9937106918238994
Drug_4828,Drug_9833444,0.9937106918238994
Drug_4828,Drug_24965990,0.9937106918238994
Drug_4828,Drug_100000158,0.9875
Drug_4828,Drug_100000681,0.8315789473684211
Drug_4828,Drug_100000774,0.6196078431372549
Drug_4828,Drug_100000951,0.8777777777777778
Drug_4828,Drug_100002083,0.9937106918238994
Drug_4828,Drug_100002170,0.8633879781420765
Drug_4828,Drug_100002215,0.9813664596273292
Drug_4828,Drug_100002369,0.9937106918238994
Drug_4828,Drug_100002520,0.8486486486486486
Drug_4828,Drug_100002540,0.9813664596273292
Drug_4828,Drug_100002585,0.9634146341463414
Drug_4828,Drug_100002726,0.8548387096774194
Drug_4828,Drug_100002764,0.9875
Drug_4828,Drug_100002781,0.9404761904761905
Drug_4828,Drug_100002801,0.7718446601941747
Drug_4828,Drug_100002803,0.9693251533742331
Drug_4828,Drug_100002978,0.5096774193548387
Drug_4828,Drug_100002995,0.8548387096774194
Drug_4828,Drug_100003007,0.88268156424581
Drug_4828,Drug_100003066,0.9875
Drug_4828,Drug_100003157,0.9813664596273292
Drug_4828,Drug_100003168,0.9814814814814815
Drug_4828,Drug_100003251,0.9753086419753086
Drug_4828,Drug_100003340,0.9937106918238994
Drug_4828,Drug_100003345,0.9813664596273292
Drug_4828,Drug_100003367,0.9634146341463414
Drug_4828,Drug_100003696,0.8412698412698413
Drug_4828,Drug_100003827,0.9575757575757575
Drug_4828,Drug_100003916,0.9875
Drug_4828,Drug_100003954,0.9753086419753086
Drug_4828,Drug_100004140,0.9875
Drug_4828,Drug_100004171,0.9875
Drug_4828,Drug_100004422,0.9937106918238994
Drug_4828,Drug_100004635,0.9937106918238994
Drug_4828,Drug_100004639,0.9937106918238994
Drug_4828,Drug_100004736,0.9408284023668639
Drug_4828,Drug_100004747,0.9239766081871345
Drug_4828,Drug_100004885,0.9937106918238994
Drug_4828,Drug_100004893,0.9634146341463414
Drug_4828,Drug_100005002,0.8412698412698413
Drug_4828,Drug_100005358,1.0
Drug_4828,Drug_100005401,0.9875
Drug_4828,Drug_100005487,0.9937106918238994
Drug_4828,Drug_100005524,0.8876404494382022
Drug_4828,Drug_100005533,0.88268156424581
Drug_4828,Drug_100005771,0.9937106918238994
Drug_4828,Drug_100010100,0.98125
Drug_4828,Drug_100012453,0.9937106918238994
Drug_4828,Drug_100041693,0.9875
Drug_4828,Drug_100042955,0.9937106918238994
Drug_4828,Drug_100054313,0.9813664596273292
Drug_4828,Drug_100054373,0.9937106918238994
Drug_4828,Drug_100060146,0.9937106918238994
Drug_4828,Drug_100060612,0.9937106918238994
Drug_4828,Drug_100065014,0.9937106918238994
Drug_4828,Drug_100068613,0.9937106918238994
Drug_4828,Drug_100104865,0.9937106918238994
Drug_4828,Drug_100216237,0.9937106918238994
Drug_4828,Drug_106433117,0.9937106918238994
Drug_4828,Drug_124965990,0.9937106918238994
Drug_100002083,Drug_2215,1.0
Drug_100002083,Drug_2476,1.0
Drug_100002083,Drug_2541,0.9937106918238994
Drug_100002083,Drug_2771,0.8586956521739131
Drug_100002083,Drug_2783,0.9937106918238994
Drug_100002083,Drug_2818,0.7669902912621359
Drug_100002083,Drug_3066,1.0
Drug_100002083,Drug_3151,0.9753086419753086
Drug_100002083,Drug_3155,0.8633879781420765
Drug_100002083,Drug_3158,0.8633879781420765
Drug_100002083,Drug_3340,1.0
Drug_100002083,Drug_3343,0.9937106918238994
Drug_100002083,Drug_3372,0.9634146341463414
Drug_100002083,Drug_3386,0.8540540540540541
Drug_100002083,Drug_3559,0.8681318681318682
Drug_100002083,Drug_3715,0.8229166666666666
Drug_100002083,Drug_3779,0.9875
Drug_100002083,Drug_3827,0.9634146341463414
Drug_100002083,Drug_3961,0.9753086419753086
Drug_100002083,Drug_4095,0.8729281767955801
Drug_100002083,Drug_4543,0.7939698492462312
Drug_100002083,Drug_4747,0.9294117647058824
Drug_100002083,Drug_4768,0.9813664596273292
Drug_100002083,Drug_4850,1.0
Drug_100002083,Drug_5002,0.8359788359788359
Drug_100002083,Drug_5073,0.9239766081871345
Drug_100002083,Drug_5090,0.9461077844311377
Drug_100002083,Drug_5357,1.0
Drug_100002083,Drug_5358,0.9937106918238994
Drug_100002083,Drug_5656,0.8876404494382022
Drug_100002083,Drug_5709,1.0
Drug_100002083,Drug_5775,0.9937106918238994
Drug_100002083,Drug_5959,1.0
Drug_100002083,Drug_6005,1.0
Drug_100002083,Drug_8230,1.0
Drug_100002083,Drug_9880,0.8186528497409327
Drug_100002083,Drug_23897,0.9937106918238994
Drug_100002083,Drug_28864,0.9875
Drug_100002083,Drug_36811,0.8586956521739131
Drug_100002083,Drug_39860,1.0
Drug_100002083,Drug_47811,0.9875
Drug_100002083,Drug_59226,1.0
Drug_100002083,Drug_60795,0.8926553672316384
Drug_100002083,Drug_60853,0.8540540540540541
Drug_100002083,Drug_71348,1.0
Drug_100002083,Drug_71360,0.9634146341463414
Drug_100002083,Drug_77998,0.8102564102564103
Drug_100002083,Drug_115237,0.9813664596273292
Drug_100002083,Drug_129211,1.0
Drug_100002083,Drug_216237,1.0
Drug_100002083,Drug_638678,1.0
Drug_100002083,Drug_5280360,1.0
Drug_100002083,Drug_5281037,1.0
Drug_100002083,Drug_5284604,1.0
Drug_100002083,Drug_5288826,1.0
Drug_100002083,Drug_5311068,1.0
Drug_100002083,Drug_5311507,1.0
Drug_100002083,Drug_5359272,1.0
Drug_100002083,Drug_9825285,1.0
Drug_100002083,Drug_9833444,1.0
Drug_100002083,Drug_24965990,1.0
Drug_100002083,Drug_100000158,0.9937106918238994
Drug_100002083,Drug_100000681,0.8359788359788359
Drug_100002083,Drug_100000774,0.6220472440944882
Drug_100002083,Drug_100000951,0.88268156424581
Drug_100002083,Drug_100002170,0.8681318681318682
Drug_100002083,Drug_100002215,0.9875
Drug_100002083,Drug_100002369,1.0
Drug_100002083,Drug_100002520,0.8532608695652174
Drug_100002083,Drug_100002540,0.9875
Drug_100002083,Drug_100002585,0.9693251533742331
Drug_100002083,Drug_100002726,0.8494623655913979
Drug_100002083,Drug_100002764,0.9937106918238994
Drug_100002083,Drug_100002781,0.9461077844311377
Drug_100002083,Drug_100002801,0.7669902912621359
Drug_100002083,Drug_100002803,0.9753086419753086
Drug_100002083,Drug_100002978,0.511326860841424
Drug_100002083,Drug_100002995,0.8494623655913979
Drug_100002083,Drug_100003007,0.8876404494382022
Drug_100002083,Drug_100003066,0.9937106918238994
Drug_100002083,Drug_100003157,0.9875
Drug_100002083,Drug_100003168,0.9753086419753086
Drug_100002083,Drug_100003251,0.9813664596273292
Drug_100002083,Drug_100003340,1.0
Drug_100002083,Drug_100003345,0.9875
Drug_100002083,Drug_100003367,0.9693251533742331
Drug_100002083,Drug_100003696,0.8359788359788359
Drug_100002083,Drug_100003827,0.9634146341463414
Drug_100002083,Drug_100003916,0.9937106918238994
Drug_100002083,Drug_100003954,0.9813664596273292
Drug_100002083,Drug_100004140,0.9937106918238994
Drug_100002083,Drug_100004171,0.9937106918238994
Drug_100002083,Drug_100004422,1.0
Drug_100002083,Drug_100004635,1.0
Drug_100002083,Drug_100004639,1.0
Drug_100002083,Drug_100004736,0.9349112426035503
Drug_100002083,Drug_100004747,0.9294117647058824
Drug_100002083,Drug_100004885,1.0
Drug_100002083,Drug_100004893,0.9693251533742331
Drug_100002083,Drug_100005002,0.8359788359788359
Drug_100002083,Drug_100005358,0.9937106918238994
Drug_100002083,Drug_100005401,0.9937106918238994
Drug_100002083,Drug_100005487,1.0
Drug_100002083,Drug_100005524,0.8926553672316384
Drug_100002083,Drug_100005533,0.8876404494382022
Drug_100002083,Drug_100005771,1.0
Drug_100002083,Drug_100010100,0.9874213836477987
Drug_100002083,Drug_100012453,1.0
Drug_100002083,Drug_100041693,0.9937106918238994
Drug_100002083,Drug_100042955,1.0
Drug_100002083,Drug_100054313,0.9875
Drug_100002083,Drug_100054373,1.0
Drug_100002083,Drug_100060146,1.0
Drug_100002083,Drug_100060612,1.0
Drug_100002083,Drug_100065014,1.0
Drug_100002083,Drug_100068613,1.0
Drug_100002083,Drug_100104865,1.0
Drug_100002083,Drug_100216237,1.0
Drug_100002083,Drug_106433117,1.0
Drug_100002083,Drug_124965990,1.0
Drug_5281081,Drug_4659569,1.0
Drug_5281081,Drug_104659568,1.0
Drug_5281071,Drug_2370,1.0
Drug_5281071,Drug_2381,1.0
Drug_5281071,Drug_2564,1.0
Drug_5281071,Drug_3100,0.5
Drug_5281071,Drug_3623,1.0
Drug_5281071,Drug_3947,0.4
Drug_5281071,Drug_4034,1.0
Drug_5281071,Drug_4601,0.4
Drug_5281071,Drug_4746,0.5
Drug_5281071,Drug_5909,0.75
Drug_5281071,Drug_124087,0.4
Drug_5281071,Drug_154417,1.0
Drug_5281071,Drug_100002370,1.0
Drug_5281071,Drug_100004120,0.8333333333333334
Drug_5281071,Drug_100004819,0.75
Drug_39860,Drug_2215,1.0
Drug_39860,Drug_2476,1.0
Drug_39860,Drug_2541,0.9937106918238994
Drug_39860,Drug_2771,0.8586956521739131
Drug_39860,Drug_2783,0.9937106918238994
Drug_39860,Drug_2818,0.7669902912621359
Drug_39860,Drug_3066,1.0
Drug_39860,Drug_3151,0.9753086419753086
Drug_39860,Drug_3155,0.8633879781420765
Drug_39860,Drug_3158,0.8633879781420765
Drug_39860,Drug_3340,1.0
Drug_39860,Drug_3343,0.9937106918238994
Drug_39860,Drug_3372,0.9634146341463414
Drug_39860,Drug_3386,0.8540540540540541
Drug_39860,Drug_3559,0.8681318681318682
Drug_39860,Drug_3715,0.8229166666666666
Drug_39860,Drug_3779,0.9875
Drug_39860,Drug_3827,0.9634146341463414
Drug_39860,Drug_3961,0.9753086419753086
Drug_39860,Drug_4095,0.8729281767955801
Drug_39860,Drug_4543,0.7939698492462312
Drug_39860,Drug_4747,0.9294117647058824
Drug_39860,Drug_4768,0.9813664596273292
Drug_39860,Drug_4850,1.0
Drug_39860,Drug_5002,0.8359788359788359
Drug_39860,Drug_5073,0.9239766081871345
Drug_39860,Drug_5090,0.9461077844311377
Drug_39860,Drug_5357,1.0
Drug_39860,Drug_5358,0.9937106918238994
Drug_39860,Drug_5656,0.8876404494382022
Drug_39860,Drug_5709,1.0
Drug_39860,Drug_5775,0.9937106918238994
Drug_39860,Drug_5959,1.0
Drug_39860,Drug_6005,1.0
Drug_39860,Drug_8230,1.0
Drug_39860,Drug_9880,0.8186528497409327
Drug_39860,Drug_23897,0.9937106918238994
Drug_39860,Drug_28864,0.9875
Drug_39860,Drug_36811,0.8586956521739131
Drug_39860,Drug_47811,0.9875
Drug_39860,Drug_59226,1.0
Drug_39860,Drug_60795,0.8926553672316384
Drug_39860,Drug_60853,0.8540540540540541
Drug_39860,Drug_71348,1.0
Drug_39860,Drug_71360,0.9634146341463414
Drug_39860,Drug_77998,0.8102564102564103
Drug_39860,Drug_115237,0.9813664596273292
Drug_39860,Drug_129211,1.0
Drug_39860,Drug_216237,1.0
Drug_39860,Drug_638678,1.0
Drug_39860,Drug_5280360,1.0
Drug_39860,Drug_5281037,1.0
Drug_39860,Drug_5284604,1.0
Drug_39860,Drug_5288826,1.0
Drug_39860,Drug_5311068,1.0
Drug_39860,Drug_5311507,1.0
Drug_39860,Drug_5359272,1.0
Drug_39860,Drug_9825285,1.0
Drug_39860,Drug_9833444,1.0
Drug_39860,Drug_24965990,1.0
Drug_39860,Drug_100000158,0.9937106918238994
Drug_39860,Drug_100000681,0.8359788359788359
Drug_39860,Drug_100000774,0.6220472440944882
Drug_39860,Drug_100000951,0.88268156424581
Drug_39860,Drug_100002170,0.8681318681318682
Drug_39860,Drug_100002215,0.9875
Drug_39860,Drug_100002369,1.0
Drug_39860,Drug_100002520,0.8532608695652174
Drug_39860,Drug_100002540,0.9875
Drug_39860,Drug_100002585,0.9693251533742331
Drug_39860,Drug_100002726,0.8494623655913979
Drug_39860,Drug_100002764,0.9937106918238994
Drug_39860,Drug_100002781,0.9461077844311377
Drug_39860,Drug_100002801,0.7669902912621359
Drug_39860,Drug_100002803,0.9753086419753086
Drug_39860,Drug_100002978,0.511326860841424
Drug_39860,Drug_100002995,0.8494623655913979
Drug_39860,Drug_100003007,0.8876404494382022
Drug_39860,Drug_100003066,0.9937106918238994
Drug_39860,Drug_100003157,0.9875
Drug_39860,Drug_100003168,0.9753086419753086
Drug_39860,Drug_100003251,0.9813664596273292
Drug_39860,Drug_100003340,1.0
Drug_39860,Drug_100003345,0.9875
Drug_39860,Drug_100003367,0.9693251533742331
Drug_39860,Drug_100003696,0.8359788359788359
Drug_39860,Drug_100003827,0.9634146341463414
Drug_39860,Drug_100003916,0.9937106918238994
Drug_39860,Drug_100003954,0.9813664596273292
Drug_39860,Drug_100004140,0.9937106918238994
Drug_39860,Drug_100004171,0.9937106918238994
Drug_39860,Drug_100004422,1.0
Drug_39860,Drug_100004635,1.0
Drug_39860,Drug_100004639,1.0
Drug_39860,Drug_100004736,0.9349112426035503
Drug_39860,Drug_100004747,0.9294117647058824
Drug_39860,Drug_100004885,1.0
Drug_39860,Drug_100004893,0.9693251533742331
Drug_39860,Drug_100005002,0.8359788359788359
Drug_39860,Drug_100005358,0.9937106918238994
Drug_39860,Drug_100005401,0.9937106918238994
Drug_39860,Drug_100005487,1.0
Drug_39860,Drug_100005524,0.8926553672316384
Drug_39860,Drug_100005533,0.8876404494382022
Drug_39860,Drug_100005771,1.0
Drug_39860,Drug_100010100,0.9874213836477987
Drug_39860,Drug_100012453,1.0
Drug_39860,Drug_100041693,0.9937106918238994
Drug_39860,Drug_100042955,1.0
Drug_39860,Drug_100054313,0.9875
Drug_39860,Drug_100054373,1.0
Drug_39860,Drug_100060146,1.0
Drug_39860,Drug_100060612,1.0
Drug_39860,Drug_100065014,1.0
Drug_39860,Drug_100068613,1.0
Drug_39860,Drug_100104865,1.0
Drug_39860,Drug_100216237,1.0
Drug_39860,Drug_106433117,1.0
Drug_39860,Drug_124965990,1.0
Drug_100005530,Drug_936,0.7899159663865546
Drug_100005530,Drug_977,0.48
Drug_100005530,Drug_100000247,0.912621359223301
Drug_100005530,Drug_100002232,0.9215686274509803
Drug_4212,Drug_5291,0.7310344827586207
Drug_4212,Drug_216239,0.7027027027027027
Drug_4212,Drug_9926791,0.859504132231405
Drug_4212,Drug_24826799,0.9285714285714286
Drug_4212,Drug_100005291,0.7310344827586207
Drug_4212,Drug_103062316,0.6687898089171974
Drug_100004171,Drug_2215,0.9937106918238994
Drug_100004171,Drug_2476,0.9937106918238994
Drug_100004171,Drug_2541,0.9875
Drug_100004171,Drug_2771,0.8540540540540541
Drug_100004171,Drug_2783,0.9875
Drug_100004171,Drug_2818,0.7632850241545893
Drug_100004171,Drug_3066,0.9937106918238994
Drug_100004171,Drug_3151,0.9693251533742331
Drug_100004171,Drug_3155,0.8586956521739131
Drug_100004171,Drug_3158,0.8586956521739131
Drug_100004171,Drug_3340,0.9937106918238994
Drug_100004171,Drug_3343,0.9875
Drug_100004171,Drug_3372,0.9575757575757575
Drug_100004171,Drug_3386,0.8594594594594595
Drug_100004171,Drug_3559,0.8633879781420765
Drug_100004171,Drug_3715,0.8186528497409327
Drug_100004171,Drug_3779,0.9813664596273292
Drug_100004171,Drug_3827,0.9575757575757575
Drug_100004171,Drug_3961,0.9693251533742331
Drug_100004171,Drug_4095,0.8681318681318682
Drug_100004171,Drug_4543,0.7989949748743719
Drug_100004171,Drug_4747,0.9239766081871345
Drug_100004171,Drug_4768,0.9753086419753086
Drug_100004171,Drug_4850,0.9937106918238994
Drug_100004171,Drug_5002,0.8315789473684211
Drug_100004171,Drug_5073,0.9298245614035088
Drug_100004171,Drug_5090,0.9404761904761905
Drug_100004171,Drug_5357,0.9937106918238994
Drug_100004171,Drug_5358,0.9875
Drug_100004171,Drug_5656,0.88268156424581
Drug_100004171,Drug_5709,0.9937106918238994
Drug_100004171,Drug_5775,0.9875
Drug_100004171,Drug_5959,0.9937106918238994
Drug_100004171,Drug_6005,0.9937106918238994
Drug_100004171,Drug_8230,0.9937106918238994
Drug_100004171,Drug_9880,0.8144329896907216
Drug_100004171,Drug_23897,0.9875
Drug_100004171,Drug_28864,0.99375
Drug_100004171,Drug_36811,0.8540540540540541
Drug_100004171,Drug_47811,0.99375
Drug_100004171,Drug_59226,0.9937106918238994
Drug_100004171,Drug_60795,0.8876404494382022
Drug_100004171,Drug_60853,0.8494623655913979
Drug_100004171,Drug_71348,0.9937106918238994
Drug_100004171,Drug_71360,0.9575757575757575
Drug_100004171,Drug_77998,0.8061224489795918
Drug_100004171,Drug_115237,0.9753086419753086
Drug_100004171,Drug_129211,0.9937106918238994
Drug_100004171,Drug_216237,0.9937106918238994
Drug_100004171,Drug_638678,0.9937106918238994
Drug_100004171,Drug_5280360,0.9937106918238994
Drug_100004171,Drug_5281037,0.9937106918238994
Drug_100004171,Drug_5284604,0.9937106918238994
Drug_100004171,Drug_5288826,0.9937106918238994
Drug_100004171,Drug_5311068,0.9937106918238994
Drug_100004171,Drug_5311507,0.9937106918238994
Drug_100004171,Drug_5359272,0.9937106918238994
Drug_100004171,Drug_9825285,0.9937106918238994
Drug_100004171,Drug_9833444,0.9937106918238994
Drug_100004171,Drug_24965990,0.9937106918238994
Drug_100004171,Drug_100000158,0.9875
Drug_100004171,Drug_100000681,0.8315789473684211
Drug_100004171,Drug_100000774,0.6196078431372549
Drug_100004171,Drug_100000951,0.8777777777777778
Drug_100004171,Drug_100002170,0.8633879781420765
Drug_100004171,Drug_100002215,0.9813664596273292
Drug_100004171,Drug_100002369,0.9937106918238994
Drug_100004171,Drug_100002520,0.8486486486486486
Drug_100004171,Drug_100002540,0.9813664596273292
Drug_100004171,Drug_100002585,0.9634146341463414
Drug_100004171,Drug_100002726,0.8548387096774194
Drug_100004171,Drug_100002764,0.9875
Drug_100004171,Drug_100002781,0.9520958083832335
Drug_100004171,Drug_100002801,0.7718446601941747
Drug_100004171,Drug_100002803,0.9693251533742331
Drug_100004171,Drug_100002978,0.5096774193548387
Drug_100004171,Drug_100002995,0.8449197860962567
Drug_100004171,Drug_100003007,0.88268156424581
Drug_100004171,Drug_100003066,0.9875
Drug_100004171,Drug_100003157,0.9813664596273292
Drug_100004171,Drug_100003168,0.9693251533742331
Drug_100004171,Drug_100003251,0.9753086419753086
Drug_100004171,Drug_100003340,0.9937106918238994
Drug_100004171,Drug_100003345,0.9813664596273292
Drug_100004171,Drug_100003367,0.9634146341463414
Drug_100004171,Drug_100003696,0.8315789473684211
Drug_100004171,Drug_100003827,0.9575757575757575
Drug_100004171,Drug_100003916,0.9875
Drug_100004171,Drug_100003954,0.9875776397515528
Drug_100004171,Drug_100004140,1.0
Drug_100004171,Drug_100004422,0.9937106918238994
Drug_100004171,Drug_100004635,0.9937106918238994
Drug_100004171,Drug_100004639,0.9937106918238994
Drug_100004171,Drug_100004736,0.9294117647058824
Drug_100004171,Drug_100004747,0.9239766081871345
Drug_100004171,Drug_100004885,0.9937106918238994
Drug_100004171,Drug_100004893,0.9634146341463414
Drug_100004171,Drug_100005002,0.8315789473684211
Drug_100004171,Drug_100005358,0.9875
Drug_100004171,Drug_100005401,0.9875
Drug_100004171,Drug_100005487,0.9937106918238994
Drug_100004171,Drug_100005524,0.8876404494382022
Drug_100004171,Drug_100005533,0.88268156424581
Drug_100004171,Drug_100005771,0.9937106918238994
Drug_100004171,Drug_100010100,0.98125
Drug_100004171,Drug_100012453,0.9937106918238994
Drug_100004171,Drug_100041693,0.9875
Drug_100004171,Drug_100042955,0.9937106918238994
Drug_100004171,Drug_100054313,0.9813664596273292
Drug_100004171,Drug_100054373,0.9937106918238994
Drug_100004171,Drug_100060146,0.9937106918238994
Drug_100004171,Drug_100060612,0.9937106918238994
Drug_100004171,Drug_100065014,0.9937106918238994
Drug_100004171,Drug_100068613,0.9937106918238994
Drug_100004171,Drug_100104865,0.9937106918238994
Drug_100004171,Drug_100216237,0.9937106918238994
Drug_100004171,Drug_106433117,0.9937106918238994
Drug_100004171,Drug_124965990,0.9937106918238994
Drug_71348,Drug_2215,1.0
Drug_71348,Drug_2476,1.0
Drug_71348,Drug_2541,0.9937106918238994
Drug_71348,Drug_2771,0.8586956521739131
Drug_71348,Drug_2783,0.9937106918238994
Drug_71348,Drug_2818,0.7669902912621359
Drug_71348,Drug_3066,1.0
Drug_71348,Drug_3151,0.9753086419753086
Drug_71348,Drug_3155,0.8633879781420765
Drug_71348,Drug_3158,0.8633879781420765
Drug_71348,Drug_3340,1.0
Drug_71348,Drug_3343,0.9937106918238994
Drug_71348,Drug_3372,0.9634146341463414
Drug_71348,Drug_3386,0.8540540540540541
Drug_71348,Drug_3559,0.8681318681318682
Drug_71348,Drug_3715,0.8229166666666666
Drug_71348,Drug_3779,0.9875
Drug_71348,Drug_3827,0.9634146341463414
Drug_71348,Drug_3961,0.9753086419753086
Drug_71348,Drug_4095,0.8729281767955801
Drug_71348,Drug_4543,0.7939698492462312
Drug_71348,Drug_4747,0.9294117647058824
Drug_71348,Drug_4768,0.9813664596273292
Drug_71348,Drug_4850,1.0
Drug_71348,Drug_5002,0.8359788359788359
Drug_71348,Drug_5073,0.9239766081871345
Drug_71348,Drug_5090,0.9461077844311377
Drug_71348,Drug_5357,1.0
Drug_71348,Drug_5358,0.9937106918238994
Drug_71348,Drug_5656,0.8876404494382022
Drug_71348,Drug_5709,1.0
Drug_71348,Drug_5775,0.9937106918238994
Drug_71348,Drug_5959,1.0
Drug_71348,Drug_6005,1.0
Drug_71348,Drug_8230,1.0
Drug_71348,Drug_9880,0.8186528497409327
Drug_71348,Drug_23897,0.9937106918238994
Drug_71348,Drug_28864,0.9875
Drug_71348,Drug_36811,0.8586956521739131
Drug_71348,Drug_47811,0.9875
Drug_71348,Drug_59226,1.0
Drug_71348,Drug_60795,0.8926553672316384
Drug_71348,Drug_60853,0.8540540540540541
Drug_71348,Drug_71360,0.9634146341463414
Drug_71348,Drug_77998,0.8102564102564103
Drug_71348,Drug_115237,0.9813664596273292
Drug_71348,Drug_129211,1.0
Drug_71348,Drug_216237,1.0
Drug_71348,Drug_638678,1.0
Drug_71348,Drug_5280360,1.0
Drug_71348,Drug_5281037,1.0
Drug_71348,Drug_5284604,1.0
Drug_71348,Drug_5288826,1.0
Drug_71348,Drug_5311068,1.0
Drug_71348,Drug_5311507,1.0
Drug_71348,Drug_5359272,1.0
Drug_71348,Drug_9825285,1.0
Drug_71348,Drug_9833444,1.0
Drug_71348,Drug_24965990,1.0
Drug_71348,Drug_100000158,0.9937106918238994
Drug_71348,Drug_100000681,0.8359788359788359
Drug_71348,Drug_100000774,0.6220472440944882
Drug_71348,Drug_100000951,0.88268156424581
Drug_71348,Drug_100002170,0.8681318681318682
Drug_71348,Drug_100002215,0.9875
Drug_71348,Drug_100002369,1.0
Drug_71348,Drug_100002520,0.8532608695652174
Drug_71348,Drug_100002540,0.9875
Drug_71348,Drug_100002585,0.9693251533742331
Drug_71348,Drug_100002726,0.8494623655913979
Drug_71348,Drug_100002764,0.9937106918238994
Drug_71348,Drug_100002781,0.9461077844311377
Drug_71348,Drug_100002801,0.7669902912621359
Drug_71348,Drug_100002803,0.9753086419753086
Drug_71348,Drug_100002978,0.511326860841424
Drug_71348,Drug_100002995,0.8494623655913979
Drug_71348,Drug_100003007,0.8876404494382022
Drug_71348,Drug_100003066,0.9937106918238994
Drug_71348,Drug_100003157,0.9875
Drug_71348,Drug_100003168,0.9753086419753086
Drug_71348,Drug_100003251,0.9813664596273292
Drug_71348,Drug_100003340,1.0
Drug_71348,Drug_100003345,0.9875
Drug_71348,Drug_100003367,0.9693251533742331
Drug_71348,Drug_100003696,0.8359788359788359
Drug_71348,Drug_100003827,0.9634146341463414
Drug_71348,Drug_100003916,0.9937106918238994
Drug_71348,Drug_100003954,0.9813664596273292
Drug_71348,Drug_100004140,0.9937106918238994
Drug_71348,Drug_100004422,1.0
Drug_71348,Drug_100004635,1.0
Drug_71348,Drug_100004639,1.0
Drug_71348,Drug_100004736,0.9349112426035503
Drug_71348,Drug_100004747,0.9294117647058824
Drug_71348,Drug_100004885,1.0
Drug_71348,Drug_100004893,0.9693251533742331
Drug_71348,Drug_100005002,0.8359788359788359
Drug_71348,Drug_100005358,0.9937106918238994
Drug_71348,Drug_100005401,0.9937106918238994
Drug_71348,Drug_100005487,1.0
Drug_71348,Drug_100005524,0.8926553672316384
Drug_71348,Drug_100005533,0.8876404494382022
Drug_71348,Drug_100005771,1.0
Drug_71348,Drug_100010100,0.9874213836477987
Drug_71348,Drug_100012453,1.0
Drug_71348,Drug_100041693,0.9937106918238994
Drug_71348,Drug_100042955,1.0
Drug_71348,Drug_100054313,0.9875
Drug_71348,Drug_100054373,1.0
Drug_71348,Drug_100060146,1.0
Drug_71348,Drug_100060612,1.0
Drug_71348,Drug_100065014,1.0
Drug_71348,Drug_100068613,1.0
Drug_71348,Drug_100104865,1.0
Drug_71348,Drug_100216237,1.0
Drug_71348,Drug_106433117,1.0
Drug_71348,Drug_124965990,1.0
Drug_100004865,Drug_6167,0.5789473684210527
Drug_100004865,Drug_100013342,0.7857142857142857
Drug_4032,Drug_100000942,0.5416666666666666
Drug_4032,Drug_100002551,0.40625
Drug_4032,Drug_100170361,0.5217391304347826
Drug_5311507,Drug_2215,1.0
Drug_5311507,Drug_2476,1.0
Drug_5311507,Drug_2541,0.9937106918238994
Drug_5311507,Drug_2771,0.8586956521739131
Drug_5311507,Drug_2783,0.9937106918238994
Drug_5311507,Drug_2818,0.7669902912621359
Drug_5311507,Drug_3066,1.0
Drug_5311507,Drug_3151,0.9753086419753086
Drug_5311507,Drug_3155,0.8633879781420765
Drug_5311507,Drug_3158,0.8633879781420765
Drug_5311507,Drug_3340,1.0
Drug_5311507,Drug_3343,0.9937106918238994
Drug_5311507,Drug_3372,0.9634146341463414
Drug_5311507,Drug_3386,0.8540540540540541
Drug_5311507,Drug_3559,0.8681318681318682
Drug_5311507,Drug_3715,0.8229166666666666
Drug_5311507,Drug_3779,0.9875
Drug_5311507,Drug_3827,0.9634146341463414
Drug_5311507,Drug_3961,0.9753086419753086
Drug_5311507,Drug_4095,0.8729281767955801
Drug_5311507,Drug_4543,0.7939698492462312
Drug_5311507,Drug_4747,0.9294117647058824
Drug_5311507,Drug_4768,0.9813664596273292
Drug_5311507,Drug_4850,1.0
Drug_5311507,Drug_5002,0.8359788359788359
Drug_5311507,Drug_5073,0.9239766081871345
Drug_5311507,Drug_5090,0.9461077844311377
Drug_5311507,Drug_5357,1.0
Drug_5311507,Drug_5358,0.9937106918238994
Drug_5311507,Drug_5656,0.8876404494382022
Drug_5311507,Drug_5709,1.0
Drug_5311507,Drug_5775,0.9937106918238994
Drug_5311507,Drug_5959,1.0
Drug_5311507,Drug_6005,1.0
Drug_5311507,Drug_8230,1.0
Drug_5311507,Drug_9880,0.8186528497409327
Drug_5311507,Drug_23897,0.9937106918238994
Drug_5311507,Drug_28864,0.9875
Drug_5311507,Drug_36811,0.8586956521739131
Drug_5311507,Drug_47811,0.9875
Drug_5311507,Drug_59226,1.0
Drug_5311507,Drug_60795,0.8926553672316384
Drug_5311507,Drug_60853,0.8540540540540541
Drug_5311507,Drug_71360,0.9634146341463414
Drug_5311507,Drug_77998,0.8102564102564103
Drug_5311507,Drug_115237,0.9813664596273292
Drug_5311507,Drug_129211,1.0
Drug_5311507,Drug_216237,1.0
Drug_5311507,Drug_638678,1.0
Drug_5311507,Drug_5280360,1.0
Drug_5311507,Drug_5281037,1.0
Drug_5311507,Drug_5284604,1.0
Drug_5311507,Drug_5288826,1.0
Drug_5311507,Drug_5311068,1.0
Drug_5311507,Drug_5359272,1.0
Drug_5311507,Drug_9825285,1.0
Drug_5311507,Drug_9833444,1.0
Drug_5311507,Drug_24965990,1.0
Drug_5311507,Drug_100000158,0.9937106918238994
Drug_5311507,Drug_100000681,0.8359788359788359
Drug_5311507,Drug_100000774,0.6220472440944882
Drug_5311507,Drug_100000951,0.88268156424581
Drug_5311507,Drug_100002170,0.8681318681318682
Drug_5311507,Drug_100002215,0.9875
Drug_5311507,Drug_100002369,1.0
Drug_5311507,Drug_100002520,0.8532608695652174
Drug_5311507,Drug_100002540,0.9875
Drug_5311507,Drug_100002585,0.9693251533742331
Drug_5311507,Drug_100002726,0.8494623655913979
Drug_5311507,Drug_100002764,0.9937106918238994
Drug_5311507,Drug_100002781,0.9461077844311377
Drug_5311507,Drug_100002801,0.7669902912621359
Drug_5311507,Drug_100002803,0.9753086419753086
Drug_5311507,Drug_100002978,0.511326860841424
Drug_5311507,Drug_100002995,0.8494623655913979
Drug_5311507,Drug_100003007,0.8876404494382022
Drug_5311507,Drug_100003066,0.9937106918238994
Drug_5311507,Drug_100003157,0.9875
Drug_5311507,Drug_100003168,0.9753086419753086
Drug_5311507,Drug_100003251,0.9813664596273292
Drug_5311507,Drug_100003340,1.0
Drug_5311507,Drug_100003345,0.9875
Drug_5311507,Drug_100003367,0.9693251533742331
Drug_5311507,Drug_100003696,0.8359788359788359
Drug_5311507,Drug_100003827,0.9634146341463414
Drug_5311507,Drug_100003916,0.9937106918238994
Drug_5311507,Drug_100003954,0.9813664596273292
Drug_5311507,Drug_100004140,0.9937106918238994
Drug_5311507,Drug_100004422,1.0
Drug_5311507,Drug_100004635,1.0
Drug_5311507,Drug_100004639,1.0
Drug_5311507,Drug_100004736,0.9349112426035503
Drug_5311507,Drug_100004747,0.9294117647058824
Drug_5311507,Drug_100004885,1.0
Drug_5311507,Drug_100004893,0.9693251533742331
Drug_5311507,Drug_100005002,0.8359788359788359
Drug_5311507,Drug_100005358,0.9937106918238994
Drug_5311507,Drug_100005401,0.9937106918238994
Drug_5311507,Drug_100005487,1.0
Drug_5311507,Drug_100005524,0.8926553672316384
Drug_5311507,Drug_100005533,0.8876404494382022
Drug_5311507,Drug_100005771,1.0
Drug_5311507,Drug_100010100,0.9874213836477987
Drug_5311507,Drug_100012453,1.0
Drug_5311507,Drug_100041693,0.9937106918238994
Drug_5311507,Drug_100042955,1.0
Drug_5311507,Drug_100054313,0.9875
Drug_5311507,Drug_100054373,1.0
Drug_5311507,Drug_100060146,1.0
Drug_5311507,Drug_100060612,1.0
Drug_5311507,Drug_100065014,1.0
Drug_5311507,Drug_100068613,1.0
Drug_5311507,Drug_100104865,1.0
Drug_5311507,Drug_100216237,1.0
Drug_5311507,Drug_106433117,1.0
Drug_5311507,Drug_124965990,1.0
Drug_10917,Drug_21109,0.8571428571428571
Drug_100002524,Drug_5591,0.7954545454545454
Drug_100002524,Drug_5832,0.9722222222222222
Drug_100002524,Drug_5920,0.9210526315789473
Drug_100002524,Drug_5995,0.9722222222222222
Drug_100002524,Drug_6010,1.0
Drug_100002524,Drug_9642,1.0
Drug_100002524,Drug_21800,1.0
Drug_100002524,Drug_82146,1.0
Drug_100002524,Drug_443943,1.0
Drug_100002524,Drug_444008,0.9722222222222222
Drug_100002524,Drug_449171,1.0
Drug_100002524,Drug_5281034,1.0
Drug_100002524,Drug_100000450,0.7446808510638298
Drug_100002524,Drug_100000861,0.9210526315789473
Drug_100002524,Drug_100002375,0.9459459459459459
Drug_100002524,Drug_100002462,0.9722222222222222
Drug_100002524,Drug_100002791,1.0
Drug_100002524,Drug_100002949,0.9722222222222222
Drug_100002524,Drug_100003056,1.0
Drug_100002524,Drug_100003382,1.0
Drug_100002524,Drug_100003384,1.0
Drug_100002524,Drug_100003399,1.0
Drug_100002524,Drug_100004042,0.9722222222222222
Drug_100002524,Drug_100004160,1.0
Drug_100002524,Drug_100004196,0.8333333333333334
Drug_100002524,Drug_100004542,0.9459459459459459
Drug_100002524,Drug_100005035,0.5932203389830508
Drug_100002524,Drug_100005267,0.9722222222222222
Drug_100002524,Drug_100005410,0.9722222222222222
Drug_100002524,Drug_100005470,0.9722222222222222
Drug_100002524,Drug_100005645,0.9210526315789473
Drug_100002524,Drug_100009904,1.0
Drug_100004422,Drug_2215,1.0
Drug_100004422,Drug_2476,1.0
Drug_100004422,Drug_2541,0.9937106918238994
Drug_100004422,Drug_2771,0.8586956521739131
Drug_100004422,Drug_2783,0.9937106918238994
Drug_100004422,Drug_2818,0.7669902912621359
Drug_100004422,Drug_3066,1.0
Drug_100004422,Drug_3151,0.9753086419753086
Drug_100004422,Drug_3155,0.8633879781420765
Drug_100004422,Drug_3158,0.8633879781420765
Drug_100004422,Drug_3340,1.0
Drug_100004422,Drug_3343,0.9937106918238994
Drug_100004422,Drug_3372,0.9634146341463414
Drug_100004422,Drug_3386,0.8540540540540541
Drug_100004422,Drug_3559,0.8681318681318682
Drug_100004422,Drug_3715,0.8229166666666666
Drug_100004422,Drug_3779,0.9875
Drug_100004422,Drug_3827,0.9634146341463414
Drug_100004422,Drug_3961,0.9753086419753086
Drug_100004422,Drug_4095,0.8729281767955801
Drug_100004422,Drug_4543,0.7939698492462312
Drug_100004422,Drug_4747,0.9294117647058824
Drug_100004422,Drug_4768,0.9813664596273292
Drug_100004422,Drug_4850,1.0
Drug_100004422,Drug_5002,0.8359788359788359
Drug_100004422,Drug_5073,0.9239766081871345
Drug_100004422,Drug_5090,0.9461077844311377
Drug_100004422,Drug_5357,1.0
Drug_100004422,Drug_5358,0.9937106918238994
Drug_100004422,Drug_5656,0.8876404494382022
Drug_100004422,Drug_5709,1.0
Drug_100004422,Drug_5775,0.9937106918238994
Drug_100004422,Drug_5959,1.0
Drug_100004422,Drug_6005,1.0
Drug_100004422,Drug_8230,1.0
Drug_100004422,Drug_9880,0.8186528497409327
Drug_100004422,Drug_23897,0.9937106918238994
Drug_100004422,Drug_28864,0.9875
Drug_100004422,Drug_36811,0.8586956521739131
Drug_100004422,Drug_47811,0.9875
Drug_100004422,Drug_59226,1.0
Drug_100004422,Drug_60795,0.8926553672316384
Drug_100004422,Drug_60853,0.8540540540540541
Drug_100004422,Drug_71360,0.9634146341463414
Drug_100004422,Drug_77998,0.8102564102564103
Drug_100004422,Drug_115237,0.9813664596273292
Drug_100004422,Drug_129211,1.0
Drug_100004422,Drug_216237,1.0
Drug_100004422,Drug_638678,1.0
Drug_100004422,Drug_5280360,1.0
Drug_100004422,Drug_5281037,1.0
Drug_100004422,Drug_5284604,1.0
Drug_100004422,Drug_5288826,1.0
Drug_100004422,Drug_5311068,1.0
Drug_100004422,Drug_5359272,1.0
Drug_100004422,Drug_9825285,1.0
Drug_100004422,Drug_9833444,1.0
Drug_100004422,Drug_24965990,1.0
Drug_100004422,Drug_100000158,0.9937106918238994
Drug_100004422,Drug_100000681,0.8359788359788359
Drug_100004422,Drug_100000774,0.6220472440944882
Drug_100004422,Drug_100000951,0.88268156424581
Drug_100004422,Drug_100002170,0.8681318681318682
Drug_100004422,Drug_100002215,0.9875
Drug_100004422,Drug_100002369,1.0
Drug_100004422,Drug_100002520,0.8532608695652174
Drug_100004422,Drug_100002540,0.9875
Drug_100004422,Drug_100002585,0.9693251533742331
Drug_100004422,Drug_100002726,0.8494623655913979
Drug_100004422,Drug_100002764,0.9937106918238994
Drug_100004422,Drug_100002781,0.9461077844311377
Drug_100004422,Drug_100002801,0.7669902912621359
Drug_100004422,Drug_100002803,0.9753086419753086
Drug_100004422,Drug_100002978,0.511326860841424
Drug_100004422,Drug_100002995,0.8494623655913979
Drug_100004422,Drug_100003007,0.8876404494382022
Drug_100004422,Drug_100003066,0.9937106918238994
Drug_100004422,Drug_100003157,0.9875
Drug_100004422,Drug_100003168,0.9753086419753086
Drug_100004422,Drug_100003251,0.9813664596273292
Drug_100004422,Drug_100003340,1.0
Drug_100004422,Drug_100003345,0.9875
Drug_100004422,Drug_100003367,0.9693251533742331
Drug_100004422,Drug_100003696,0.8359788359788359
Drug_100004422,Drug_100003827,0.9634146341463414
Drug_100004422,Drug_100003916,0.9937106918238994
Drug_100004422,Drug_100003954,0.9813664596273292
Drug_100004422,Drug_100004140,0.9937106918238994
Drug_100004422,Drug_100004635,1.0
Drug_100004422,Drug_100004639,1.0
Drug_100004422,Drug_100004736,0.9349112426035503
Drug_100004422,Drug_100004747,0.9294117647058824
Drug_100004422,Drug_100004885,1.0
Drug_100004422,Drug_100004893,0.9693251533742331
Drug_100004422,Drug_100005002,0.8359788359788359
Drug_100004422,Drug_100005358,0.9937106918238994
Drug_100004422,Drug_100005401,0.9937106918238994
Drug_100004422,Drug_100005487,1.0
Drug_100004422,Drug_100005524,0.8926553672316384
Drug_100004422,Drug_100005533,0.8876404494382022
Drug_100004422,Drug_100005771,1.0
Drug_100004422,Drug_100010100,0.9874213836477987
Drug_100004422,Drug_100012453,1.0
Drug_100004422,Drug_100041693,0.9937106918238994
Drug_100004422,Drug_100042955,1.0
Drug_100004422,Drug_100054313,0.9875
Drug_100004422,Drug_100054373,1.0
Drug_100004422,Drug_100060146,1.0
Drug_100004422,Drug_100060612,1.0
Drug_100004422,Drug_100065014,1.0
Drug_100004422,Drug_100068613,1.0
Drug_100004422,Drug_100104865,1.0
Drug_100004422,Drug_100216237,1.0
Drug_100004422,Drug_106433117,1.0
Drug_100004422,Drug_124965990,1.0
Drug_6049,Drug_100006049,1.0
Drug_100000951,Drug_2215,0.88268156424581
Drug_100000951,Drug_2476,0.88268156424581
Drug_100000951,Drug_2541,0.8777777777777778
Drug_100000951,Drug_2771,0.9516129032258065
Drug_100000951,Drug_2783,0.8777777777777778
Drug_100000951,Drug_2818,0.8509615384615384
Drug_100000951,Drug_3066,0.88268156424581
Drug_100000951,Drug_3151,0.8736263736263736
Drug_100000951,Drug_3155,0.9567567567567568
Drug_100000951,Drug_3158,0.9567567567567568
Drug_100000951,Drug_3340,0.88268156424581
Drug_100000951,Drug_3343,0.8777777777777778
Drug_100000951,Drug_3372,0.8846153846153846
Drug_100000951,Drug_3386,0.946524064171123
Drug_100000951,Drug_3559,0.805
Drug_100000951,Drug_3715,0.7417840375586855
Drug_100000951,Drug_3779,0.8729281767955801
Drug_100000951,Drug_3827,0.8540540540540541
Drug_100000951,Drug_3961,0.8633879781420765
Drug_100000951,Drug_4095,0.9672131147540983
Drug_100000951,Drug_4543,0.8805970149253731
Drug_100000951,Drug_4747,0.8272251308900523
Drug_100000951,Drug_4768,0.8681318681318682
Drug_100000951,Drug_4850,0.88268156424581
Drug_100000951,Drug_5002,0.7777777777777778
Drug_100000951,Drug_5073,0.8518518518518519
Drug_100000951,Drug_5090,0.8404255319148937
Drug_100000951,Drug_5357,0.88268156424581
Drug_100000951,Drug_5358,0.8777777777777778
Drug_100000951,Drug_5656,0.9833333333333333
Drug_100000951,Drug_5709,0.88268156424581
Drug_100000951,Drug_5775,0.8777777777777778
Drug_100000951,Drug_5959,0.88268156424581
Drug_100000951,Drug_6005,0.88268156424581
Drug_100000951,Drug_8230,0.88268156424581
Drug_100000951,Drug_9880,0.7383177570093458
Drug_100000951,Drug_23897,0.8777777777777778
Drug_100000951,Drug_28864,0.8729281767955801
Drug_100000951,Drug_36811,0.7970297029702971
Drug_100000951,Drug_47811,0.8729281767955801
Drug_100000951,Drug_59226,0.88268156424581
Drug_100000951,Drug_60795,0.8256410256410256
Drug_100000951,Drug_60853,0.946524064171123
Drug_100000951,Drug_71360,0.8540540540540541
Drug_100000951,Drug_77998,0.7314814814814815
Drug_100000951,Drug_115237,0.8784530386740331
Drug_100000951,Drug_129211,0.88268156424581
Drug_100000951,Drug_216237,0.88268156424581
Drug_100000951,Drug_638678,0.88268156424581
Drug_100000951,Drug_5280360,0.88268156424581
Drug_100000951,Drug_5281037,0.88268156424581
Drug_100000951,Drug_5284604,0.88268156424581
Drug_100000951,Drug_5288826,0.88268156424581
Drug_100000951,Drug_5311068,0.88268156424581
Drug_100000951,Drug_5359272,0.88268156424581
Drug_100000951,Drug_9825285,0.88268156424581
Drug_100000951,Drug_9833444,0.88268156424581
Drug_100000951,Drug_24965990,0.88268156424581
Drug_100000951,Drug_100000158,0.8777777777777778
Drug_100000951,Drug_100000681,0.9368421052631579
Drug_100000951,Drug_100000774,0.5745454545454546
Drug_100000951,Drug_100002170,0.9619565217391305
Drug_100000951,Drug_100002215,0.8833333333333333
Drug_100000951,Drug_100002369,0.88268156424581
Drug_100000951,Drug_100002520,0.7745098039215687
Drug_100000951,Drug_100002540,0.8729281767955801
Drug_100000951,Drug_100002585,0.8895027624309392
Drug_100000951,Drug_100002726,0.7892156862745098
Drug_100000951,Drug_100002764,0.8777777777777778
Drug_100000951,Drug_100002781,0.8602150537634409
Drug_100000951,Drug_100002801,0.8509615384615384
Drug_100000951,Drug_100002803,0.8633879781420765
Drug_100000951,Drug_100002978,0.47878787878787876
Drug_100000951,Drug_100002995,0.9414893617021277
Drug_100000951,Drug_100003007,0.9833333333333333
Drug_100000951,Drug_100003066,0.8777777777777778
Drug_100000951,Drug_100003157,0.8833333333333333
Drug_100000951,Drug_100003168,0.8633879781420765
Drug_100000951,Drug_100003251,0.8681318681318682
Drug_100000951,Drug_100003340,0.88268156424581
Drug_100000951,Drug_100003345,0.8729281767955801
Drug_100000951,Drug_100003367,0.8586956521739131
Drug_100000951,Drug_100003696,0.9267015706806283
Drug_100000951,Drug_100003827,0.8540540540540541
Drug_100000951,Drug_100003916,0.8777777777777778
Drug_100000951,Drug_100003954,0.8784530386740331
Drug_100000951,Drug_100004140,0.8777777777777778
Drug_100000951,Drug_100004635,0.88268156424581
Drug_100000951,Drug_100004639,0.88268156424581
Drug_100000951,Drug_100004736,0.8315789473684211
Drug_100000951,Drug_100004747,0.8272251308900523
Drug_100000951,Drug_100004885,0.88268156424581
Drug_100000951,Drug_100004893,0.8586956521739131
Drug_100000951,Drug_100005002,0.7777777777777778
Drug_100000951,Drug_100005358,0.8777777777777778
Drug_100000951,Drug_100005401,0.8777777777777778
Drug_100000951,Drug_100005487,0.88268156424581
Drug_100000951,Drug_100005524,0.9888268156424581
Drug_100000951,Drug_100005533,0.9833333333333333
Drug_100000951,Drug_100005771,0.88268156424581
Drug_100000951,Drug_100010100,0.8722222222222222
Drug_100000951,Drug_100012453,0.88268156424581
Drug_100000951,Drug_100041693,0.8777777777777778
Drug_100000951,Drug_100042955,0.88268156424581
Drug_100000951,Drug_100054313,0.8729281767955801
Drug_100000951,Drug_100054373,0.88268156424581
Drug_100000951,Drug_100060146,0.88268156424581
Drug_100000951,Drug_100060612,0.88268156424581
Drug_100000951,Drug_100065014,0.88268156424581
Drug_100000951,Drug_100068613,0.88268156424581
Drug_100000951,Drug_100104865,0.88268156424581
Drug_100000951,Drug_100216237,0.88268156424581
Drug_100000951,Drug_106433117,0.88268156424581
Drug_100000951,Drug_124965990,0.88268156424581
Drug_221493,Drug_100000303,1.0
Drug_221493,Drug_100005645,0.4
Drug_936,Drug_977,0.44549763033175355
Drug_936,Drug_100000247,0.8392857142857143
Drug_936,Drug_100002232,0.8468468468468469
Drug_100000271,Drug_271,1.0
Drug_3036780,Drug_441383,0.4
Drug_3036780,Drug_5282380,0.5
Drug_3036780,Drug_100005404,0.4
Drug_5288826,Drug_2215,1.0
Drug_5288826,Drug_2476,1.0
Drug_5288826,Drug_2541,0.9937106918238994
Drug_5288826,Drug_2771,0.8586956521739131
Drug_5288826,Drug_2783,0.9937106918238994
Drug_5288826,Drug_2818,0.7669902912621359
Drug_5288826,Drug_3066,1.0
Drug_5288826,Drug_3151,0.9753086419753086
Drug_5288826,Drug_3155,0.8633879781420765
Drug_5288826,Drug_3158,0.8633879781420765
Drug_5288826,Drug_3340,1.0
Drug_5288826,Drug_3343,0.9937106918238994
Drug_5288826,Drug_3372,0.9634146341463414
Drug_5288826,Drug_3386,0.8540540540540541
Drug_5288826,Drug_3559,0.8681318681318682
Drug_5288826,Drug_3715,0.8229166666666666
Drug_5288826,Drug_3779,0.9875
Drug_5288826,Drug_3827,0.9634146341463414
Drug_5288826,Drug_3961,0.9753086419753086
Drug_5288826,Drug_4095,0.8729281767955801
Drug_5288826,Drug_4543,0.7939698492462312
Drug_5288826,Drug_4747,0.9294117647058824
Drug_5288826,Drug_4768,0.9813664596273292
Drug_5288826,Drug_4850,1.0
Drug_5288826,Drug_5002,0.8359788359788359
Drug_5288826,Drug_5073,0.9239766081871345
Drug_5288826,Drug_5090,0.9461077844311377
Drug_5288826,Drug_5357,1.0
Drug_5288826,Drug_5358,0.9937106918238994
Drug_5288826,Drug_5656,0.8876404494382022
Drug_5288826,Drug_5709,1.0
Drug_5288826,Drug_5775,0.9937106918238994
Drug_5288826,Drug_5959,1.0
Drug_5288826,Drug_6005,1.0
Drug_5288826,Drug_8230,1.0
Drug_5288826,Drug_9880,0.8186528497409327
Drug_5288826,Drug_23897,0.9937106918238994
Drug_5288826,Drug_28864,0.9875
Drug_5288826,Drug_36811,0.8586956521739131
Drug_5288826,Drug_47811,0.9875
Drug_5288826,Drug_59226,1.0
Drug_5288826,Drug_60795,0.8926553672316384
Drug_5288826,Drug_60853,0.8540540540540541
Drug_5288826,Drug_71360,0.9634146341463414
Drug_5288826,Drug_77998,0.8102564102564103
Drug_5288826,Drug_115237,0.9813664596273292
Drug_5288826,Drug_129211,1.0
Drug_5288826,Drug_216237,1.0
Drug_5288826,Drug_638678,1.0
Drug_5288826,Drug_5280360,1.0
Drug_5288826,Drug_5281037,1.0
Drug_5288826,Drug_5284604,1.0
Drug_5288826,Drug_5311068,1.0
Drug_5288826,Drug_5359272,1.0
Drug_5288826,Drug_9825285,1.0
Drug_5288826,Drug_9833444,1.0
Drug_5288826,Drug_24965990,1.0
Drug_5288826,Drug_100000158,0.9937106918238994
Drug_5288826,Drug_100000681,0.8359788359788359
Drug_5288826,Drug_100000774,0.6220472440944882
Drug_5288826,Drug_100002170,0.8681318681318682
Drug_5288826,Drug_100002215,0.9875
Drug_5288826,Drug_100002369,1.0
Drug_5288826,Drug_100002520,0.8532608695652174
Drug_5288826,Drug_100002540,0.9875
Drug_5288826,Drug_100002585,0.9693251533742331
Drug_5288826,Drug_100002726,0.8494623655913979
Drug_5288826,Drug_100002764,0.9937106918238994
Drug_5288826,Drug_100002781,0.9461077844311377
Drug_5288826,Drug_100002801,0.7669902912621359
Drug_5288826,Drug_100002803,0.9753086419753086
Drug_5288826,Drug_100002978,0.511326860841424
Drug_5288826,Drug_100002995,0.8494623655913979
Drug_5288826,Drug_100003007,0.8876404494382022
Drug_5288826,Drug_100003066,0.9937106918238994
Drug_5288826,Drug_100003157,0.9875
Drug_5288826,Drug_100003168,0.9753086419753086
Drug_5288826,Drug_100003251,0.9813664596273292
Drug_5288826,Drug_100003340,1.0
Drug_5288826,Drug_100003345,0.9875
Drug_5288826,Drug_100003367,0.9693251533742331
Drug_5288826,Drug_100003696,0.8359788359788359
Drug_5288826,Drug_100003827,0.9634146341463414
Drug_5288826,Drug_100003916,0.9937106918238994
Drug_5288826,Drug_100003954,0.9813664596273292
Drug_5288826,Drug_100004140,0.9937106918238994
Drug_5288826,Drug_100004635,1.0
Drug_5288826,Drug_100004639,1.0
Drug_5288826,Drug_100004736,0.9349112426035503
Drug_5288826,Drug_100004747,0.9294117647058824
Drug_5288826,Drug_100004885,1.0
Drug_5288826,Drug_100004893,0.9693251533742331
Drug_5288826,Drug_100005002,0.8359788359788359
Drug_5288826,Drug_100005358,0.9937106918238994
Drug_5288826,Drug_100005401,0.9937106918238994
Drug_5288826,Drug_100005487,1.0
Drug_5288826,Drug_100005524,0.8926553672316384
Drug_5288826,Drug_100005533,0.8876404494382022
Drug_5288826,Drug_100005771,1.0
Drug_5288826,Drug_100010100,0.9874213836477987
Drug_5288826,Drug_100012453,1.0
Drug_5288826,Drug_100041693,0.9937106918238994
Drug_5288826,Drug_100042955,1.0
Drug_5288826,Drug_100054313,0.9875
Drug_5288826,Drug_100054373,1.0
Drug_5288826,Drug_100060146,1.0
Drug_5288826,Drug_100060612,1.0
Drug_5288826,Drug_100065014,1.0
Drug_5288826,Drug_100068613,1.0
Drug_5288826,Drug_100104865,1.0
Drug_5288826,Drug_100216237,1.0
Drug_5288826,Drug_106433117,1.0
Drug_5288826,Drug_124965990,1.0
Drug_125102847,Drug_25102847,1.0
Drug_100084003,Drug_5359,0.6666666666666666
Drug_100084003,Drug_84003,1.0
Drug_100084003,Drug_100005359,0.6666666666666666
Drug_100084003,Drug_100060726,0.6666666666666666
Drug_100110635,Drug_110635,1.0
Drug_16132344,Drug_16157882,1.0
Drug_4746,Drug_2370,0.5
Drug_4746,Drug_2381,0.5
Drug_4746,Drug_2564,0.5
Drug_4746,Drug_3623,0.5
Drug_4746,Drug_4034,0.5
Drug_4746,Drug_4601,0.4
Drug_4746,Drug_5909,0.4
Drug_4746,Drug_154417,0.5
Drug_4746,Drug_100002370,0.5
Drug_4746,Drug_100004120,0.5714285714285714
Drug_4746,Drug_100004819,0.4
Drug_100001798,Drug_2732,1.0
Drug_100001798,Drug_4100,1.0
Drug_100001798,Drug_5560,0.5625
Drug_100001798,Drug_5734,0.5882352941176471
Drug_100001798,Drug_119607,0.8421052631578947
Drug_100001798,Drug_5284627,1.0
Drug_100001798,Drug_100002662,0.5161290322580645
Drug_100001798,Drug_100002732,1.0
Drug_100001798,Drug_100003440,0.6470588235294118
Drug_100001798,Drug_100003702,1.0
Drug_100001798,Drug_100005333,0.6470588235294118
Drug_100002656,Drug_5479530,1.0
Drug_5734,Drug_2732,0.5882352941176471
Drug_5734,Drug_4100,0.5882352941176471
Drug_5734,Drug_5560,0.8181818181818182
Drug_5734,Drug_119607,0.5
Drug_5734,Drug_5284627,0.5882352941176471
Drug_5734,Drug_100002732,0.5882352941176471
Drug_5734,Drug_100003440,0.7692307692307693
Drug_5734,Drug_100003702,0.5882352941176471
Drug_5734,Drug_100005333,0.7692307692307693
Drug_977,Drug_100000247,0.48205128205128206
Drug_977,Drug_100002232,0.4845360824742268
Drug_54687,Drug_5213,0.5
Drug_54687,Drug_25096,0.5
Drug_54687,Drug_148192,0.5
Drug_54687,Drug_100004889,1.0
Drug_54687,Drug_100148192,0.5
Drug_5870,Drug_154256,0.5
Drug_5870,Drug_100154256,0.5
Drug_100003767,Drug_124950485,0.5
Drug_100060164,Drug_5381,1.0
Drug_100060164,Drug_100005381,1.0
Drug_100004819,Drug_2370,0.75
Drug_100004819,Drug_2381,0.75
Drug_100004819,Drug_2564,0.75
Drug_100004819,Drug_3100,0.42857142857142855
Drug_100004819,Drug_3623,0.75
Drug_100004819,Drug_4034,0.75
Drug_100004819,Drug_5909,1.0
Drug_100004819,Drug_154417,0.75
Drug_100004819,Drug_100002370,0.75
Drug_100004819,Drug_100004120,0.625
Drug_106918638,Drug_6918638,1.0
Drug_106918638,Drug_100005311,0.9090909090909091
Drug_100000450,Drug_5591,0.625
Drug_100000450,Drug_5832,0.7291666666666666
Drug_100000450,Drug_5920,0.7
Drug_100000450,Drug_5995,0.7291666666666666
Drug_100000450,Drug_6010,0.7446808510638298
Drug_100000450,Drug_9642,0.7446808510638298
Drug_100000450,Drug_21800,0.7446808510638298
Drug_100000450,Drug_82146,0.7446808510638298
Drug_100000450,Drug_443943,0.7446808510638298
Drug_100000450,Drug_444008,0.7659574468085106
Drug_100000450,Drug_449171,0.7446808510638298
Drug_100000450,Drug_5281034,0.7446808510638298
Drug_100000450,Drug_100000861,0.7
Drug_100000450,Drug_100002375,0.7142857142857143
Drug_100000450,Drug_100002462,0.7291666666666666
Drug_100000450,Drug_100002791,0.7446808510638298
Drug_100000450,Drug_100002949,0.7291666666666666
Drug_100000450,Drug_100003056,0.7446808510638298
Drug_100000450,Drug_100003382,0.7446808510638298
Drug_100000450,Drug_100003384,0.7446808510638298
Drug_100000450,Drug_100003399,0.7446808510638298
Drug_100000450,Drug_100004042,0.7291666666666666
Drug_100000450,Drug_100004160,0.7446808510638298
Drug_100000450,Drug_100004196,0.6481481481481481
Drug_100000450,Drug_100004542,0.7872340425531915
Drug_100000450,Drug_100005035,0.5588235294117647
Drug_100000450,Drug_100005267,0.7291666666666666
Drug_100000450,Drug_100005410,0.7291666666666666
Drug_100000450,Drug_100005470,0.7659574468085106
Drug_100000450,Drug_100005645,0.7
Drug_100000450,Drug_100009904,0.7446808510638298
Drug_100065856,Drug_1615,0.7692307692307693
Drug_100065856,Drug_54840,0.6
Drug_100065856,Drug_65856,1.0
Drug_100065856,Drug_146570,0.8333333333333334
Drug_100065856,Drug_5324345,0.8260869565217391
Drug_100065856,Drug_9966051,0.40384615384615385
Drug_100065856,Drug_100004158,0.7916666666666666
Drug_100065856,Drug_100005466,0.9047619047619048
Drug_100065856,Drug_109966051,0.40384615384615385
Drug_100013342,Drug_6167,0.5789473684210527
Drug_3198,Drug_100005318,0.5
Drug_100000942,Drug_4595,0.5789473684210527
Drug_100000942,Drug_446220,0.4583333333333333
Drug_100000942,Drug_9966051,0.4074074074074074
Drug_100000942,Drug_100000187,0.45098039215686275
Drug_100000942,Drug_100002826,0.4583333333333333
Drug_100000942,Drug_100170361,0.9166666666666666
Drug_100000942,Drug_109966051,0.4074074074074074
Drug_100003340,Drug_2215,1.0
Drug_100003340,Drug_2476,1.0
Drug_100003340,Drug_2541,0.9937106918238994
Drug_100003340,Drug_2771,0.8586956521739131
Drug_100003340,Drug_2783,0.9937106918238994
Drug_100003340,Drug_2818,0.7669902912621359
Drug_100003340,Drug_3066,1.0
Drug_100003340,Drug_3151,0.9753086419753086
Drug_100003340,Drug_3155,0.8633879781420765
Drug_100003340,Drug_3158,0.8633879781420765
Drug_100003340,Drug_3340,1.0
Drug_100003340,Drug_3343,0.9937106918238994
Drug_100003340,Drug_3372,0.9634146341463414
Drug_100003340,Drug_3386,0.8540540540540541
Drug_100003340,Drug_3559,0.8681318681318682
Drug_100003340,Drug_3715,0.8229166666666666
Drug_100003340,Drug_3779,0.9875
Drug_100003340,Drug_3827,0.9634146341463414
Drug_100003340,Drug_3961,0.9753086419753086
Drug_100003340,Drug_4095,0.8729281767955801
Drug_100003340,Drug_4543,0.7939698492462312
Drug_100003340,Drug_4747,0.9294117647058824
Drug_100003340,Drug_4768,0.9813664596273292
Drug_100003340,Drug_4850,1.0
Drug_100003340,Drug_5002,0.8359788359788359
Drug_100003340,Drug_5073,0.9239766081871345
Drug_100003340,Drug_5090,0.9461077844311377
Drug_100003340,Drug_5357,1.0
Drug_100003340,Drug_5358,0.9937106918238994
Drug_100003340,Drug_5656,0.8876404494382022
Drug_100003340,Drug_5709,1.0
Drug_100003340,Drug_5775,0.9937106918238994
Drug_100003340,Drug_5959,1.0
Drug_100003340,Drug_6005,1.0
Drug_100003340,Drug_8230,1.0
Drug_100003340,Drug_9880,0.8186528497409327
Drug_100003340,Drug_23897,0.9937106918238994
Drug_100003340,Drug_28864,0.9875
Drug_100003340,Drug_36811,0.8586956521739131
Drug_100003340,Drug_47811,0.9875
Drug_100003340,Drug_59226,1.0
Drug_100003340,Drug_60795,0.8926553672316384
Drug_100003340,Drug_60853,0.8540540540540541
Drug_100003340,Drug_71360,0.9634146341463414
Drug_100003340,Drug_77998,0.8102564102564103
Drug_100003340,Drug_115237,0.9813664596273292
Drug_100003340,Drug_129211,1.0
Drug_100003340,Drug_216237,1.0
Drug_100003340,Drug_638678,1.0
Drug_100003340,Drug_5280360,1.0
Drug_100003340,Drug_5281037,1.0
Drug_100003340,Drug_5284604,1.0
Drug_100003340,Drug_5311068,1.0
Drug_100003340,Drug_5359272,1.0
Drug_100003340,Drug_9825285,1.0
Drug_100003340,Drug_9833444,1.0
Drug_100003340,Drug_24965990,1.0
Drug_100003340,Drug_100000158,0.9937106918238994
Drug_100003340,Drug_100000681,0.8359788359788359
Drug_100003340,Drug_100000774,0.6220472440944882
Drug_100003340,Drug_100002170,0.8681318681318682
Drug_100003340,Drug_100002215,0.9875
Drug_100003340,Drug_100002369,1.0
Drug_100003340,Drug_100002520,0.8532608695652174
Drug_100003340,Drug_100002540,0.9875
Drug_100003340,Drug_100002585,0.9693251533742331
Drug_100003340,Drug_100002726,0.8494623655913979
Drug_100003340,Drug_100002764,0.9937106918238994
Drug_100003340,Drug_100002781,0.9461077844311377
Drug_100003340,Drug_100002801,0.7669902912621359
Drug_100003340,Drug_100002803,0.9753086419753086
Drug_100003340,Drug_100002978,0.511326860841424
Drug_100003340,Drug_100002995,0.8494623655913979
Drug_100003340,Drug_100003007,0.8876404494382022
Drug_100003340,Drug_100003066,0.9937106918238994
Drug_100003340,Drug_100003157,0.9875
Drug_100003340,Drug_100003168,0.9753086419753086
Drug_100003340,Drug_100003251,0.9813664596273292
Drug_100003340,Drug_100003345,0.9875
Drug_100003340,Drug_100003367,0.9693251533742331
Drug_100003340,Drug_100003696,0.8359788359788359
Drug_100003340,Drug_100003827,0.9634146341463414
Drug_100003340,Drug_100003916,0.9937106918238994
Drug_100003340,Drug_100003954,0.9813664596273292
Drug_100003340,Drug_100004140,0.9937106918238994
Drug_100003340,Drug_100004635,1.0
Drug_100003340,Drug_100004639,1.0
Drug_100003340,Drug_100004736,0.9349112426035503
Drug_100003340,Drug_100004747,0.9294117647058824
Drug_100003340,Drug_100004885,1.0
Drug_100003340,Drug_100004893,0.9693251533742331
Drug_100003340,Drug_100005002,0.8359788359788359
Drug_100003340,Drug_100005358,0.9937106918238994
Drug_100003340,Drug_100005401,0.9937106918238994
Drug_100003340,Drug_100005487,1.0
Drug_100003340,Drug_100005524,0.8926553672316384
Drug_100003340,Drug_100005533,0.8876404494382022
Drug_100003340,Drug_100005771,1.0
Drug_100003340,Drug_100010100,0.9874213836477987
Drug_100003340,Drug_100012453,1.0
Drug_100003340,Drug_100041693,0.9937106918238994
Drug_100003340,Drug_100042955,1.0
Drug_100003340,Drug_100054313,0.9875
Drug_100003340,Drug_100054373,1.0
Drug_100003340,Drug_100060146,1.0
Drug_100003340,Drug_100060612,1.0
Drug_100003340,Drug_100065014,1.0
Drug_100003340,Drug_100068613,1.0
Drug_100003340,Drug_100104865,1.0
Drug_100003340,Drug_100216237,1.0
Drug_100003340,Drug_106433117,1.0
Drug_100003340,Drug_124965990,1.0
Drug_100004485,Drug_219078,0.4117647058823529
Drug_100004485,Drug_100003784,0.6086956521739131
Drug_100004485,Drug_100219078,0.4117647058823529
Drug_100003914,Drug_33624,0.75
Drug_5584,Drug_5210,0.5
Drug_5472,Drug_3032,0.7323943661971831
Drug_5472,Drug_4174,0.4727272727272727
Drug_5472,Drug_6238,0.5714285714285714
Drug_5472,Drug_91429,0.8524590163934426
Drug_5472,Drug_100002145,0.9454545454545454
Drug_5472,Drug_100003793,0.6933333333333334
Drug_5472,Drug_100004174,0.4727272727272727
Drug_5472,Drug_100014917,0.6753246753246753
Drug_5472,Drug_100132971,0.9454545454545454
Drug_2381,Drug_2370,1.0
Drug_2381,Drug_2564,1.0
Drug_2381,Drug_3100,0.5
Drug_2381,Drug_3623,1.0
Drug_2381,Drug_3947,0.4
Drug_2381,Drug_4034,1.0
Drug_2381,Drug_4601,0.4
Drug_2381,Drug_5909,0.75
Drug_2381,Drug_124087,0.4
Drug_2381,Drug_154417,1.0
Drug_2381,Drug_100002370,1.0
Drug_2381,Drug_100004120,0.8333333333333334
Drug_5213,Drug_25096,1.0
Drug_5213,Drug_148192,1.0
Drug_5213,Drug_100004240,0.5
Drug_5213,Drug_100004889,0.5
Drug_5213,Drug_100054688,0.5
Drug_5213,Drug_100148192,1.0
Drug_9825285,Drug_2215,1.0
Drug_9825285,Drug_2476,1.0
Drug_9825285,Drug_2541,0.9937106918238994
Drug_9825285,Drug_2771,0.8586956521739131
Drug_9825285,Drug_2783,0.9937106918238994
Drug_9825285,Drug_2818,0.7669902912621359
Drug_9825285,Drug_3066,1.0
Drug_9825285,Drug_3151,0.9753086419753086
Drug_9825285,Drug_3155,0.8633879781420765
Drug_9825285,Drug_3158,0.8633879781420765
Drug_9825285,Drug_3340,1.0
Drug_9825285,Drug_3343,0.9937106918238994
Drug_9825285,Drug_3372,0.9634146341463414
Drug_9825285,Drug_3386,0.8540540540540541
Drug_9825285,Drug_3559,0.8681318681318682
Drug_9825285,Drug_3715,0.8229166666666666
Drug_9825285,Drug_3779,0.9875
Drug_9825285,Drug_3827,0.9634146341463414
Drug_9825285,Drug_3961,0.9753086419753086
Drug_9825285,Drug_4095,0.8729281767955801
Drug_9825285,Drug_4543,0.7939698492462312
Drug_9825285,Drug_4747,0.9294117647058824
Drug_9825285,Drug_4768,0.9813664596273292
Drug_9825285,Drug_4850,1.0
Drug_9825285,Drug_5002,0.8359788359788359
Drug_9825285,Drug_5073,0.9239766081871345
Drug_9825285,Drug_5090,0.9461077844311377
Drug_9825285,Drug_5357,1.0
Drug_9825285,Drug_5358,0.9937106918238994
Drug_9825285,Drug_5656,0.8876404494382022
Drug_9825285,Drug_5709,1.0
Drug_9825285,Drug_5775,0.9937106918238994
Drug_9825285,Drug_5959,1.0
Drug_9825285,Drug_6005,1.0
Drug_9825285,Drug_8230,1.0
Drug_9825285,Drug_9880,0.8186528497409327
Drug_9825285,Drug_23897,0.9937106918238994
Drug_9825285,Drug_28864,0.9875
Drug_9825285,Drug_36811,0.8586956521739131
Drug_9825285,Drug_47811,0.9875
Drug_9825285,Drug_59226,1.0
Drug_9825285,Drug_60795,0.8926553672316384
Drug_9825285,Drug_60853,0.8540540540540541
Drug_9825285,Drug_71360,0.9634146341463414
Drug_9825285,Drug_77998,0.8102564102564103
Drug_9825285,Drug_115237,0.9813664596273292
Drug_9825285,Drug_129211,1.0
Drug_9825285,Drug_216237,1.0
Drug_9825285,Drug_638678,1.0
Drug_9825285,Drug_5280360,1.0
Drug_9825285,Drug_5281037,1.0
Drug_9825285,Drug_5284604,1.0
Drug_9825285,Drug_5311068,1.0
Drug_9825285,Drug_5359272,1.0
Drug_9825285,Drug_9833444,1.0
Drug_9825285,Drug_24965990,1.0
Drug_9825285,Drug_100000158,0.9937106918238994
Drug_9825285,Drug_100000681,0.8359788359788359
Drug_9825285,Drug_100000774,0.6220472440944882
Drug_9825285,Drug_100002170,0.8681318681318682
Drug_9825285,Drug_100002215,0.9875
Drug_9825285,Drug_100002369,1.0
Drug_9825285,Drug_100002520,0.8532608695652174
Drug_9825285,Drug_100002540,0.9875
Drug_9825285,Drug_100002585,0.9693251533742331
Drug_9825285,Drug_100002726,0.8494623655913979
Drug_9825285,Drug_100002764,0.9937106918238994
Drug_9825285,Drug_100002781,0.9461077844311377
Drug_9825285,Drug_100002801,0.7669902912621359
Drug_9825285,Drug_100002803,0.9753086419753086
Drug_9825285,Drug_100002978,0.511326860841424
Drug_9825285,Drug_100002995,0.8494623655913979
Drug_9825285,Drug_100003007,0.8876404494382022
Drug_9825285,Drug_100003066,0.9937106918238994
Drug_9825285,Drug_100003157,0.9875
Drug_9825285,Drug_100003168,0.9753086419753086
Drug_9825285,Drug_100003251,0.9813664596273292
Drug_9825285,Drug_100003345,0.9875
Drug_9825285,Drug_100003367,0.9693251533742331
Drug_9825285,Drug_100003696,0.8359788359788359
Drug_9825285,Drug_100003827,0.9634146341463414
Drug_9825285,Drug_100003916,0.9937106918238994
Drug_9825285,Drug_100003954,0.9813664596273292
Drug_9825285,Drug_100004140,0.9937106918238994
Drug_9825285,Drug_100004635,1.0
Drug_9825285,Drug_100004639,1.0
Drug_9825285,Drug_100004736,0.9349112426035503
Drug_9825285,Drug_100004747,0.9294117647058824
Drug_9825285,Drug_100004885,1.0
Drug_9825285,Drug_100004893,0.9693251533742331
Drug_9825285,Drug_100005002,0.8359788359788359
Drug_9825285,Drug_100005358,0.9937106918238994
Drug_9825285,Drug_100005401,0.9937106918238994
Drug_9825285,Drug_100005487,1.0
Drug_9825285,Drug_100005524,0.8926553672316384
Drug_9825285,Drug_100005533,0.8876404494382022
Drug_9825285,Drug_100005771,1.0
Drug_9825285,Drug_100010100,0.9874213836477987
Drug_9825285,Drug_100012453,1.0
Drug_9825285,Drug_100041693,0.9937106918238994
Drug_9825285,Drug_100042955,1.0
Drug_9825285,Drug_100054313,0.9875
Drug_9825285,Drug_100054373,1.0
Drug_9825285,Drug_100060146,1.0
Drug_9825285,Drug_100060612,1.0
Drug_9825285,Drug_100065014,1.0
Drug_9825285,Drug_100068613,1.0
Drug_9825285,Drug_100104865,1.0
Drug_9825285,Drug_100216237,1.0
Drug_9825285,Drug_106433117,1.0
Drug_9825285,Drug_124965990,1.0
Drug_71360,Drug_2215,0.9634146341463414
Drug_71360,Drug_2476,0.9634146341463414
Drug_71360,Drug_2541,0.9575757575757575
Drug_71360,Drug_2771,0.8913043478260869
Drug_71360,Drug_2783,0.9575757575757575
Drug_71360,Drug_2818,0.7961165048543689
Drug_71360,Drug_3066,0.9634146341463414
Drug_71360,Drug_3151,0.9520958083832335
Drug_71360,Drug_3155,0.8961748633879781
Drug_71360,Drug_3158,0.8961748633879781
Drug_71360,Drug_3340,0.9634146341463414
Drug_71360,Drug_3343,0.9575757575757575
Drug_71360,Drug_3372,0.9640718562874252
Drug_71360,Drug_3386,0.8864864864864865
Drug_71360,Drug_3559,0.9010989010989011
Drug_71360,Drug_3715,0.797979797979798
Drug_71360,Drug_3779,0.9518072289156626
Drug_71360,Drug_3827,1.0
Drug_71360,Drug_3961,0.9404761904761905
Drug_71360,Drug_4095,0.8449197860962567
Drug_71360,Drug_4543,0.8241206030150754
Drug_71360,Drug_4747,0.8977272727272727
Drug_71360,Drug_4768,0.9461077844311377
Drug_71360,Drug_4850,0.9634146341463414
Drug_71360,Drug_5002,0.8677248677248677
Drug_71360,Drug_5073,0.9590643274853801
Drug_71360,Drug_5090,0.9132947976878613
Drug_71360,Drug_5357,0.9634146341463414
Drug_71360,Drug_5358,0.9575757575757575
Drug_71360,Drug_5656,0.8586956521739131
Drug_71360,Drug_5709,0.9634146341463414
Drug_71360,Drug_5775,0.9575757575757575
Drug_71360,Drug_5959,0.9634146341463414
Drug_71360,Drug_6005,0.9634146341463414
Drug_71360,Drug_8230,0.9634146341463414
Drug_71360,Drug_9880,0.7939698492462312
Drug_71360,Drug_23897,0.9695121951219512
Drug_71360,Drug_28864,0.9636363636363636
Drug_71360,Drug_36811,0.8315789473684211
Drug_71360,Drug_47811,0.9518072289156626
Drug_71360,Drug_59226,0.9634146341463414
Drug_71360,Drug_60795,0.9265536723163842
Drug_71360,Drug_60853,0.8864864864864865
Drug_71360,Drug_77998,0.7860696517412935
Drug_71360,Drug_115237,0.9578313253012049
Drug_71360,Drug_129211,0.9634146341463414
Drug_71360,Drug_216237,0.9634146341463414
Drug_71360,Drug_638678,0.9634146341463414
Drug_71360,Drug_5280360,0.9634146341463414
Drug_71360,Drug_5281037,0.9634146341463414
Drug_71360,Drug_5284604,0.9634146341463414
Drug_71360,Drug_5311068,0.9634146341463414
Drug_71360,Drug_5359272,0.9634146341463414
Drug_71360,Drug_9833444,0.9634146341463414
Drug_71360,Drug_24965990,0.9634146341463414
Drug_71360,Drug_100000158,0.9575757575757575
Drug_71360,Drug_100000681,0.8102564102564103
Drug_71360,Drug_100000774,0.6138996138996139
Drug_71360,Drug_100002170,0.8907103825136612
Drug_71360,Drug_100002215,0.9518072289156626
Drug_71360,Drug_100002369,0.9634146341463414
Drug_71360,Drug_100002520,0.8263157894736842
Drug_71360,Drug_100002540,0.9518072289156626
Drug_71360,Drug_100002585,0.9349112426035503
Drug_71360,Drug_100002726,0.8817204301075269
Drug_71360,Drug_100002764,0.9575757575757575
Drug_71360,Drug_100002781,0.9585798816568047
Drug_71360,Drug_100002801,0.7961165048543689
Drug_71360,Drug_100002803,0.9404761904761905
Drug_71360,Drug_100002978,0.5015873015873016
Drug_71360,Drug_100002995,0.8817204301075269
Drug_71360,Drug_100003007,0.8586956521739131
Drug_71360,Drug_100003066,0.9575757575757575
Drug_71360,Drug_100003157,0.9518072289156626
Drug_71360,Drug_100003168,0.963855421686747
Drug_71360,Drug_100003251,0.9696969696969697
Drug_71360,Drug_100003345,0.9518072289156626
Drug_71360,Drug_100003367,0.9349112426035503
Drug_71360,Drug_100003696,0.8677248677248677
Drug_71360,Drug_100003827,1.0
Drug_71360,Drug_100003916,0.9695121951219512
Drug_71360,Drug_100003954,0.9461077844311377
Drug_71360,Drug_100004140,0.9575757575757575
Drug_71360,Drug_100004635,0.9634146341463414
Drug_71360,Drug_100004639,0.9634146341463414
Drug_71360,Drug_100004736,0.9588235294117647
Drug_71360,Drug_100004747,0.8977272727272727
Drug_71360,Drug_100004885,0.9634146341463414
Drug_71360,Drug_100004893,0.9349112426035503
Drug_71360,Drug_100005002,0.8677248677248677
Drug_71360,Drug_100005358,0.9575757575757575
Drug_71360,Drug_100005401,0.9575757575757575
Drug_71360,Drug_100005487,0.9634146341463414
Drug_71360,Drug_100005524,0.8633879781420765
Drug_71360,Drug_100005533,0.8688524590163934
Drug_71360,Drug_100005771,0.9634146341463414
Drug_71360,Drug_100010100,0.9515151515151515
Drug_71360,Drug_100012453,0.9634146341463414
Drug_71360,Drug_100041693,0.9575757575757575
Drug_71360,Drug_100042955,0.9634146341463414
Drug_71360,Drug_100054313,0.9518072289156626
Drug_71360,Drug_100054373,0.9634146341463414
Drug_71360,Drug_100060146,0.9634146341463414
Drug_71360,Drug_100060612,0.9634146341463414
Drug_71360,Drug_100065014,0.9634146341463414
Drug_71360,Drug_100068613,0.9634146341463414
Drug_71360,Drug_100104865,0.9634146341463414
Drug_71360,Drug_100216237,0.9634146341463414
Drug_71360,Drug_106433117,0.9634146341463414
Drug_71360,Drug_124965990,0.9634146341463414
Drug_2732,Drug_4100,1.0
Drug_2732,Drug_5560,0.5625
Drug_2732,Drug_119607,0.8421052631578947
Drug_2732,Drug_5284627,1.0
Drug_2732,Drug_100002662,0.5161290322580645
Drug_2732,Drug_100002732,1.0
Drug_2732,Drug_100003440,0.6470588235294118
Drug_2732,Drug_100003702,1.0
Drug_2732,Drug_100005333,0.6470588235294118
Drug_4174,Drug_91429,0.4482758620689655
Drug_4174,Drug_100002145,0.5
Drug_4174,Drug_100004174,1.0
Drug_4174,Drug_100132971,0.5
Drug_36811,Drug_2215,0.8586956521739131
Drug_36811,Drug_2476,0.8586956521739131
Drug_36811,Drug_2541,0.8540540540540541
Drug_36811,Drug_2771,0.7777777777777778
Drug_36811,Drug_2783,0.8641304347826086
Drug_36811,Drug_2818,0.7030567685589519
Drug_36811,Drug_3066,0.8586956521739131
Drug_36811,Drug_3151,0.8502673796791443
Drug_36811,Drug_3155,0.7815533980582524
Drug_36811,Drug_3158,0.7815533980582524
Drug_36811,Drug_3340,0.8586956521739131
Drug_36811,Drug_3343,0.8641304347826086
Drug_36811,Drug_3372,0.8609625668449198
Drug_36811,Drug_3386,0.7740384615384616
Drug_36811,Drug_3559,0.7853658536585366
Drug_36811,Drug_3715,0.7735849056603774
Drug_36811,Drug_3779,0.8695652173913043
Drug_36811,Drug_3827,0.8315789473684211
Drug_36811,Drug_3961,0.8404255319148937
Drug_36811,Drug_4095,0.7892156862745098
Drug_36811,Drug_4543,0.7252252252252253
Drug_36811,Drug_4747,0.8061224489795918
Drug_36811,Drug_4768,0.8449197860962567
Drug_36811,Drug_4850,0.8586956521739131
Drug_36811,Drug_5002,0.7594339622641509
Drug_36811,Drug_5073,0.8298969072164949
Drug_36811,Drug_5090,0.8186528497409327
Drug_36811,Drug_5357,0.8586956521739131
Drug_36811,Drug_5358,0.8540540540540541
Drug_36811,Drug_5656,0.8009950248756219
Drug_36811,Drug_5709,0.8586956521739131
Drug_36811,Drug_5775,0.8540540540540541
Drug_36811,Drug_5959,0.8586956521739131
Drug_36811,Drug_6005,0.8586956521739131
Drug_36811,Drug_8230,0.8586956521739131
Drug_36811,Drug_9880,0.7214611872146118
Drug_36811,Drug_23897,0.8540540540540541
Drug_36811,Drug_28864,0.8494623655913979
Drug_36811,Drug_47811,0.8494623655913979
Drug_36811,Drug_59226,0.8586956521739131
Drug_36811,Drug_60795,0.805
Drug_36811,Drug_60853,0.7740384615384616
Drug_36811,Drug_77998,0.7227272727272728
Drug_36811,Drug_115237,0.8548387096774194
Drug_36811,Drug_129211,0.8586956521739131
Drug_36811,Drug_216237,0.8586956521739131
Drug_36811,Drug_638678,0.8586956521739131
Drug_36811,Drug_5280360,0.8586956521739131
Drug_36811,Drug_5281037,0.8586956521739131
Drug_36811,Drug_5284604,0.8586956521739131
Drug_36811,Drug_5311068,0.8586956521739131
Drug_36811,Drug_5359272,0.8586956521739131
Drug_36811,Drug_9833444,0.8586956521739131
Drug_36811,Drug_24965990,0.8586956521739131
Drug_36811,Drug_100000158,0.8540540540540541
Drug_36811,Drug_100000681,0.7594339622641509
Drug_36811,Drug_100000774,0.5642857142857143
Drug_36811,Drug_100002170,0.7853658536585366
Drug_36811,Drug_100002215,0.8594594594594595
Drug_36811,Drug_100002369,0.8586956521739131
Drug_36811,Drug_100002520,0.7559808612440191
Drug_36811,Drug_100002540,0.8494623655913979
Drug_36811,Drug_100002585,0.8655913978494624
Drug_36811,Drug_100002726,0.7703349282296651
Drug_36811,Drug_100002764,0.8540540540540541
Drug_36811,Drug_100002781,0.837696335078534
Drug_36811,Drug_100002801,0.7030567685589519
Drug_36811,Drug_100002803,0.8404255319148937
Drug_36811,Drug_100002978,0.4716417910447761
Drug_36811,Drug_100002995,0.7703349282296651
Drug_36811,Drug_100003007,0.8009950248756219
Drug_36811,Drug_100003066,0.8540540540540541
Drug_36811,Drug_100003157,0.8594594594594595
Drug_36811,Drug_100003168,0.8404255319148937
Drug_36811,Drug_100003251,0.8449197860962567
Drug_36811,Drug_100003345,0.8494623655913979
Drug_36811,Drug_100003367,0.8359788359788359
Drug_36811,Drug_100003696,0.7594339622641509
Drug_36811,Drug_100003827,0.8315789473684211
Drug_36811,Drug_100003916,0.8540540540540541
Drug_36811,Drug_100003954,0.8548387096774194
Drug_36811,Drug_100004140,0.8540540540540541
Drug_36811,Drug_100004635,0.8586956521739131
Drug_36811,Drug_100004639,0.8586956521739131
Drug_36811,Drug_100004736,0.8102564102564103
Drug_36811,Drug_100004747,0.8061224489795918
Drug_36811,Drug_100004885,0.8586956521739131
Drug_36811,Drug_100004893,0.8359788359788359
Drug_36811,Drug_100005002,0.7594339622641509
Drug_36811,Drug_100005358,0.8540540540540541
Drug_36811,Drug_100005401,0.8540540540540541
Drug_36811,Drug_100005487,0.8586956521739131
Drug_36811,Drug_100005524,0.805
Drug_36811,Drug_100005533,0.8009950248756219
Drug_36811,Drug_100005771,0.8586956521739131
Drug_36811,Drug_100010100,0.8486486486486486
Drug_36811,Drug_100012453,0.8586956521739131
Drug_36811,Drug_100041693,0.8540540540540541
Drug_36811,Drug_100042955,0.8586956521739131
Drug_36811,Drug_100054313,0.8494623655913979
Drug_36811,Drug_100054373,0.8586956521739131
Drug_36811,Drug_100060146,0.8586956521739131
Drug_36811,Drug_100060612,0.8586956521739131
Drug_36811,Drug_100065014,0.8586956521739131
Drug_36811,Drug_100068613,0.8586956521739131
Drug_36811,Drug_100104865,0.8586956521739131
Drug_36811,Drug_100216237,0.8586956521739131
Drug_36811,Drug_106433117,0.8586956521739131
Drug_36811,Drug_124965990,0.8586956521739131
Drug_4543,Drug_2215,0.7939698492462312
Drug_4543,Drug_2476,0.7939698492462312
Drug_4543,Drug_2541,0.7989949748743719
Drug_4543,Drug_2771,0.915
Drug_4543,Drug_2783,0.79
Drug_4543,Drug_2818,0.8243243243243243
Drug_4543,Drug_3066,0.7939698492462312
Drug_4543,Drug_3151,0.7960199004975125
Drug_4543,Drug_3155,0.9195979899497487
Drug_4543,Drug_3158,0.9195979899497487
Drug_4543,Drug_3340,0.7939698492462312
Drug_4543,Drug_3343,0.79
Drug_4543,Drug_3372,0.8241206030150754
Drug_4543,Drug_3386,0.92
Drug_4543,Drug_3559,0.780373831775701
Drug_4543,Drug_3715,0.6781115879828327
Drug_4543,Drug_3779,0.7860696517412935
Drug_4543,Drug_3827,0.8241206030150754
Drug_4543,Drug_3961,0.7871287128712872
Drug_4543,Drug_4095,0.8719211822660099
Drug_4543,Drug_4747,0.7488151658767772
Drug_4543,Drug_4768,0.7821782178217822
Drug_4543,Drug_4850,0.7939698492462312
Drug_4543,Drug_5002,0.755656108597285
Drug_4543,Drug_5073,0.8316831683168316
Drug_4543,Drug_5090,0.7596153846153846
Drug_4543,Drug_5357,0.7939698492462312
Drug_4543,Drug_5358,0.79
Drug_4543,Drug_5656,0.885
Drug_4543,Drug_5709,0.7939698492462312
Drug_4543,Drug_5775,0.79
Drug_4543,Drug_5959,0.7939698492462312
Drug_4543,Drug_6005,0.7939698492462312
Drug_4543,Drug_8230,0.7939698492462312
Drug_4543,Drug_9880,0.6752136752136753
Drug_4543,Drug_23897,0.7989949748743719
Drug_4543,Drug_28864,0.8040201005025126
Drug_4543,Drug_47811,0.795
Drug_4543,Drug_59226,0.7939698492462312
Drug_4543,Drug_60795,0.7990430622009569
Drug_4543,Drug_60853,0.9104477611940298
Drug_4543,Drug_77998,0.6694915254237288
Drug_4543,Drug_115237,0.8
Drug_4543,Drug_129211,0.7939698492462312
Drug_4543,Drug_216237,0.7939698492462312
Drug_4543,Drug_638678,0.7939698492462312
Drug_4543,Drug_5280360,0.7939698492462312
Drug_4543,Drug_5281037,0.7939698492462312
Drug_4543,Drug_5284604,0.7939698492462312
Drug_4543,Drug_5311068,0.7939698492462312
Drug_4543,Drug_5359272,0.7939698492462312
Drug_4543,Drug_9833444,0.7939698492462312
Drug_4543,Drug_24965990,0.7939698492462312
Drug_4543,Drug_100000158,0.79
Drug_4543,Drug_100000681,0.8388625592417062
Drug_4543,Drug_100000774,0.5408163265306123
Drug_4543,Drug_100002170,0.914572864321608
Drug_4543,Drug_100002215,0.795
Drug_4543,Drug_100002369,0.7939698492462312
Drug_4543,Drug_100002520,0.7207207207207207
Drug_4543,Drug_100002540,0.7860696517412935
Drug_4543,Drug_100002585,0.8009950248756219
Drug_4543,Drug_100002726,0.7741935483870968
Drug_4543,Drug_100002764,0.79
Drug_4543,Drug_100002781,0.83
Drug_4543,Drug_100002801,0.832579185520362
Drug_4543,Drug_100002803,0.7783251231527094
Drug_4543,Drug_100002978,0.4514285714285714
Drug_4543,Drug_100002995,0.905940594059406
Drug_4543,Drug_100003007,0.885
Drug_4543,Drug_100003066,0.7989949748743719
Drug_4543,Drug_100003157,0.795
Drug_4543,Drug_100003168,0.7960199004975125
Drug_4543,Drug_100003251,0.8090452261306532
Drug_4543,Drug_100003345,0.7860696517412935
Drug_4543,Drug_100003367,0.7745098039215687
Drug_4543,Drug_100003696,0.8926829268292683
Drug_4543,Drug_100003827,0.8241206030150754
Drug_4543,Drug_100003916,0.7989949748743719
Drug_4543,Drug_100003954,0.8
Drug_4543,Drug_100004140,0.7989949748743719
Drug_4543,Drug_100004635,0.7939698492462312
Drug_4543,Drug_100004639,0.7939698492462312
Drug_4543,Drug_100004736,0.7951219512195122
Drug_4543,Drug_100004747,0.7488151658767772
Drug_4543,Drug_100004885,0.7939698492462312
Drug_4543,Drug_100004893,0.7745098039215687
Drug_4543,Drug_100005002,0.755656108597285
Drug_4543,Drug_100005358,0.79
Drug_4543,Drug_100005401,0.79
Drug_4543,Drug_100005487,0.7939698492462312
Drug_4543,Drug_100005524,0.8894472361809045
Drug_4543,Drug_100005533,0.8944723618090452
Drug_4543,Drug_100005771,0.7939698492462312
Drug_4543,Drug_100010100,0.785
Drug_4543,Drug_100012453,0.7939698492462312
Drug_4543,Drug_100041693,0.79
Drug_4543,Drug_100042955,0.7939698492462312
Drug_4543,Drug_100054313,0.7860696517412935
Drug_4543,Drug_100054373,0.7939698492462312
Drug_4543,Drug_100060146,0.7939698492462312
Drug_4543,Drug_100060612,0.7939698492462312
Drug_4543,Drug_100065014,0.7939698492462312
Drug_4543,Drug_100068613,0.7939698492462312
Drug_4543,Drug_100104865,0.7939698492462312
Drug_4543,Drug_100216237,0.7939698492462312
Drug_4543,Drug_106433117,0.7939698492462312
Drug_4543,Drug_124965990,0.7939698492462312
Drug_100002484,Drug_2484,1.0
Drug_100002512,Drug_100003517,0.4583333333333333
Drug_30323,Drug_193962,0.4
Drug_30323,Drug_100193962,0.4
Drug_9966051,Drug_54840,0.45
Drug_9966051,Drug_65856,0.40384615384615385
Drug_9966051,Drug_446220,0.7818181818181819
Drug_9966051,Drug_100002826,0.7818181818181819
Drug_9966051,Drug_100170361,0.4230769230769231
Drug_9966051,Drug_109966051,1.0
Drug_100003367,Drug_2215,0.9693251533742331
Drug_100003367,Drug_2476,0.9693251533742331
Drug_100003367,Drug_2541,0.9634146341463414
Drug_100003367,Drug_2771,0.8359788359788359
Drug_100003367,Drug_2783,0.9634146341463414
Drug_100003367,Drug_2818,0.7488151658767772
Drug_100003367,Drug_3066,0.9693251533742331
Drug_100003367,Drug_3151,0.9461077844311377
Drug_100003367,Drug_3155,0.8404255319148937
Drug_100003367,Drug_3158,0.8404255319148937
Drug_100003367,Drug_3340,0.9693251533742331
Drug_100003367,Drug_3343,0.9634146341463414
Drug_100003367,Drug_3372,0.9349112426035503
Drug_100003367,Drug_3386,0.8315789473684211
Drug_100003367,Drug_3559,0.8449197860962567
Drug_100003367,Drug_3715,0.8020304568527918
Drug_100003367,Drug_3779,0.9575757575757575
Drug_100003367,Drug_3827,0.9349112426035503
Drug_100003367,Drug_3961,0.9461077844311377
Drug_100003367,Drug_4095,0.8494623655913979
Drug_100003367,Drug_4747,0.9028571428571428
Drug_100003367,Drug_4768,0.9518072289156626
Drug_100003367,Drug_4850,0.9693251533742331
Drug_100003367,Drug_5002,0.8144329896907216
Drug_100003367,Drug_5073,0.8977272727272727
Drug_100003367,Drug_5090,0.9186046511627907
Drug_100003367,Drug_5357,0.9693251533742331
Drug_100003367,Drug_5358,0.9634146341463414
Drug_100003367,Drug_5656,0.8633879781420765
Drug_100003367,Drug_5709,0.9693251533742331
Drug_100003367,Drug_5775,0.9634146341463414
Drug_100003367,Drug_5959,0.9693251533742331
Drug_100003367,Drug_6005,0.9693251533742331
Drug_100003367,Drug_8230,0.9693251533742331
Drug_100003367,Drug_9880,0.797979797979798
Drug_100003367,Drug_23897,0.9634146341463414
Drug_100003367,Drug_28864,0.9575757575757575
Drug_100003367,Drug_47811,0.9575757575757575
Drug_100003367,Drug_59226,0.9693251533742331
Drug_100003367,Drug_60795,0.8681318681318682
Drug_100003367,Drug_60853,0.8315789473684211
Drug_100003367,Drug_77998,0.79
Drug_100003367,Drug_115237,0.9518072289156626
Drug_100003367,Drug_129211,0.9693251533742331
Drug_100003367,Drug_216237,0.9693251533742331
Drug_100003367,Drug_638678,0.9693251533742331
Drug_100003367,Drug_5280360,0.9693251533742331
Drug_100003367,Drug_5281037,0.9693251533742331
Drug_100003367,Drug_5284604,0.9693251533742331
Drug_100003367,Drug_5311068,0.9693251533742331
Drug_100003367,Drug_5359272,0.9693251533742331
Drug_100003367,Drug_9833444,0.9693251533742331
Drug_100003367,Drug_24965990,0.9693251533742331
Drug_100003367,Drug_100000158,0.9634146341463414
Drug_100003367,Drug_100000681,0.8144329896907216
Drug_100003367,Drug_100000774,0.61003861003861
Drug_100003367,Drug_100002170,0.8449197860962567
Drug_100003367,Drug_100002215,0.9575757575757575
Drug_100003367,Drug_100002369,0.9693251533742331
Drug_100003367,Drug_100002520,0.8306878306878307
Drug_100003367,Drug_100002540,0.9575757575757575
Drug_100003367,Drug_100002585,0.9404761904761905
Drug_100003367,Drug_100002726,0.8272251308900523
Drug_100003367,Drug_100002764,0.9634146341463414
Drug_100003367,Drug_100002781,0.9186046511627907
Drug_100003367,Drug_100002801,0.7488151658767772
Drug_100003367,Drug_100002803,0.9461077844311377
Drug_100003367,Drug_100002978,0.5031847133757962
Drug_100003367,Drug_100002995,0.8272251308900523
Drug_100003367,Drug_100003007,0.8633879781420765
Drug_100003367,Drug_100003066,0.9634146341463414
Drug_100003367,Drug_100003157,0.9575757575757575
Drug_100003367,Drug_100003168,0.9461077844311377
Drug_100003367,Drug_100003251,0.9518072289156626
Drug_100003367,Drug_100003345,0.9575757575757575
Drug_100003367,Drug_100003696,0.8144329896907216
Drug_100003367,Drug_100003827,0.9349112426035503
Drug_100003367,Drug_100003916,0.9634146341463414
Drug_100003367,Drug_100003954,0.9518072289156626
Drug_100003367,Drug_100004140,0.9634146341463414
Drug_100003367,Drug_100004635,0.9693251533742331
Drug_100003367,Drug_100004639,0.9693251533742331
Drug_100003367,Drug_100004736,0.9080459770114943
Drug_100003367,Drug_100004747,0.9028571428571428
Drug_100003367,Drug_100004885,0.9693251533742331
Drug_100003367,Drug_100004893,0.9404761904761905
Drug_100003367,Drug_100005002,0.8144329896907216
Drug_100003367,Drug_100005358,0.9634146341463414
Drug_100003367,Drug_100005401,0.9634146341463414
Drug_100003367,Drug_100005487,0.9693251533742331
Drug_100003367,Drug_100005524,0.8681318681318682
Drug_100003367,Drug_100005533,0.8633879781420765
Drug_100003367,Drug_100005771,0.9693251533742331
Drug_100003367,Drug_100010100,0.9573170731707317
Drug_100003367,Drug_100012453,0.9693251533742331
Drug_100003367,Drug_100041693,0.9634146341463414
Drug_100003367,Drug_100042955,0.9693251533742331
Drug_100003367,Drug_100054313,0.9575757575757575
Drug_100003367,Drug_100054373,0.9693251533742331
Drug_100003367,Drug_100060146,0.9693251533742331
Drug_100003367,Drug_100060612,0.9693251533742331
Drug_100003367,Drug_100065014,0.9693251533742331
Drug_100003367,Drug_100068613,0.9693251533742331
Drug_100003367,Drug_100104865,0.9693251533742331
Drug_100003367,Drug_100216237,0.9693251533742331
Drug_100003367,Drug_106433117,0.9693251533742331
Drug_100003367,Drug_124965990,0.9693251533742331
Drug_104659568,Drug_4659569,1.0
Drug_47811,Drug_2215,0.9875
Drug_47811,Drug_2476,0.9875
Drug_47811,Drug_2541,0.9813664596273292
Drug_47811,Drug_2771,0.8594594594594595
Drug_47811,Drug_2783,0.9813664596273292
Drug_47811,Drug_2818,0.7681159420289855
Drug_47811,Drug_3066,0.9875
Drug_47811,Drug_3151,0.9754601226993865
Drug_47811,Drug_3155,0.8540540540540541
Drug_47811,Drug_3158,0.8540540540540541
Drug_47811,Drug_3340,0.9875
Drug_47811,Drug_3343,0.9813664596273292
Drug_47811,Drug_3372,0.9518072289156626
Drug_47811,Drug_3386,0.8648648648648649
Drug_47811,Drug_3559,0.8688524590163934
Drug_47811,Drug_3715,0.8144329896907216
Drug_47811,Drug_3779,0.9753086419753086
Drug_47811,Drug_3827,0.9518072289156626
Drug_47811,Drug_3961,0.9634146341463414
Drug_47811,Drug_4095,0.8736263736263736
Drug_47811,Drug_4747,0.9186046511627907
Drug_47811,Drug_4768,0.9693251533742331
Drug_47811,Drug_4850,0.9875
Drug_47811,Drug_5002,0.8272251308900523
Drug_47811,Drug_5073,0.935672514619883
Drug_47811,Drug_5090,0.9349112426035503
Drug_47811,Drug_5357,0.9875
Drug_47811,Drug_5358,0.9813664596273292
Drug_47811,Drug_5656,0.8777777777777778
Drug_47811,Drug_5709,0.9875
Drug_47811,Drug_5775,0.99375
Drug_47811,Drug_5959,0.9875
Drug_47811,Drug_6005,0.9875
Drug_47811,Drug_8230,0.9875
Drug_47811,Drug_9880,0.8102564102564103
Drug_47811,Drug_23897,0.9813664596273292
Drug_47811,Drug_28864,0.9875776397515528
Drug_47811,Drug_59226,0.9875
Drug_47811,Drug_60795,0.8932584269662921
Drug_47811,Drug_60853,0.8548387096774194
Drug_47811,Drug_77998,0.8020304568527918
Drug_47811,Drug_115237,0.9814814814814815
Drug_47811,Drug_129211,0.9875
Drug_47811,Drug_216237,0.9875
Drug_47811,Drug_638678,0.9875
Drug_47811,Drug_5280360,0.9875
Drug_47811,Drug_5281037,0.9875
Drug_47811,Drug_5284604,0.9875
Drug_47811,Drug_5311068,0.9875
Drug_47811,Drug_5359272,0.9875
Drug_47811,Drug_9833444,0.9875
Drug_47811,Drug_24965990,0.9875
Drug_47811,Drug_100000158,0.9813664596273292
Drug_47811,Drug_100000681,0.8272251308900523
Drug_47811,Drug_100000774,0.6171875
Drug_47811,Drug_100002170,0.8586956521739131
Drug_47811,Drug_100002215,0.9753086419753086
Drug_47811,Drug_100002369,0.9875
Drug_47811,Drug_100002520,0.8540540540540541
Drug_47811,Drug_100002540,0.9753086419753086
Drug_47811,Drug_100002585,0.9695121951219512
Drug_47811,Drug_100002726,0.8602150537634409
Drug_47811,Drug_100002764,0.9813664596273292
Drug_47811,Drug_100002781,0.9580838323353293
Drug_47811,Drug_100002801,0.7681159420289855
Drug_47811,Drug_100002803,0.9634146341463414
Drug_47811,Drug_100002978,0.5080385852090032
Drug_47811,Drug_100002995,0.8502673796791443
Drug_47811,Drug_100003007,0.8777777777777778
Drug_47811,Drug_100003066,0.9813664596273292
Drug_47811,Drug_100003157,0.9875776397515528
Drug_47811,Drug_100003168,0.9754601226993865
Drug_47811,Drug_100003251,0.9693251533742331
Drug_47811,Drug_100003345,0.9875776397515528
Drug_47811,Drug_100003696,0.8368421052631579
Drug_47811,Drug_100003827,0.9518072289156626
Drug_47811,Drug_100003916,0.9813664596273292
Drug_47811,Drug_100003954,0.9814814814814815
Drug_47811,Drug_100004140,0.99375
Drug_47811,Drug_100004635,0.9875
Drug_47811,Drug_100004639,0.9875
Drug_47811,Drug_100004736,0.9239766081871345
Drug_47811,Drug_100004747,0.9186046511627907
Drug_47811,Drug_100004885,0.9875
Drug_47811,Drug_100004893,0.9695121951219512
Drug_47811,Drug_100005002,0.8272251308900523
Drug_47811,Drug_100005358,0.9813664596273292
Drug_47811,Drug_100005401,0.99375
Drug_47811,Drug_100005487,0.9875
Drug_47811,Drug_100005524,0.88268156424581
Drug_47811,Drug_100005533,0.8777777777777778
Drug_47811,Drug_100005771,0.9875
Drug_47811,Drug_100010100,0.9875
Drug_47811,Drug_100012453,0.9875
Drug_47811,Drug_100041693,0.9813664596273292
Drug_47811,Drug_100042955,0.9875
Drug_47811,Drug_100054313,0.9753086419753086
Drug_47811,Drug_100054373,0.9875
Drug_47811,Drug_100060146,0.9875
Drug_47811,Drug_100060612,0.9875
Drug_47811,Drug_100065014,0.9875
Drug_47811,Drug_100068613,0.9875
Drug_47811,Drug_100104865,0.9875
Drug_47811,Drug_100216237,0.9875
Drug_47811,Drug_106433117,0.9875
Drug_47811,Drug_124965990,0.9875
Drug_4601,Drug_2370,0.4
Drug_4601,Drug_2564,0.4
Drug_4601,Drug_3100,0.5
Drug_4601,Drug_3623,0.4
Drug_4601,Drug_3947,0.5
Drug_4601,Drug_4034,0.4
Drug_4601,Drug_124087,0.6666666666666666
Drug_4601,Drug_154417,0.4
Drug_4601,Drug_100002370,0.4
Drug_4601,Drug_100004992,0.48148148148148145
Drug_100002170,Drug_2215,0.8681318681318682
Drug_100002170,Drug_2476,0.8681318681318682
Drug_100002170,Drug_2541,0.8633879781420765
Drug_100002170,Drug_2771,0.9891304347826086
Drug_100002170,Drug_2783,0.8633879781420765
Drug_100002170,Drug_2818,0.883495145631068
Drug_100002170,Drug_3066,0.8681318681318682
Drug_100002170,Drug_3151,0.8695652173913043
Drug_100002170,Drug_3155,0.994535519125683
Drug_100002170,Drug_3158,0.994535519125683
Drug_100002170,Drug_3340,0.8681318681318682
Drug_100002170,Drug_3343,0.8633879781420765
Drug_100002170,Drug_3372,0.9010989010989011
Drug_100002170,Drug_3386,0.9837837837837838
Drug_100002170,Drug_3559,0.8383838383838383
Drug_100002170,Drug_3715,0.7314814814814815
Drug_100002170,Drug_3779,0.8586956521739131
Drug_100002170,Drug_3827,0.8907103825136612
Drug_100002170,Drug_3961,0.8494623655913979
Drug_100002170,Drug_4095,0.9516129032258065
Drug_100002170,Drug_4747,0.8144329896907216
Drug_100002170,Drug_4768,0.8540540540540541
Drug_100002170,Drug_4850,0.8681318681318682
Drug_100002170,Drug_5002,0.8097560975609757
Drug_100002170,Drug_5073,0.8877005347593583
Drug_100002170,Drug_5090,0.8272251308900523
Drug_100002170,Drug_5357,0.8681318681318682
Drug_100002170,Drug_5358,0.8633879781420765
Drug_100002170,Drug_5656,0.9672131147540983
Drug_100002170,Drug_5709,0.8681318681318682
Drug_100002170,Drug_5775,0.8633879781420765
Drug_100002170,Drug_5959,0.8681318681318682
Drug_100002170,Drug_6005,0.8681318681318682
Drug_100002170,Drug_8230,0.8681318681318682
Drug_100002170,Drug_9880,0.728110599078341
Drug_100002170,Drug_23897,0.8736263736263736
Drug_100002170,Drug_28864,0.8688524590163934
Drug_100002170,Drug_59226,0.8681318681318682
Drug_100002170,Drug_60795,0.8601036269430051
Drug_100002170,Drug_60853,0.9837837837837838
Drug_100002170,Drug_77998,0.7214611872146118
Drug_100002170,Drug_115237,0.8743169398907104
Drug_100002170,Drug_129211,0.8681318681318682
Drug_100002170,Drug_216237,0.8681318681318682
Drug_100002170,Drug_638678,0.8681318681318682
Drug_100002170,Drug_5280360,0.8681318681318682
Drug_100002170,Drug_5281037,0.8681318681318682
Drug_100002170,Drug_5284604,0.8681318681318682
Drug_100002170,Drug_5311068,0.8681318681318682
Drug_100002170,Drug_5359272,0.8681318681318682
Drug_100002170,Drug_9833444,0.8681318681318682
Drug_100002170,Drug_24965990,0.8681318681318682
Drug_100002170,Drug_100000158,0.8633879781420765
Drug_100002170,Drug_100000681,0.9123711340206185
Drug_100002170,Drug_100000774,0.5740072202166066
Drug_100002170,Drug_100002215,0.8688524590163934
Drug_100002170,Drug_100002369,0.8681318681318682
Drug_100002170,Drug_100002520,0.7632850241545893
Drug_100002170,Drug_100002540,0.8586956521739131
Drug_100002170,Drug_100002585,0.875
Drug_100002170,Drug_100002726,0.8217821782178217
Drug_100002170,Drug_100002764,0.8633879781420765
Drug_100002170,Drug_100002781,0.8864864864864865
Drug_100002170,Drug_100002801,0.883495145631068
Drug_100002170,Drug_100002803,0.8494623655913979
Drug_100002170,Drug_100002978,0.4744744744744745
Drug_100002170,Drug_100002995,0.978494623655914
Drug_100002170,Drug_100003007,0.9672131147540983
Drug_100002170,Drug_100003066,0.8633879781420765
Drug_100002170,Drug_100003157,0.8688524590163934
Drug_100002170,Drug_100003168,0.8695652173913043
Drug_100002170,Drug_100003251,0.8641304347826086
Drug_100002170,Drug_100003345,0.8586956521739131
Drug_100002170,Drug_100003696,0.9629629629629629
Drug_100002170,Drug_100003827,0.8907103825136612
Drug_100002170,Drug_100003916,0.8736263736263736
Drug_100002170,Drug_100003954,0.8641304347826086
Drug_100002170,Drug_100004140,0.8633879781420765
Drug_100002170,Drug_100004635,0.8681318681318682
Drug_100002170,Drug_100004639,0.8681318681318682
Drug_100002170,Drug_100004736,0.8571428571428571
Drug_100002170,Drug_100004747,0.8144329896907216
Drug_100002170,Drug_100004885,0.8681318681318682
Drug_100002170,Drug_100004893,0.8449197860962567
Drug_100002170,Drug_100005002,0.8097560975609757
Drug_100002170,Drug_100005358,0.8633879781420765
Drug_100002170,Drug_100005401,0.8633879781420765
Drug_100002170,Drug_100005487,0.8681318681318682
Drug_100002170,Drug_100005524,0.9725274725274725
Drug_100002170,Drug_100005533,0.978021978021978
Drug_100002170,Drug_100005771,0.8681318681318682
Drug_100002170,Drug_100010100,0.8579234972677595
Drug_100002170,Drug_100012453,0.8681318681318682
Drug_100002170,Drug_100041693,0.8633879781420765
Drug_100002170,Drug_100042955,0.8681318681318682
Drug_100002170,Drug_100054313,0.8586956521739131
Drug_100002170,Drug_100054373,0.8681318681318682
Drug_100002170,Drug_100060146,0.8681318681318682
Drug_100002170,Drug_100060612,0.8681318681318682
Drug_100002170,Drug_100065014,0.8681318681318682
Drug_100002170,Drug_100068613,0.8681318681318682
Drug_100002170,Drug_100104865,0.8681318681318682
Drug_100002170,Drug_100216237,0.8681318681318682
Drug_100002170,Drug_106433117,0.8681318681318682
Drug_100002170,Drug_124965990,0.8681318681318682
Drug_100003702,Drug_4100,1.0
Drug_100003702,Drug_5560,0.5625
Drug_100003702,Drug_119607,0.8421052631578947
Drug_100003702,Drug_5284627,1.0
Drug_100003702,Drug_100002662,0.5161290322580645
Drug_100003702,Drug_100002732,1.0
Drug_100003702,Drug_100003440,0.6470588235294118
Drug_100003702,Drug_100005333,0.6470588235294118
Drug_100000119,Drug_119,1.0
Drug_100000119,Drug_100005732,0.42857142857142855
Drug_100001301,Drug_1046,0.47058823529411764
Drug_100001301,Drug_3672,0.42105263157894735
Drug_100001301,Drug_4495,0.5882352941176471
Drug_100001301,Drug_4888,0.47058823529411764
Drug_100001301,Drug_100001046,0.47058823529411764
Drug_100001301,Drug_100003394,0.5555555555555556
Drug_100001301,Drug_100003672,0.47619047619047616
Drug_100001301,Drug_100004051,0.47058823529411764
Drug_100004639,Drug_2215,1.0
Drug_100004639,Drug_2476,1.0
Drug_100004639,Drug_2541,0.9937106918238994
Drug_100004639,Drug_2771,0.8586956521739131
Drug_100004639,Drug_2783,0.9937106918238994
Drug_100004639,Drug_2818,0.7669902912621359
Drug_100004639,Drug_3066,1.0
Drug_100004639,Drug_3151,0.9753086419753086
Drug_100004639,Drug_3155,0.8633879781420765
Drug_100004639,Drug_3158,0.8633879781420765
Drug_100004639,Drug_3340,1.0
Drug_100004639,Drug_3343,0.9937106918238994
Drug_100004639,Drug_3372,0.9634146341463414
Drug_100004639,Drug_3386,0.8540540540540541
Drug_100004639,Drug_3559,0.8681318681318682
Drug_100004639,Drug_3715,0.8229166666666666
Drug_100004639,Drug_3779,0.9875
Drug_100004639,Drug_3827,0.9634146341463414
Drug_100004639,Drug_3961,0.9753086419753086
Drug_100004639,Drug_4095,0.8729281767955801
Drug_100004639,Drug_4747,0.9294117647058824
Drug_100004639,Drug_4768,0.9813664596273292
Drug_100004639,Drug_4850,1.0
Drug_100004639,Drug_5002,0.8359788359788359
Drug_100004639,Drug_5073,0.9239766081871345
Drug_100004639,Drug_5090,0.9461077844311377
Drug_100004639,Drug_5357,1.0
Drug_100004639,Drug_5358,0.9937106918238994
Drug_100004639,Drug_5656,0.8876404494382022
Drug_100004639,Drug_5709,1.0
Drug_100004639,Drug_5775,0.9937106918238994
Drug_100004639,Drug_5959,1.0
Drug_100004639,Drug_6005,1.0
Drug_100004639,Drug_8230,1.0
Drug_100004639,Drug_9880,0.8186528497409327
Drug_100004639,Drug_23897,0.9937106918238994
Drug_100004639,Drug_28864,0.9875
Drug_100004639,Drug_59226,1.0
Drug_100004639,Drug_60795,0.8926553672316384
Drug_100004639,Drug_60853,0.8540540540540541
Drug_100004639,Drug_77998,0.8102564102564103
Drug_100004639,Drug_115237,0.9813664596273292
Drug_100004639,Drug_129211,1.0
Drug_100004639,Drug_216237,1.0
Drug_100004639,Drug_638678,1.0
Drug_100004639,Drug_5280360,1.0
Drug_100004639,Drug_5281037,1.0
Drug_100004639,Drug_5284604,1.0
Drug_100004639,Drug_5311068,1.0
Drug_100004639,Drug_5359272,1.0
Drug_100004639,Drug_9833444,1.0
Drug_100004639,Drug_24965990,1.0
Drug_100004639,Drug_100000158,0.9937106918238994
Drug_100004639,Drug_100000681,0.8359788359788359
Drug_100004639,Drug_100000774,0.6220472440944882
Drug_100004639,Drug_100002215,0.9875
Drug_100004639,Drug_100002369,1.0
Drug_100004639,Drug_100002520,0.8532608695652174
Drug_100004639,Drug_100002540,0.9875
Drug_100004639,Drug_100002585,0.9693251533742331
Drug_100004639,Drug_100002726,0.8494623655913979
Drug_100004639,Drug_100002764,0.9937106918238994
Drug_100004639,Drug_100002781,0.9461077844311377
Drug_100004639,Drug_100002801,0.7669902912621359
Drug_100004639,Drug_100002803,0.9753086419753086
Drug_100004639,Drug_100002978,0.511326860841424
Drug_100004639,Drug_100002995,0.8494623655913979
Drug_100004639,Drug_100003007,0.8876404494382022
Drug_100004639,Drug_100003066,0.9937106918238994
Drug_100004639,Drug_100003157,0.9875
Drug_100004639,Drug_100003168,0.9753086419753086
Drug_100004639,Drug_100003251,0.9813664596273292
Drug_100004639,Drug_100003345,0.9875
Drug_100004639,Drug_100003696,0.8359788359788359
Drug_100004639,Drug_100003827,0.9634146341463414
Drug_100004639,Drug_100003916,0.9937106918238994
Drug_100004639,Drug_100003954,0.9813664596273292
Drug_100004639,Drug_100004140,0.9937106918238994
Drug_100004639,Drug_100004635,1.0
Drug_100004639,Drug_100004736,0.9349112426035503
Drug_100004639,Drug_100004747,0.9294117647058824
Drug_100004639,Drug_100004885,1.0
Drug_100004639,Drug_100004893,0.9693251533742331
Drug_100004639,Drug_100005002,0.8359788359788359
Drug_100004639,Drug_100005358,0.9937106918238994
Drug_100004639,Drug_100005401,0.9937106918238994
Drug_100004639,Drug_100005487,1.0
Drug_100004639,Drug_100005524,0.8926553672316384
Drug_100004639,Drug_100005533,0.8876404494382022
Drug_100004639,Drug_100005771,1.0
Drug_100004639,Drug_100010100,0.9874213836477987
Drug_100004639,Drug_100012453,1.0
Drug_100004639,Drug_100041693,0.9937106918238994
Drug_100004639,Drug_100042955,1.0
Drug_100004639,Drug_100054313,0.9875
Drug_100004639,Drug_100054373,1.0
Drug_100004639,Drug_100060146,1.0
Drug_100004639,Drug_100060612,1.0
Drug_100004639,Drug_100065014,1.0
Drug_100004639,Drug_100068613,1.0
Drug_100004639,Drug_100104865,1.0
Drug_100004639,Drug_100216237,1.0
Drug_100004639,Drug_106433117,1.0
Drug_100004639,Drug_124965990,1.0
Drug_5359,Drug_84003,0.6666666666666666
Drug_5359,Drug_100005359,1.0
Drug_5359,Drug_100060726,0.5
Drug_100005002,Drug_2215,0.8359788359788359
Drug_100005002,Drug_2476,0.8359788359788359
Drug_100005002,Drug_2541,0.8315789473684211
Drug_100005002,Drug_2771,0.8106796116504854
Drug_100005002,Drug_2783,0.8315789473684211
Drug_100005002,Drug_2818,0.9174757281553398
Drug_100005002,Drug_3066,0.8359788359788359
Drug_100005002,Drug_3151,0.8473684210526315
Drug_100005002,Drug_3155,0.8146341463414634
Drug_100005002,Drug_3158,0.8146341463414634
Drug_100005002,Drug_3340,0.8359788359788359
Drug_100005002,Drug_3343,0.8315789473684211
Drug_100005002,Drug_3372,0.8677248677248677
Drug_100005002,Drug_3386,0.8067632850241546
Drug_100005002,Drug_3559,0.864321608040201
Drug_100005002,Drug_3715,0.7085201793721974
Drug_100005002,Drug_3779,0.8272251308900523
Drug_100005002,Drug_3827,0.8677248677248677
Drug_100005002,Drug_3961,0.8186528497409327
Drug_100005002,Drug_4095,0.7703349282296651
Drug_100005002,Drug_4747,0.7860696517412935
Drug_100005002,Drug_4768,0.8229166666666666
Drug_100005002,Drug_4850,0.8359788359788359
Drug_100005002,Drug_5002,1.0
Drug_100005002,Drug_5073,0.8652849740932642
Drug_100005002,Drug_5090,0.797979797979798
Drug_100005002,Drug_5357,0.8359788359788359
Drug_100005002,Drug_5358,0.8412698412698413
Drug_100005002,Drug_5656,0.7815533980582524
Drug_100005002,Drug_5709,0.8359788359788359
Drug_100005002,Drug_5775,0.8315789473684211
Drug_100005002,Drug_5959,0.8359788359788359
Drug_100005002,Drug_6005,0.8359788359788359
Drug_100005002,Drug_8230,0.8359788359788359
Drug_100005002,Drug_9880,0.7053571428571429
Drug_100005002,Drug_23897,0.8412698412698413
Drug_100005002,Drug_28864,0.8368421052631579
Drug_100005002,Drug_59226,0.8359788359788359
Drug_100005002,Drug_60795,0.9162303664921466
Drug_100005002,Drug_60853,0.8155339805825242
Drug_100005002,Drug_77998,0.6991150442477876
Drug_100005002,Drug_115237,0.8421052631578947
Drug_100005002,Drug_129211,0.8359788359788359
Drug_100005002,Drug_216237,0.8359788359788359
Drug_100005002,Drug_638678,0.8359788359788359
Drug_100005002,Drug_5280360,0.8359788359788359
Drug_100005002,Drug_5281037,0.8359788359788359
Drug_100005002,Drug_5284604,0.8359788359788359
Drug_100005002,Drug_5311068,0.8359788359788359
Drug_100005002,Drug_5359272,0.8359788359788359
Drug_100005002,Drug_9833444,0.8359788359788359
Drug_100005002,Drug_24965990,0.8359788359788359
Drug_100005002,Drug_100000158,0.8315789473684211
Drug_100005002,Drug_100000681,0.7419354838709677
Drug_100005002,Drug_100000774,0.5598591549295775
Drug_100005002,Drug_100002215,0.8368421052631579
Drug_100005002,Drug_100002369,0.8359788359788359
Drug_100005002,Drug_100002520,0.7383177570093458
Drug_100005002,Drug_100002540,0.8272251308900523
Drug_100005002,Drug_100002585,0.8429319371727748
Drug_100005002,Drug_100002726,0.8472906403940886
Drug_100005002,Drug_100002764,0.8315789473684211
Drug_100005002,Drug_100002781,0.8541666666666666
Drug_100005002,Drug_100002801,0.9174757281553398
Drug_100005002,Drug_100002803,0.8186528497409327
Drug_100005002,Drug_100002978,0.4647058823529412
Drug_100005002,Drug_100002995,0.8115942028985508
Drug_100005002,Drug_100003007,0.7815533980582524
Drug_100005002,Drug_100003066,0.8315789473684211
Drug_100005002,Drug_100003157,0.8368421052631579
Drug_100005002,Drug_100003168,0.8473684210526315
Drug_100005002,Drug_100003251,0.8421052631578947
Drug_100005002,Drug_100003345,0.8272251308900523
Drug_100005002,Drug_100003696,0.8
Drug_100005002,Drug_100003827,0.8677248677248677
Drug_100005002,Drug_100003916,0.8412698412698413
Drug_100005002,Drug_100003954,0.8324607329842932
Drug_100005002,Drug_100004140,0.8315789473684211
Drug_100005002,Drug_100004635,0.8359788359788359
Drug_100005002,Drug_100004736,0.8842105263157894
Drug_100005002,Drug_100004747,0.7860696517412935
Drug_100005002,Drug_100004885,0.8359788359788359
Drug_100005002,Drug_100004893,0.8144329896907216
Drug_100005002,Drug_100005358,0.8412698412698413
Drug_100005002,Drug_100005401,0.8315789473684211
Drug_100005002,Drug_100005487,0.8359788359788359
Drug_100005002,Drug_100005524,0.7853658536585366
Drug_100005002,Drug_100005533,0.7902439024390244
Drug_100005002,Drug_100005771,0.8359788359788359
Drug_100005002,Drug_100010100,0.8263157894736842
Drug_100005002,Drug_100012453,0.8359788359788359
Drug_100005002,Drug_100041693,0.8315789473684211
Drug_100005002,Drug_100042955,0.8359788359788359
Drug_100005002,Drug_100054313,0.8272251308900523
Drug_100005002,Drug_100054373,0.8359788359788359
Drug_100005002,Drug_100060146,0.8359788359788359
Drug_100005002,Drug_100060612,0.8359788359788359
Drug_100005002,Drug_100065014,0.8359788359788359
Drug_100005002,Drug_100068613,0.8359788359788359
Drug_100005002,Drug_100104865,0.8359788359788359
Drug_100005002,Drug_100216237,0.8359788359788359
Drug_100005002,Drug_106433117,0.8359788359788359
Drug_100005002,Drug_124965990,0.8359788359788359
Drug_100042955,Drug_2215,1.0
Drug_100042955,Drug_2476,1.0
Drug_100042955,Drug_2541,0.9937106918238994
Drug_100042955,Drug_2771,0.8586956521739131
Drug_100042955,Drug_2783,0.9937106918238994
Drug_100042955,Drug_2818,0.7669902912621359
Drug_100042955,Drug_3066,1.0
Drug_100042955,Drug_3151,0.9753086419753086
Drug_100042955,Drug_3155,0.8633879781420765
Drug_100042955,Drug_3158,0.8633879781420765
Drug_100042955,Drug_3340,1.0
Drug_100042955,Drug_3343,0.9937106918238994
Drug_100042955,Drug_3372,0.9634146341463414
Drug_100042955,Drug_3386,0.8540540540540541
Drug_100042955,Drug_3559,0.8681318681318682
Drug_100042955,Drug_3715,0.8229166666666666
Drug_100042955,Drug_3779,0.9875
Drug_100042955,Drug_3827,0.9634146341463414
Drug_100042955,Drug_3961,0.9753086419753086
Drug_100042955,Drug_4095,0.8729281767955801
Drug_100042955,Drug_4747,0.9294117647058824
Drug_100042955,Drug_4768,0.9813664596273292
Drug_100042955,Drug_4850,1.0
Drug_100042955,Drug_5002,0.8359788359788359
Drug_100042955,Drug_5073,0.9239766081871345
Drug_100042955,Drug_5090,0.9461077844311377
Drug_100042955,Drug_5357,1.0
Drug_100042955,Drug_5358,0.9937106918238994
Drug_100042955,Drug_5656,0.8876404494382022
Drug_100042955,Drug_5709,1.0
Drug_100042955,Drug_5775,0.9937106918238994
Drug_100042955,Drug_5959,1.0
Drug_100042955,Drug_6005,1.0
Drug_100042955,Drug_8230,1.0
Drug_100042955,Drug_9880,0.8186528497409327
Drug_100042955,Drug_23897,0.9937106918238994
Drug_100042955,Drug_28864,0.9875
Drug_100042955,Drug_59226,1.0
Drug_100042955,Drug_60795,0.8926553672316384
Drug_100042955,Drug_60853,0.8540540540540541
Drug_100042955,Drug_77998,0.8102564102564103
Drug_100042955,Drug_115237,0.9813664596273292
Drug_100042955,Drug_129211,1.0
Drug_100042955,Drug_216237,1.0
Drug_100042955,Drug_638678,1.0
Drug_100042955,Drug_5280360,1.0
Drug_100042955,Drug_5281037,1.0
Drug_100042955,Drug_5284604,1.0
Drug_100042955,Drug_5311068,1.0
Drug_100042955,Drug_5359272,1.0
Drug_100042955,Drug_9833444,1.0
Drug_100042955,Drug_24965990,1.0
Drug_100042955,Drug_100000158,0.9937106918238994
Drug_100042955,Drug_100000681,0.8359788359788359
Drug_100042955,Drug_100000774,0.6220472440944882
Drug_100042955,Drug_100002215,0.9875
Drug_100042955,Drug_100002369,1.0
Drug_100042955,Drug_100002520,0.8532608695652174
Drug_100042955,Drug_100002540,0.9875
Drug_100042955,Drug_100002585,0.9693251533742331
Drug_100042955,Drug_100002726,0.8494623655913979
Drug_100042955,Drug_100002764,0.9937106918238994
Drug_100042955,Drug_100002781,0.9461077844311377
Drug_100042955,Drug_100002801,0.7669902912621359
Drug_100042955,Drug_100002803,0.9753086419753086
Drug_100042955,Drug_100002978,0.511326860841424
Drug_100042955,Drug_100002995,0.8494623655913979
Drug_100042955,Drug_100003007,0.8876404494382022
Drug_100042955,Drug_100003066,0.9937106918238994
Drug_100042955,Drug_100003157,0.9875
Drug_100042955,Drug_100003168,0.9753086419753086
Drug_100042955,Drug_100003251,0.9813664596273292
Drug_100042955,Drug_100003345,0.9875
Drug_100042955,Drug_100003696,0.8359788359788359
Drug_100042955,Drug_100003827,0.9634146341463414
Drug_100042955,Drug_100003916,0.9937106918238994
Drug_100042955,Drug_100003954,0.9813664596273292
Drug_100042955,Drug_100004140,0.9937106918238994
Drug_100042955,Drug_100004635,1.0
Drug_100042955,Drug_100004736,0.9349112426035503
Drug_100042955,Drug_100004747,0.9294117647058824
Drug_100042955,Drug_100004885,1.0
Drug_100042955,Drug_100004893,0.9693251533742331
Drug_100042955,Drug_100005358,0.9937106918238994
Drug_100042955,Drug_100005401,0.9937106918238994
Drug_100042955,Drug_100005487,1.0
Drug_100042955,Drug_100005524,0.8926553672316384
Drug_100042955,Drug_100005533,0.8876404494382022
Drug_100042955,Drug_100005771,1.0
Drug_100042955,Drug_100010100,0.9874213836477987
Drug_100042955,Drug_100012453,1.0
Drug_100042955,Drug_100041693,0.9937106918238994
Drug_100042955,Drug_100054313,0.9875
Drug_100042955,Drug_100054373,1.0
Drug_100042955,Drug_100060146,1.0
Drug_100042955,Drug_100060612,1.0
Drug_100042955,Drug_100065014,1.0
Drug_100042955,Drug_100068613,1.0
Drug_100042955,Drug_100104865,1.0
Drug_100042955,Drug_100216237,1.0
Drug_100042955,Drug_106433117,1.0
Drug_100042955,Drug_124965990,1.0
Drug_110096344,Drug_105251896,0.8333333333333334
Drug_109966051,Drug_54840,0.45
Drug_109966051,Drug_65856,0.40384615384615385
Drug_109966051,Drug_446220,0.7818181818181819
Drug_109966051,Drug_100002826,0.7818181818181819
Drug_109966051,Drug_100170361,0.4230769230769231
Drug_100005358,Drug_2215,0.9937106918238994
Drug_100005358,Drug_2476,0.9937106918238994
Drug_100005358,Drug_2541,0.9875
Drug_100005358,Drug_2771,0.8540540540540541
Drug_100005358,Drug_2783,0.9875
Drug_100005358,Drug_2818,0.7718446601941747
Drug_100005358,Drug_3066,0.9937106918238994
Drug_100005358,Drug_3151,0.9814814814814815
Drug_100005358,Drug_3155,0.8586956521739131
Drug_100005358,Drug_3158,0.8586956521739131
Drug_100005358,Drug_3340,0.9937106918238994
Drug_100005358,Drug_3343,0.9875
Drug_100005358,Drug_3372,0.9575757575757575
Drug_100005358,Drug_3386,0.8494623655913979
Drug_100005358,Drug_3559,0.8736263736263736
Drug_100005358,Drug_3715,0.8186528497409327
Drug_100005358,Drug_3779,0.9813664596273292
Drug_100005358,Drug_3827,0.9575757575757575
Drug_100005358,Drug_3961,0.9693251533742331
Drug_100005358,Drug_4095,0.8681318681318682
Drug_100005358,Drug_4747,0.9239766081871345
Drug_100005358,Drug_4768,0.9753086419753086
Drug_100005358,Drug_4850,0.9937106918238994
Drug_100005358,Drug_5002,0.8412698412698413
Drug_100005358,Drug_5073,0.9186046511627907
Drug_100005358,Drug_5090,0.9404761904761905
Drug_100005358,Drug_5357,0.9937106918238994
Drug_100005358,Drug_5358,1.0
Drug_100005358,Drug_5656,0.88268156424581
Drug_100005358,Drug_5709,0.9937106918238994
Drug_100005358,Drug_5775,0.9875
Drug_100005358,Drug_5959,0.9937106918238994
Drug_100005358,Drug_6005,0.9937106918238994
Drug_100005358,Drug_8230,0.9937106918238994
Drug_100005358,Drug_9880,0.8144329896907216
Drug_100005358,Drug_23897,0.9875
Drug_100005358,Drug_28864,0.9813664596273292
Drug_100005358,Drug_59226,0.9937106918238994
Drug_100005358,Drug_60795,0.8983050847457628
Drug_100005358,Drug_60853,0.8594594594594595
Drug_100005358,Drug_77998,0.8061224489795918
Drug_100005358,Drug_115237,0.9753086419753086
Drug_100005358,Drug_129211,0.9937106918238994
Drug_100005358,Drug_216237,0.9937106918238994
Drug_100005358,Drug_638678,0.9937106918238994
Drug_100005358,Drug_5280360,0.9937106918238994
Drug_100005358,Drug_5281037,0.9937106918238994
Drug_100005358,Drug_5284604,0.9937106918238994
Drug_100005358,Drug_5311068,0.9937106918238994
Drug_100005358,Drug_5359272,0.9937106918238994
Drug_100005358,Drug_9833444,0.9937106918238994
Drug_100005358,Drug_24965990,0.9937106918238994
Drug_100005358,Drug_100000158,0.9875
Drug_100005358,Drug_100000681,0.8315789473684211
Drug_100005358,Drug_100000774,0.6196078431372549
Drug_100005358,Drug_100002215,0.9813664596273292
Drug_100005358,Drug_100002369,0.9937106918238994
Drug_100005358,Drug_100002520,0.8486486486486486
Drug_100005358,Drug_100002540,0.9813664596273292
Drug_100005358,Drug_100002585,0.9634146341463414
Drug_100005358,Drug_100002726,0.8548387096774194
Drug_100005358,Drug_100002764,0.9875
Drug_100005358,Drug_100002781,0.9404761904761905
Drug_100005358,Drug_100002801,0.7718446601941747
Drug_100005358,Drug_100002803,0.9693251533742331
Drug_100005358,Drug_100002978,0.5096774193548387
Drug_100005358,Drug_100002995,0.8548387096774194
Drug_100005358,Drug_100003007,0.88268156424581
Drug_100005358,Drug_100003066,0.9875
Drug_100005358,Drug_100003157,0.9813664596273292
Drug_100005358,Drug_100003168,0.9814814814814815
Drug_100005358,Drug_100003251,0.9753086419753086
Drug_100005358,Drug_100003345,0.9813664596273292
Drug_100005358,Drug_100003696,0.8412698412698413
Drug_100005358,Drug_100003827,0.9575757575757575
Drug_100005358,Drug_100003916,0.9875
Drug_100005358,Drug_100003954,0.9753086419753086
Drug_100005358,Drug_100004140,0.9875
Drug_100005358,Drug_100004635,0.9937106918238994
Drug_100005358,Drug_100004736,0.9408284023668639
Drug_100005358,Drug_100004747,0.9239766081871345
Drug_100005358,Drug_100004885,0.9937106918238994
Drug_100005358,Drug_100004893,0.9634146341463414
Drug_100005358,Drug_100005401,0.9875
Drug_100005358,Drug_100005487,0.9937106918238994
Drug_100005358,Drug_100005524,0.8876404494382022
Drug_100005358,Drug_100005533,0.88268156424581
Drug_100005358,Drug_100005771,0.9937106918238994
Drug_100005358,Drug_100010100,0.98125
Drug_100005358,Drug_100012453,0.9937106918238994
Drug_100005358,Drug_100041693,0.9875
Drug_100005358,Drug_100054313,0.9813664596273292
Drug_100005358,Drug_100054373,0.9937106918238994
Drug_100005358,Drug_100060146,0.9937106918238994
Drug_100005358,Drug_100060612,0.9937106918238994
Drug_100005358,Drug_100065014,0.9937106918238994
Drug_100005358,Drug_100068613,0.9937106918238994
Drug_100005358,Drug_100104865,0.9937106918238994
Drug_100005358,Drug_100216237,0.9937106918238994
Drug_100005358,Drug_106433117,0.9937106918238994
Drug_100005358,Drug_124965990,0.9937106918238994
Drug_1046,Drug_3672,0.8
Drug_1046,Drug_4495,0.8
Drug_1046,Drug_4888,1.0
Drug_1046,Drug_446284,0.6666666666666666
Drug_1046,Drug_100001046,1.0
Drug_1046,Drug_100003209,0.6666666666666666
Drug_1046,Drug_100003394,0.7272727272727273
Drug_1046,Drug_100003672,0.5714285714285714
Drug_1046,Drug_100004051,1.0
Drug_1046,Drug_111020241,0.5714285714285714
Drug_100004885,Drug_2215,1.0
Drug_100004885,Drug_2476,1.0
Drug_100004885,Drug_2541,0.9937106918238994
Drug_100004885,Drug_2771,0.8586956521739131
Drug_100004885,Drug_2783,0.9937106918238994
Drug_100004885,Drug_2818,0.7669902912621359
Drug_100004885,Drug_3066,1.0
Drug_100004885,Drug_3151,0.9753086419753086
Drug_100004885,Drug_3155,0.8633879781420765
Drug_100004885,Drug_3158,0.8633879781420765
Drug_100004885,Drug_3340,1.0
Drug_100004885,Drug_3343,0.9937106918238994
Drug_100004885,Drug_3372,0.9634146341463414
Drug_100004885,Drug_3386,0.8540540540540541
Drug_100004885,Drug_3559,0.8681318681318682
Drug_100004885,Drug_3715,0.8229166666666666
Drug_100004885,Drug_3779,0.9875
Drug_100004885,Drug_3827,0.9634146341463414
Drug_100004885,Drug_3961,0.9753086419753086
Drug_100004885,Drug_4095,0.8729281767955801
Drug_100004885,Drug_4747,0.9294117647058824
Drug_100004885,Drug_4768,0.9813664596273292
Drug_100004885,Drug_4850,1.0
Drug_100004885,Drug_5002,0.8359788359788359
Drug_100004885,Drug_5073,0.9239766081871345
Drug_100004885,Drug_5090,0.9461077844311377
Drug_100004885,Drug_5357,1.0
Drug_100004885,Drug_5358,0.9937106918238994
Drug_100004885,Drug_5656,0.8876404494382022
Drug_100004885,Drug_5709,1.0
Drug_100004885,Drug_5775,0.9937106918238994
Drug_100004885,Drug_5959,1.0
Drug_100004885,Drug_6005,1.0
Drug_100004885,Drug_8230,1.0
Drug_100004885,Drug_9880,0.8186528497409327
Drug_100004885,Drug_23897,0.9937106918238994
Drug_100004885,Drug_28864,0.9875
Drug_100004885,Drug_59226,1.0
Drug_100004885,Drug_60795,0.8926553672316384
Drug_100004885,Drug_60853,0.8540540540540541
Drug_100004885,Drug_77998,0.8102564102564103
Drug_100004885,Drug_115237,0.9813664596273292
Drug_100004885,Drug_129211,1.0
Drug_100004885,Drug_216237,1.0
Drug_100004885,Drug_638678,1.0
Drug_100004885,Drug_5280360,1.0
Drug_100004885,Drug_5281037,1.0
Drug_100004885,Drug_5284604,1.0
Drug_100004885,Drug_5311068,1.0
Drug_100004885,Drug_5359272,1.0
Drug_100004885,Drug_9833444,1.0
Drug_100004885,Drug_24965990,1.0
Drug_100004885,Drug_100000158,0.9937106918238994
Drug_100004885,Drug_100000681,0.8359788359788359
Drug_100004885,Drug_100000774,0.6220472440944882
Drug_100004885,Drug_100002215,0.9875
Drug_100004885,Drug_100002369,1.0
Drug_100004885,Drug_100002520,0.8532608695652174
Drug_100004885,Drug_100002540,0.9875
Drug_100004885,Drug_100002585,0.9693251533742331
Drug_100004885,Drug_100002726,0.8494623655913979
Drug_100004885,Drug_100002764,0.9937106918238994
Drug_100004885,Drug_100002781,0.9461077844311377
Drug_100004885,Drug_100002801,0.7669902912621359
Drug_100004885,Drug_100002803,0.9753086419753086
Drug_100004885,Drug_100002978,0.511326860841424
Drug_100004885,Drug_100002995,0.8494623655913979
Drug_100004885,Drug_100003007,0.8876404494382022
Drug_100004885,Drug_100003066,0.9937106918238994
Drug_100004885,Drug_100003157,0.9875
Drug_100004885,Drug_100003168,0.9753086419753086
Drug_100004885,Drug_100003251,0.9813664596273292
Drug_100004885,Drug_100003345,0.9875
Drug_100004885,Drug_100003696,0.8359788359788359
Drug_100004885,Drug_100003827,0.9634146341463414
Drug_100004885,Drug_100003916,0.9937106918238994
Drug_100004885,Drug_100003954,0.9813664596273292
Drug_100004885,Drug_100004140,0.9937106918238994
Drug_100004885,Drug_100004635,1.0
Drug_100004885,Drug_100004736,0.9349112426035503
Drug_100004885,Drug_100004747,0.9294117647058824
Drug_100004885,Drug_100004893,0.9693251533742331
Drug_100004885,Drug_100005401,0.9937106918238994
Drug_100004885,Drug_100005487,1.0
Drug_100004885,Drug_100005524,0.8926553672316384
Drug_100004885,Drug_100005533,0.8876404494382022
Drug_100004885,Drug_100005771,1.0
Drug_100004885,Drug_100010100,0.9874213836477987
Drug_100004885,Drug_100012453,1.0
Drug_100004885,Drug_100041693,0.9937106918238994
Drug_100004885,Drug_100054313,0.9875
Drug_100004885,Drug_100054373,1.0
Drug_100004885,Drug_100060146,1.0
Drug_100004885,Drug_100060612,1.0
Drug_100004885,Drug_100065014,1.0
Drug_100004885,Drug_100068613,1.0
Drug_100004885,Drug_100104865,1.0
Drug_100004885,Drug_100216237,1.0
Drug_100004885,Drug_106433117,1.0
Drug_100004885,Drug_124965990,1.0
Drug_3623,Drug_2370,1.0
Drug_3623,Drug_2564,1.0
Drug_3623,Drug_3100,0.5
Drug_3623,Drug_3947,0.4
Drug_3623,Drug_4034,1.0
Drug_3623,Drug_5909,0.75
Drug_3623,Drug_124087,0.4
Drug_3623,Drug_154417,1.0
Drug_3623,Drug_100002370,1.0
Drug_3623,Drug_100004120,0.8333333333333334
Drug_100057469,Drug_57469,1.0
Drug_100004623,Drug_100005318,0.4666666666666667
Drug_100004542,Drug_5591,0.7608695652173914
Drug_100004542,Drug_5832,0.9210526315789473
Drug_100004542,Drug_5920,0.875
Drug_100004542,Drug_5995,0.9210526315789473
Drug_100004542,Drug_6010,0.9459459459459459
Drug_100004542,Drug_9642,0.9459459459459459
Drug_100004542,Drug_21800,0.9459459459459459
Drug_100004542,Drug_82146,0.9459459459459459
Drug_100004542,Drug_443943,0.9459459459459459
Drug_100004542,Drug_444008,0.972972972972973
Drug_100004542,Drug_449171,0.9459459459459459
Drug_100004542,Drug_5281034,0.9459459459459459
Drug_100004542,Drug_100000861,0.875
Drug_100004542,Drug_100002375,0.8974358974358975
Drug_100004542,Drug_100002462,0.9210526315789473
Drug_100004542,Drug_100002791,0.9459459459459459
Drug_100004542,Drug_100002949,0.9210526315789473
Drug_100004542,Drug_100003056,0.9459459459459459
Drug_100004542,Drug_100003382,0.9459459459459459
Drug_100004542,Drug_100003384,0.9459459459459459
Drug_100004542,Drug_100003399,0.9459459459459459
Drug_100004542,Drug_100004042,0.9210526315789473
Drug_100004542,Drug_100004160,0.9459459459459459
Drug_100004542,Drug_100004196,0.7954545454545454
Drug_100004542,Drug_100005035,0.6
Drug_100004542,Drug_100005267,0.9210526315789473
Drug_100004542,Drug_100005410,0.9210526315789473
Drug_100004542,Drug_100005470,0.972972972972973
Drug_100004542,Drug_100005645,0.875
Drug_100004542,Drug_100009904,0.9459459459459459
Drug_100005487,Drug_2215,1.0
Drug_100005487,Drug_2476,1.0
Drug_100005487,Drug_2541,0.9937106918238994
Drug_100005487,Drug_2771,0.8586956521739131
Drug_100005487,Drug_2783,0.9937106918238994
Drug_100005487,Drug_2818,0.7669902912621359
Drug_100005487,Drug_3066,1.0
Drug_100005487,Drug_3151,0.9753086419753086
Drug_100005487,Drug_3155,0.8633879781420765
Drug_100005487,Drug_3158,0.8633879781420765
Drug_100005487,Drug_3340,1.0
Drug_100005487,Drug_3343,0.9937106918238994
Drug_100005487,Drug_3372,0.9634146341463414
Drug_100005487,Drug_3386,0.8540540540540541
Drug_100005487,Drug_3559,0.8681318681318682
Drug_100005487,Drug_3715,0.8229166666666666
Drug_100005487,Drug_3779,0.9875
Drug_100005487,Drug_3827,0.9634146341463414
Drug_100005487,Drug_3961,0.9753086419753086
Drug_100005487,Drug_4095,0.8729281767955801
Drug_100005487,Drug_4747,0.9294117647058824
Drug_100005487,Drug_4768,0.9813664596273292
Drug_100005487,Drug_4850,1.0
Drug_100005487,Drug_5002,0.8359788359788359
Drug_100005487,Drug_5073,0.9239766081871345
Drug_100005487,Drug_5090,0.9461077844311377
Drug_100005487,Drug_5357,1.0
Drug_100005487,Drug_5358,0.9937106918238994
Drug_100005487,Drug_5656,0.8876404494382022
Drug_100005487,Drug_5709,1.0
Drug_100005487,Drug_5775,0.9937106918238994
Drug_100005487,Drug_5959,1.0
Drug_100005487,Drug_6005,1.0
Drug_100005487,Drug_8230,1.0
Drug_100005487,Drug_9880,0.8186528497409327
Drug_100005487,Drug_23897,0.9937106918238994
Drug_100005487,Drug_28864,0.9875
Drug_100005487,Drug_59226,1.0
Drug_100005487,Drug_60795,0.8926553672316384
Drug_100005487,Drug_60853,0.8540540540540541
Drug_100005487,Drug_77998,0.8102564102564103
Drug_100005487,Drug_115237,0.9813664596273292
Drug_100005487,Drug_129211,1.0
Drug_100005487,Drug_216237,1.0
Drug_100005487,Drug_638678,1.0
Drug_100005487,Drug_5280360,1.0
Drug_100005487,Drug_5281037,1.0
Drug_100005487,Drug_5284604,1.0
Drug_100005487,Drug_5311068,1.0
Drug_100005487,Drug_5359272,1.0
Drug_100005487,Drug_9833444,1.0
Drug_100005487,Drug_24965990,1.0
Drug_100005487,Drug_100000158,0.9937106918238994
Drug_100005487,Drug_100000681,0.8359788359788359
Drug_100005487,Drug_100000774,0.6220472440944882
Drug_100005487,Drug_100002215,0.9875
Drug_100005487,Drug_100002369,1.0
Drug_100005487,Drug_100002520,0.8532608695652174
Drug_100005487,Drug_100002540,0.9875
Drug_100005487,Drug_100002585,0.9693251533742331
Drug_100005487,Drug_100002726,0.8494623655913979
Drug_100005487,Drug_100002764,0.9937106918238994
Drug_100005487,Drug_100002781,0.9461077844311377
Drug_100005487,Drug_100002801,0.7669902912621359
Drug_100005487,Drug_100002803,0.9753086419753086
Drug_100005487,Drug_100002978,0.511326860841424
Drug_100005487,Drug_100002995,0.8494623655913979
Drug_100005487,Drug_100003007,0.8876404494382022
Drug_100005487,Drug_100003066,0.9937106918238994
Drug_100005487,Drug_100003157,0.9875
Drug_100005487,Drug_100003168,0.9753086419753086
Drug_100005487,Drug_100003251,0.9813664596273292
Drug_100005487,Drug_100003345,0.9875
Drug_100005487,Drug_100003696,0.8359788359788359
Drug_100005487,Drug_100003827,0.9634146341463414
Drug_100005487,Drug_100003916,0.9937106918238994
Drug_100005487,Drug_100003954,0.9813664596273292
Drug_100005487,Drug_100004140,0.9937106918238994
Drug_100005487,Drug_100004635,1.0
Drug_100005487,Drug_100004736,0.9349112426035503
Drug_100005487,Drug_100004747,0.9294117647058824
Drug_100005487,Drug_100004893,0.9693251533742331
Drug_100005487,Drug_100005401,0.9937106918238994
Drug_100005487,Drug_100005524,0.8926553672316384
Drug_100005487,Drug_100005533,0.8876404494382022
Drug_100005487,Drug_100005771,1.0
Drug_100005487,Drug_100010100,0.9874213836477987
Drug_100005487,Drug_100012453,1.0
Drug_100005487,Drug_100041693,0.9937106918238994
Drug_100005487,Drug_100054313,0.9875
Drug_100005487,Drug_100054373,1.0
Drug_100005487,Drug_100060146,1.0
Drug_100005487,Drug_100060612,1.0
Drug_100005487,Drug_100065014,1.0
Drug_100005487,Drug_100068613,1.0
Drug_100005487,Drug_100104865,1.0
Drug_100005487,Drug_100216237,1.0
Drug_100005487,Drug_106433117,1.0
Drug_100005487,Drug_124965990,1.0
Drug_4850,Drug_2215,1.0
Drug_4850,Drug_2476,1.0
Drug_4850,Drug_2541,0.9937106918238994
Drug_4850,Drug_2771,0.8586956521739131
Drug_4850,Drug_2783,0.9937106918238994
Drug_4850,Drug_2818,0.7669902912621359
Drug_4850,Drug_3066,1.0
Drug_4850,Drug_3151,0.9753086419753086
Drug_4850,Drug_3155,0.8633879781420765
Drug_4850,Drug_3158,0.8633879781420765
Drug_4850,Drug_3340,1.0
Drug_4850,Drug_3343,0.9937106918238994
Drug_4850,Drug_3372,0.9634146341463414
Drug_4850,Drug_3386,0.8540540540540541
Drug_4850,Drug_3559,0.8681318681318682
Drug_4850,Drug_3715,0.8229166666666666
Drug_4850,Drug_3779,0.9875
Drug_4850,Drug_3827,0.9634146341463414
Drug_4850,Drug_3961,0.9753086419753086
Drug_4850,Drug_4095,0.8729281767955801
Drug_4850,Drug_4747,0.9294117647058824
Drug_4850,Drug_4768,0.9813664596273292
Drug_4850,Drug_5002,0.8359788359788359
Drug_4850,Drug_5073,0.9239766081871345
Drug_4850,Drug_5090,0.9461077844311377
Drug_4850,Drug_5357,1.0
Drug_4850,Drug_5358,0.9937106918238994
Drug_4850,Drug_5656,0.8876404494382022
Drug_4850,Drug_5709,1.0
Drug_4850,Drug_5775,0.9937106918238994
Drug_4850,Drug_5959,1.0
Drug_4850,Drug_6005,1.0
Drug_4850,Drug_8230,1.0
Drug_4850,Drug_9880,0.8186528497409327
Drug_4850,Drug_23897,0.9937106918238994
Drug_4850,Drug_28864,0.9875
Drug_4850,Drug_59226,1.0
Drug_4850,Drug_60795,0.8926553672316384
Drug_4850,Drug_60853,0.8540540540540541
Drug_4850,Drug_77998,0.8102564102564103
Drug_4850,Drug_115237,0.9813664596273292
Drug_4850,Drug_129211,1.0
Drug_4850,Drug_216237,1.0
Drug_4850,Drug_638678,1.0
Drug_4850,Drug_5280360,1.0
Drug_4850,Drug_5281037,1.0
Drug_4850,Drug_5284604,1.0
Drug_4850,Drug_5311068,1.0
Drug_4850,Drug_5359272,1.0
Drug_4850,Drug_9833444,1.0
Drug_4850,Drug_24965990,1.0
Drug_4850,Drug_100000158,0.9937106918238994
Drug_4850,Drug_100000681,0.8359788359788359
Drug_4850,Drug_100000774,0.6220472440944882
Drug_4850,Drug_100002215,0.9875
Drug_4850,Drug_100002369,1.0
Drug_4850,Drug_100002520,0.8532608695652174
Drug_4850,Drug_100002540,0.9875
Drug_4850,Drug_100002585,0.9693251533742331
Drug_4850,Drug_100002726,0.8494623655913979
Drug_4850,Drug_100002764,0.9937106918238994
Drug_4850,Drug_100002781,0.9461077844311377
Drug_4850,Drug_100002801,0.7669902912621359
Drug_4850,Drug_100002803,0.9753086419753086
Drug_4850,Drug_100002978,0.511326860841424
Drug_4850,Drug_100002995,0.8494623655913979
Drug_4850,Drug_100003007,0.8876404494382022
Drug_4850,Drug_100003066,0.9937106918238994
Drug_4850,Drug_100003157,0.9875
Drug_4850,Drug_100003168,0.9753086419753086
Drug_4850,Drug_100003251,0.9813664596273292
Drug_4850,Drug_100003345,0.9875
Drug_4850,Drug_100003696,0.8359788359788359
Drug_4850,Drug_100003827,0.9634146341463414
Drug_4850,Drug_100003916,0.9937106918238994
Drug_4850,Drug_100003954,0.9813664596273292
Drug_4850,Drug_100004140,0.9937106918238994
Drug_4850,Drug_100004635,1.0
Drug_4850,Drug_100004736,0.9349112426035503
Drug_4850,Drug_100004747,0.9294117647058824
Drug_4850,Drug_100004893,0.9693251533742331
Drug_4850,Drug_100005401,0.9937106918238994
Drug_4850,Drug_100005524,0.8926553672316384
Drug_4850,Drug_100005533,0.8876404494382022
Drug_4850,Drug_100005771,1.0
Drug_4850,Drug_100010100,0.9874213836477987
Drug_4850,Drug_100012453,1.0
Drug_4850,Drug_100041693,0.9937106918238994
Drug_4850,Drug_100054313,0.9875
Drug_4850,Drug_100054373,1.0
Drug_4850,Drug_100060146,1.0
Drug_4850,Drug_100060612,1.0
Drug_4850,Drug_100065014,1.0
Drug_4850,Drug_100068613,1.0
Drug_4850,Drug_100104865,1.0
Drug_4850,Drug_100216237,1.0
Drug_4850,Drug_106433117,1.0
Drug_4850,Drug_124965990,1.0
Drug_9880,Drug_2215,0.8186528497409327
Drug_9880,Drug_2476,0.8186528497409327
Drug_9880,Drug_2541,0.8144329896907216
Drug_9880,Drug_2771,0.7214611872146118
Drug_9880,Drug_2783,0.8144329896907216
Drug_9880,Drug_2818,0.6556016597510373
Drug_9880,Drug_3066,0.8186528497409327
Drug_9880,Drug_3151,0.8020304568527918
Drug_9880,Drug_3155,0.7247706422018348
Drug_9880,Drug_3158,0.7247706422018348
Drug_9880,Drug_3340,0.8186528497409327
Drug_9880,Drug_3343,0.8144329896907216
Drug_9880,Drug_3372,0.7939698492462312
Drug_9880,Drug_3386,0.7181818181818181
Drug_9880,Drug_3559,0.728110599078341
Drug_9880,Drug_3715,0.7111111111111111
Drug_9880,Drug_3779,0.8102564102564103
Drug_9880,Drug_3827,0.7939698492462312
Drug_9880,Drug_3961,0.8020304568527918
Drug_9880,Drug_4095,0.7314814814814815
Drug_9880,Drug_4747,0.7707317073170732
Drug_9880,Drug_4768,0.8061224489795918
Drug_9880,Drug_5002,0.7053571428571429
Drug_9880,Drug_5073,0.7669902912621359
Drug_9880,Drug_5090,0.7821782178217822
Drug_9880,Drug_5357,0.8186528497409327
Drug_9880,Drug_5358,0.8144329896907216
Drug_9880,Drug_5656,0.7417840375586855
Drug_9880,Drug_5709,0.8186528497409327
Drug_9880,Drug_5775,0.8144329896907216
Drug_9880,Drug_5959,0.8186528497409327
Drug_9880,Drug_6005,0.8186528497409327
Drug_9880,Drug_8230,0.8186528497409327
Drug_9880,Drug_23897,0.8144329896907216
Drug_9880,Drug_28864,0.8102564102564103
Drug_9880,Drug_59226,0.8186528497409327
Drug_9880,Drug_60795,0.7452830188679245
Drug_9880,Drug_60853,0.7181818181818181
Drug_9880,Drug_77998,0.9897435897435898
Drug_9880,Drug_115237,0.8061224489795918
Drug_9880,Drug_129211,0.8186528497409327
Drug_9880,Drug_216237,0.8186528497409327
Drug_9880,Drug_638678,0.8186528497409327
Drug_9880,Drug_5280360,0.8186528497409327
Drug_9880,Drug_5281037,0.8186528497409327
Drug_9880,Drug_5284604,0.8186528497409327
Drug_9880,Drug_5311068,0.8186528497409327
Drug_9880,Drug_5359272,0.8186528497409327
Drug_9880,Drug_9833444,0.8186528497409327
Drug_9880,Drug_24965990,0.8186528497409327
Drug_9880,Drug_100000158,0.8144329896907216
Drug_9880,Drug_100000681,0.7053571428571429
Drug_9880,Drug_100000774,0.5467128027681661
Drug_9880,Drug_100002215,0.8102564102564103
Drug_9880,Drug_100002369,0.8186528497409327
Drug_9880,Drug_100002520,0.7168949771689498
Drug_9880,Drug_100002540,0.8102564102564103
Drug_9880,Drug_100002585,0.797979797979798
Drug_9880,Drug_100002726,0.7149321266968326
Drug_9880,Drug_100002764,0.8144329896907216
Drug_9880,Drug_100002781,0.7821782178217822
Drug_9880,Drug_100002801,0.6556016597510373
Drug_9880,Drug_100002803,0.8020304568527918
Drug_9880,Drug_100002978,0.45930232558139533
Drug_9880,Drug_100002995,0.7149321266968326
Drug_9880,Drug_100003007,0.7417840375586855
Drug_9880,Drug_100003066,0.8144329896907216
Drug_9880,Drug_100003157,0.8102564102564103
Drug_9880,Drug_100003168,0.8020304568527918
Drug_9880,Drug_100003251,0.8061224489795918
Drug_9880,Drug_100003345,0.8102564102564103
Drug_9880,Drug_100003696,0.7053571428571429
Drug_9880,Drug_100003827,0.7939698492462312
Drug_9880,Drug_100003916,0.8144329896907216
Drug_9880,Drug_100003954,0.8061224489795918
Drug_9880,Drug_100004140,0.8144329896907216
Drug_9880,Drug_100004635,0.8186528497409327
Drug_9880,Drug_100004736,0.7745098039215687
Drug_9880,Drug_100004747,0.7707317073170732
Drug_9880,Drug_100004893,0.797979797979798
Drug_9880,Drug_100005401,0.8144329896907216
Drug_9880,Drug_100005524,0.7452830188679245
Drug_9880,Drug_100005533,0.7417840375586855
Drug_9880,Drug_100005771,0.8186528497409327
Drug_9880,Drug_100010100,0.8092783505154639
Drug_9880,Drug_100012453,0.8186528497409327
Drug_9880,Drug_100041693,0.8144329896907216
Drug_9880,Drug_100054313,0.8290155440414507
Drug_9880,Drug_100054373,0.8186528497409327
Drug_9880,Drug_100060146,0.8186528497409327
Drug_9880,Drug_100060612,0.8186528497409327
Drug_9880,Drug_100065014,0.8186528497409327
Drug_9880,Drug_100068613,0.8186528497409327
Drug_9880,Drug_100104865,0.8186528497409327
Drug_9880,Drug_100216237,0.8186528497409327
Drug_9880,Drug_106433117,0.8186528497409327
Drug_9880,Drug_124965990,0.8186528497409327
Drug_100121892,Drug_121892,1.0
Drug_64730,Drug_100024748,1.0
Drug_5358,Drug_2215,0.9937106918238994
Drug_5358,Drug_2476,0.9937106918238994
Drug_5358,Drug_2541,0.9875
Drug_5358,Drug_2771,0.8540540540540541
Drug_5358,Drug_2783,0.9875
Drug_5358,Drug_2818,0.7718446601941747
Drug_5358,Drug_3066,0.9937106918238994
Drug_5358,Drug_3151,0.9814814814814815
Drug_5358,Drug_3155,0.8586956521739131
Drug_5358,Drug_3158,0.8586956521739131
Drug_5358,Drug_3340,0.9937106918238994
Drug_5358,Drug_3343,0.9875
Drug_5358,Drug_3372,0.9575757575757575
Drug_5358,Drug_3386,0.8494623655913979
Drug_5358,Drug_3559,0.8736263736263736
Drug_5358,Drug_3715,0.8186528497409327
Drug_5358,Drug_3779,0.9813664596273292
Drug_5358,Drug_3827,0.9575757575757575
Drug_5358,Drug_3961,0.9693251533742331
Drug_5358,Drug_4095,0.8681318681318682
Drug_5358,Drug_4747,0.9239766081871345
Drug_5358,Drug_4768,0.9753086419753086
Drug_5358,Drug_5002,0.8412698412698413
Drug_5358,Drug_5073,0.9186046511627907
Drug_5358,Drug_5090,0.9404761904761905
Drug_5358,Drug_5357,0.9937106918238994
Drug_5358,Drug_5656,0.88268156424581
Drug_5358,Drug_5709,0.9937106918238994
Drug_5358,Drug_5775,0.9875
Drug_5358,Drug_5959,0.9937106918238994
Drug_5358,Drug_6005,0.9937106918238994
Drug_5358,Drug_8230,0.9937106918238994
Drug_5358,Drug_23897,0.9875
Drug_5358,Drug_28864,0.9813664596273292
Drug_5358,Drug_59226,0.9937106918238994
Drug_5358,Drug_60795,0.8983050847457628
Drug_5358,Drug_60853,0.8594594594594595
Drug_5358,Drug_77998,0.8061224489795918
Drug_5358,Drug_115237,0.9753086419753086
Drug_5358,Drug_129211,0.9937106918238994
Drug_5358,Drug_216237,0.9937106918238994
Drug_5358,Drug_638678,0.9937106918238994
Drug_5358,Drug_5280360,0.9937106918238994
Drug_5358,Drug_5281037,0.9937106918238994
Drug_5358,Drug_5284604,0.9937106918238994
Drug_5358,Drug_5311068,0.9937106918238994
Drug_5358,Drug_5359272,0.9937106918238994
Drug_5358,Drug_9833444,0.9937106918238994
Drug_5358,Drug_24965990,0.9937106918238994
Drug_5358,Drug_100000158,0.9875
Drug_5358,Drug_100000681,0.8315789473684211
Drug_5358,Drug_100000774,0.6196078431372549
Drug_5358,Drug_100002215,0.9813664596273292
Drug_5358,Drug_100002369,0.9937106918238994
Drug_5358,Drug_100002520,0.8486486486486486
Drug_5358,Drug_100002540,0.9813664596273292
Drug_5358,Drug_100002585,0.9634146341463414
Drug_5358,Drug_100002726,0.8548387096774194
Drug_5358,Drug_100002764,0.9875
Drug_5358,Drug_100002781,0.9404761904761905
Drug_5358,Drug_100002801,0.7718446601941747
Drug_5358,Drug_100002803,0.9693251533742331
Drug_5358,Drug_100002978,0.5096774193548387
Drug_5358,Drug_100002995,0.8548387096774194
Drug_5358,Drug_100003007,0.88268156424581
Drug_5358,Drug_100003066,0.9875
Drug_5358,Drug_100003157,0.9813664596273292
Drug_5358,Drug_100003168,0.9814814814814815
Drug_5358,Drug_100003251,0.9753086419753086
Drug_5358,Drug_100003345,0.9813664596273292
Drug_5358,Drug_100003696,0.8412698412698413
Drug_5358,Drug_100003827,0.9575757575757575
Drug_5358,Drug_100003916,0.9875
Drug_5358,Drug_100003954,0.9753086419753086
Drug_5358,Drug_100004140,0.9875
Drug_5358,Drug_100004635,0.9937106918238994
Drug_5358,Drug_100004736,0.9408284023668639
Drug_5358,Drug_100004747,0.9239766081871345
Drug_5358,Drug_100004893,0.9634146341463414
Drug_5358,Drug_100005401,0.9875
Drug_5358,Drug_100005524,0.8876404494382022
Drug_5358,Drug_100005533,0.88268156424581
Drug_5358,Drug_100005771,0.9937106918238994
Drug_5358,Drug_100010100,0.98125
Drug_5358,Drug_100012453,0.9937106918238994
Drug_5358,Drug_100041693,0.9875
Drug_5358,Drug_100054313,0.9813664596273292
Drug_5358,Drug_100054373,0.9937106918238994
Drug_5358,Drug_100060146,0.9937106918238994
Drug_5358,Drug_100060612,0.9937106918238994
Drug_5358,Drug_100065014,0.9937106918238994
Drug_5358,Drug_100068613,0.9937106918238994
Drug_5358,Drug_100104865,0.9937106918238994
Drug_5358,Drug_100216237,0.9937106918238994
Drug_5358,Drug_106433117,0.9937106918238994
Drug_5358,Drug_124965990,0.9937106918238994
Drug_100054688,Drug_25096,0.5
Drug_100054688,Drug_148192,0.5
Drug_100054688,Drug_100148192,0.5
Drug_109871419,Drug_9871419,1.0
Drug_5281037,Drug_2215,1.0
Drug_5281037,Drug_2476,1.0
Drug_5281037,Drug_2541,0.9937106918238994
Drug_5281037,Drug_2771,0.8586956521739131
Drug_5281037,Drug_2783,0.9937106918238994
Drug_5281037,Drug_2818,0.7669902912621359
Drug_5281037,Drug_3066,1.0
Drug_5281037,Drug_3151,0.9753086419753086
Drug_5281037,Drug_3155,0.8633879781420765
Drug_5281037,Drug_3158,0.8633879781420765
Drug_5281037,Drug_3340,1.0
Drug_5281037,Drug_3343,0.9937106918238994
Drug_5281037,Drug_3372,0.9634146341463414
Drug_5281037,Drug_3386,0.8540540540540541
Drug_5281037,Drug_3559,0.8681318681318682
Drug_5281037,Drug_3715,0.8229166666666666
Drug_5281037,Drug_3779,0.9875
Drug_5281037,Drug_3827,0.9634146341463414
Drug_5281037,Drug_3961,0.9753086419753086
Drug_5281037,Drug_4095,0.8729281767955801
Drug_5281037,Drug_4747,0.9294117647058824
Drug_5281037,Drug_4768,0.9813664596273292
Drug_5281037,Drug_5002,0.8359788359788359
Drug_5281037,Drug_5073,0.9239766081871345
Drug_5281037,Drug_5090,0.9461077844311377
Drug_5281037,Drug_5357,1.0
Drug_5281037,Drug_5656,0.8876404494382022
Drug_5281037,Drug_5709,1.0
Drug_5281037,Drug_5775,0.9937106918238994
Drug_5281037,Drug_5959,1.0
Drug_5281037,Drug_6005,1.0
Drug_5281037,Drug_8230,1.0
Drug_5281037,Drug_23897,0.9937106918238994
Drug_5281037,Drug_28864,0.9875
Drug_5281037,Drug_59226,1.0
Drug_5281037,Drug_60795,0.8926553672316384
Drug_5281037,Drug_60853,0.8540540540540541
Drug_5281037,Drug_77998,0.8102564102564103
Drug_5281037,Drug_115237,0.9813664596273292
Drug_5281037,Drug_129211,1.0
Drug_5281037,Drug_216237,1.0
Drug_5281037,Drug_638678,1.0
Drug_5281037,Drug_5280360,1.0
Drug_5281037,Drug_5284604,1.0
Drug_5281037,Drug_5311068,1.0
Drug_5281037,Drug_5359272,1.0
Drug_5281037,Drug_9833444,1.0
Drug_5281037,Drug_24965990,1.0
Drug_5281037,Drug_100000158,0.9937106918238994
Drug_5281037,Drug_100000681,0.8359788359788359
Drug_5281037,Drug_100000774,0.6220472440944882
Drug_5281037,Drug_100002215,0.9875
Drug_5281037,Drug_100002369,1.0
Drug_5281037,Drug_100002520,0.8532608695652174
Drug_5281037,Drug_100002540,0.9875
Drug_5281037,Drug_100002585,0.9693251533742331
Drug_5281037,Drug_100002726,0.8494623655913979
Drug_5281037,Drug_100002764,0.9937106918238994
Drug_5281037,Drug_100002781,0.9461077844311377
Drug_5281037,Drug_100002801,0.7669902912621359
Drug_5281037,Drug_100002803,0.9753086419753086
Drug_5281037,Drug_100002978,0.511326860841424
Drug_5281037,Drug_100002995,0.8494623655913979
Drug_5281037,Drug_100003007,0.8876404494382022
Drug_5281037,Drug_100003066,0.9937106918238994
Drug_5281037,Drug_100003157,0.9875
Drug_5281037,Drug_100003168,0.9753086419753086
Drug_5281037,Drug_100003251,0.9813664596273292
Drug_5281037,Drug_100003345,0.9875
Drug_5281037,Drug_100003696,0.8359788359788359
Drug_5281037,Drug_100003827,0.9634146341463414
Drug_5281037,Drug_100003916,0.9937106918238994
Drug_5281037,Drug_100003954,0.9813664596273292
Drug_5281037,Drug_100004140,0.9937106918238994
Drug_5281037,Drug_100004635,1.0
Drug_5281037,Drug_100004736,0.9349112426035503
Drug_5281037,Drug_100004747,0.9294117647058824
Drug_5281037,Drug_100004893,0.9693251533742331
Drug_5281037,Drug_100005401,0.9937106918238994
Drug_5281037,Drug_100005524,0.8926553672316384
Drug_5281037,Drug_100005533,0.8876404494382022
Drug_5281037,Drug_100005771,1.0
Drug_5281037,Drug_100010100,0.9874213836477987
Drug_5281037,Drug_100012453,1.0
Drug_5281037,Drug_100041693,0.9937106918238994
Drug_5281037,Drug_100054313,0.9875
Drug_5281037,Drug_100054373,1.0
Drug_5281037,Drug_100060146,1.0
Drug_5281037,Drug_100060612,1.0
Drug_5281037,Drug_100065014,1.0
Drug_5281037,Drug_100068613,1.0
Drug_5281037,Drug_100104865,1.0
Drug_5281037,Drug_100216237,1.0
Drug_5281037,Drug_106433117,1.0
Drug_5281037,Drug_124965990,1.0
Drug_100000861,Drug_5591,0.7446808510638298
Drug_100000861,Drug_5832,0.8974358974358975
Drug_100000861,Drug_5920,1.0
Drug_100000861,Drug_5995,0.8974358974358975
Drug_100000861,Drug_6010,0.9210526315789473
Drug_100000861,Drug_9642,0.9210526315789473
Drug_100000861,Drug_21800,0.9210526315789473
Drug_100000861,Drug_82146,0.9210526315789473
Drug_100000861,Drug_443943,0.9210526315789473
Drug_100000861,Drug_444008,0.8974358974358975
Drug_100000861,Drug_449171,0.9210526315789473
Drug_100000861,Drug_5281034,0.9210526315789473
Drug_100000861,Drug_100002375,0.875
Drug_100000861,Drug_100002462,0.8974358974358975
Drug_100000861,Drug_100002791,0.9210526315789473
Drug_100000861,Drug_100002949,0.8974358974358975
Drug_100000861,Drug_100003056,0.9210526315789473
Drug_100000861,Drug_100003382,0.9210526315789473
Drug_100000861,Drug_100003384,0.9210526315789473
Drug_100000861,Drug_100003399,0.9210526315789473
Drug_100000861,Drug_100004042,0.8974358974358975
Drug_100000861,Drug_100004160,0.9210526315789473
Drug_100000861,Drug_100004196,0.7777777777777778
Drug_100000861,Drug_100005035,0.5645161290322581
Drug_100000861,Drug_100005267,0.8974358974358975
Drug_100000861,Drug_100005410,0.8974358974358975
Drug_100000861,Drug_100005470,0.8974358974358975
Drug_100000861,Drug_100005645,0.8536585365853658
Drug_100000861,Drug_100009904,0.9210526315789473
Drug_937,Drug_100039042,0.5416666666666666
Drug_4178,Drug_3355,0.5
Drug_4178,Drug_5411,0.4
Drug_4178,Drug_100004178,0.8
Drug_100002978,Drug_2215,0.511326860841424
Drug_100002978,Drug_2476,0.511326860841424
Drug_100002978,Drug_2541,0.5096774193548387
Drug_100002978,Drug_2771,0.4716417910447761
Drug_100002978,Drug_2783,0.5096774193548387
Drug_100002978,Drug_2818,0.4425770308123249
Drug_100002978,Drug_3066,0.511326860841424
Drug_100002978,Drug_3151,0.5047923322683706
Drug_100002978,Drug_3155,0.47305389221556887
Drug_100002978,Drug_3158,0.47305389221556887
Drug_100002978,Drug_3340,0.511326860841424
Drug_100002978,Drug_3343,0.5096774193548387
Drug_100002978,Drug_3372,0.5015873015873016
Drug_100002978,Drug_3386,0.47023809523809523
Drug_100002978,Drug_3559,0.4744744744744745
Drug_100002978,Drug_3715,0.4606413994169096
Drug_100002978,Drug_3779,0.5080385852090032
Drug_100002978,Drug_3827,0.5015873015873016
Drug_100002978,Drug_3961,0.5047923322683706
Drug_100002978,Drug_4095,0.4759036144578313
Drug_100002978,Drug_4747,0.49221183800623053
Drug_100002978,Drug_4768,0.5064102564102564
Drug_100002978,Drug_5002,0.4647058823529412
Drug_100002978,Drug_5073,0.4906832298136646
Drug_100002978,Drug_5090,0.4968553459119497
Drug_100002978,Drug_5357,0.511326860841424
Drug_100002978,Drug_5656,0.48024316109422494
Drug_100002978,Drug_5709,0.511326860841424
Drug_100002978,Drug_5775,0.5096774193548387
Drug_100002978,Drug_5959,0.511326860841424
Drug_100002978,Drug_6005,0.511326860841424
Drug_100002978,Drug_8230,0.511326860841424
Drug_100002978,Drug_23897,0.5096774193548387
Drug_100002978,Drug_28864,0.5080385852090032
Drug_100002978,Drug_59226,0.511326860841424
Drug_100002978,Drug_60795,0.4817073170731707
Drug_100002978,Drug_60853,0.47023809523809523
Drug_100002978,Drug_77998,0.45664739884393063
Drug_100002978,Drug_115237,0.5064102564102564
Drug_100002978,Drug_129211,0.511326860841424
Drug_100002978,Drug_216237,0.511326860841424
Drug_100002978,Drug_638678,0.511326860841424
Drug_100002978,Drug_5280360,0.511326860841424
Drug_100002978,Drug_5284604,0.511326860841424
Drug_100002978,Drug_5311068,0.511326860841424
Drug_100002978,Drug_5359272,0.511326860841424
Drug_100002978,Drug_9833444,0.511326860841424
Drug_100002978,Drug_24965990,0.511326860841424
Drug_100002978,Drug_100000158,0.5096774193548387
Drug_100002978,Drug_100000681,0.4647058823529412
Drug_100002978,Drug_100002215,0.5080385852090032
Drug_100002978,Drug_100002369,0.511326860841424
Drug_100002978,Drug_100002520,0.46865671641791046
Drug_100002978,Drug_100002540,0.5080385852090032
Drug_100002978,Drug_100002585,0.5031847133757962
Drug_100002978,Drug_100002726,0.4688427299703264
Drug_100002978,Drug_100002764,0.5096774193548387
Drug_100002978,Drug_100002781,0.4968553459119497
Drug_100002978,Drug_100002801,0.4425770308123249
Drug_100002978,Drug_100002803,0.5047923322683706
Drug_100002978,Drug_100002995,0.4688427299703264
Drug_100002978,Drug_100003007,0.48024316109422494
Drug_100002978,Drug_100003066,0.5096774193548387
Drug_100002978,Drug_100003157,0.5080385852090032
Drug_100002978,Drug_100003168,0.5047923322683706
Drug_100002978,Drug_100003251,0.5064102564102564
Drug_100002978,Drug_100003345,0.5080385852090032
Drug_100002978,Drug_100003696,0.4647058823529412
Drug_100002978,Drug_100003827,0.5015873015873016
Drug_100002978,Drug_100003916,0.5096774193548387
Drug_100002978,Drug_100003954,0.5064102564102564
Drug_100002978,Drug_100004140,0.5096774193548387
Drug_100002978,Drug_100004635,0.511326860841424
Drug_100002978,Drug_100004736,0.49375
Drug_100002978,Drug_100004747,0.49221183800623053
Drug_100002978,Drug_100004893,0.5031847133757962
Drug_100002978,Drug_100005401,0.5096774193548387
Drug_100002978,Drug_100005524,0.4817073170731707
Drug_100002978,Drug_100005533,0.48024316109422494
Drug_100002978,Drug_100005771,0.511326860841424
Drug_100002978,Drug_100010100,0.5064516129032258
Drug_100002978,Drug_100012453,0.511326860841424
Drug_100002978,Drug_100041693,0.5096774193548387
Drug_100002978,Drug_100054313,0.5080385852090032
Drug_100002978,Drug_100054373,0.511326860841424
Drug_100002978,Drug_100060146,0.511326860841424
Drug_100002978,Drug_100060612,0.511326860841424
Drug_100002978,Drug_100065014,0.511326860841424
Drug_100002978,Drug_100068613,0.511326860841424
Drug_100002978,Drug_100104865,0.511326860841424
Drug_100002978,Drug_100216237,0.511326860841424
Drug_100002978,Drug_106433117,0.511326860841424
Drug_100002978,Drug_124965990,0.511326860841424
Drug_2564,Drug_2370,1.0
Drug_2564,Drug_3100,0.5
Drug_2564,Drug_3947,0.4
Drug_2564,Drug_4034,1.0
Drug_2564,Drug_5909,0.75
Drug_2564,Drug_124087,0.4
Drug_2564,Drug_154417,1.0
Drug_2564,Drug_100002370,1.0
Drug_2564,Drug_100004120,0.8333333333333334
Drug_25096,Drug_148192,1.0
Drug_25096,Drug_100004240,0.5
Drug_25096,Drug_100004889,0.5
Drug_25096,Drug_100148192,1.0
Drug_3155,Drug_2215,0.8633879781420765
Drug_3155,Drug_2476,0.8633879781420765
Drug_3155,Drug_2541,0.8586956521739131
Drug_3155,Drug_2771,0.9945652173913043
Drug_3155,Drug_2783,0.8586956521739131
Drug_3155,Drug_2818,0.8883495145631068
Drug_3155,Drug_3066,0.8633879781420765
Drug_3155,Drug_3151,0.8648648648648649
Drug_3155,Drug_3158,1.0
Drug_3155,Drug_3340,0.8633879781420765
Drug_3155,Drug_3343,0.8586956521739131
Drug_3155,Drug_3372,0.8961748633879781
Drug_3155,Drug_3386,0.9891891891891892
Drug_3155,Drug_3559,0.8434343434343434
Drug_3155,Drug_3715,0.728110599078341
Drug_3155,Drug_3779,0.8540540540540541
Drug_3155,Drug_3827,0.8961748633879781
Drug_3155,Drug_3961,0.8449197860962567
Drug_3155,Drug_4095,0.946524064171123
Drug_3155,Drug_4747,0.8102564102564103
Drug_3155,Drug_4768,0.8494623655913979
Drug_3155,Drug_5002,0.8146341463414634
Drug_3155,Drug_5073,0.893048128342246
Drug_3155,Drug_5090,0.8229166666666666
Drug_3155,Drug_5357,0.8633879781420765
Drug_3155,Drug_5656,0.9619565217391305
Drug_3155,Drug_5709,0.8633879781420765
Drug_3155,Drug_5775,0.8586956521739131
Drug_3155,Drug_5959,0.8633879781420765
Drug_3155,Drug_6005,0.8633879781420765
Drug_3155,Drug_8230,0.8633879781420765
Drug_3155,Drug_23897,0.8688524590163934
Drug_3155,Drug_28864,0.8641304347826086
Drug_3155,Drug_59226,0.8633879781420765
Drug_3155,Drug_60795,0.8652849740932642
Drug_3155,Drug_60853,0.9891891891891892
Drug_3155,Drug_77998,0.7181818181818181
Drug_3155,Drug_115237,0.8695652173913043
Drug_3155,Drug_129211,0.8633879781420765
Drug_3155,Drug_216237,0.8633879781420765
Drug_3155,Drug_638678,0.8633879781420765
Drug_3155,Drug_5280360,0.8633879781420765
Drug_3155,Drug_5284604,0.8633879781420765
Drug_3155,Drug_5311068,0.8633879781420765
Drug_3155,Drug_5359272,0.8633879781420765
Drug_3155,Drug_9833444,0.8633879781420765
Drug_3155,Drug_24965990,0.8633879781420765
Drug_3155,Drug_100000158,0.8586956521739131
Drug_3155,Drug_100000681,0.9076923076923077
Drug_3155,Drug_100000774,0.5719424460431655
Drug_3155,Drug_100002215,0.8641304347826086
Drug_3155,Drug_100002369,0.8633879781420765
Drug_3155,Drug_100002520,0.7596153846153846
Drug_3155,Drug_100002540,0.8540540540540541
Drug_3155,Drug_100002585,0.8702702702702703
Drug_3155,Drug_100002726,0.8267326732673267
Drug_3155,Drug_100002764,0.8586956521739131
Drug_3155,Drug_100002781,0.8817204301075269
Drug_3155,Drug_100002801,0.8883495145631068
Drug_3155,Drug_100002803,0.8449197860962567
Drug_3155,Drug_100002995,0.9838709677419355
Drug_3155,Drug_100003007,0.9619565217391305
Drug_3155,Drug_100003066,0.8586956521739131
Drug_3155,Drug_100003157,0.8641304347826086
Drug_3155,Drug_100003168,0.8648648648648649
Drug_3155,Drug_100003251,0.8695652173913043
Drug_3155,Drug_100003345,0.8540540540540541
Drug_3155,Drug_100003696,0.9682539682539683
Drug_3155,Drug_100003827,0.8961748633879781
Drug_3155,Drug_100003916,0.8688524590163934
Drug_3155,Drug_100003954,0.8594594594594595
Drug_3155,Drug_100004140,0.8586956521739131
Drug_3155,Drug_100004635,0.8633879781420765
Drug_3155,Drug_100004736,0.8624338624338624
Drug_3155,Drug_100004747,0.8102564102564103
Drug_3155,Drug_100004893,0.8404255319148937
Drug_3155,Drug_100005401,0.8586956521739131
Drug_3155,Drug_100005524,0.9672131147540983
Drug_3155,Drug_100005533,0.9726775956284153
Drug_3155,Drug_100005771,0.8633879781420765
Drug_3155,Drug_100010100,0.8532608695652174
Drug_3155,Drug_100012453,0.8633879781420765
Drug_3155,Drug_100041693,0.8586956521739131
Drug_3155,Drug_100054313,0.8540540540540541
Drug_3155,Drug_100054373,0.8633879781420765
Drug_3155,Drug_100060146,0.8633879781420765
Drug_3155,Drug_100060612,0.8633879781420765
Drug_3155,Drug_100065014,0.8633879781420765
Drug_3155,Drug_100068613,0.8633879781420765
Drug_3155,Drug_100104865,0.8633879781420765
Drug_3155,Drug_100216237,0.8633879781420765
Drug_3155,Drug_106433117,0.8633879781420765
Drug_3155,Drug_124965990,0.8633879781420765
Drug_54840,Drug_1615,0.5
Drug_54840,Drug_65856,0.6
Drug_54840,Drug_146570,0.5675675675675675
Drug_54840,Drug_446220,0.42105263157894735
Drug_54840,Drug_5324345,0.5135135135135135
Drug_54840,Drug_100002826,0.42105263157894735
Drug_54840,Drug_100004158,0.6285714285714286
Drug_54840,Drug_100005466,0.5428571428571428
Drug_36462,Drug_100003310,1.0
Drug_100002520,Drug_2215,0.8532608695652174
Drug_100002520,Drug_2476,0.8532608695652174
Drug_100002520,Drug_2541,0.8486486486486486
Drug_100002520,Drug_2771,0.7644230769230769
Drug_100002520,Drug_2783,0.8486486486486486
Drug_100002520,Drug_2818,0.691304347826087
Drug_100002520,Drug_3066,0.8532608695652174
Drug_100002520,Drug_3151,0.8548387096774194
Drug_100002520,Drug_3158,0.7596153846153846
Drug_100002520,Drug_3340,0.8532608695652174
Drug_100002520,Drug_3343,0.8486486486486486
Drug_100002520,Drug_3372,0.8359788359788359
Drug_100002520,Drug_3386,0.7607655502392344
Drug_100002520,Drug_3559,0.7804878048780488
Drug_100002520,Drug_3715,0.7201834862385321
Drug_100002520,Drug_3779,0.8440860215053764
Drug_100002520,Drug_3827,0.8263157894736842
Drug_100002520,Drug_3961,0.8351063829787234
Drug_100002520,Drug_4095,0.7843137254901961
Drug_100002520,Drug_4747,0.8010204081632653
Drug_100002520,Drug_4768,0.8494623655913979
Drug_100002520,Drug_5002,0.7383177570093458
Drug_100002520,Drug_5073,0.8153846153846154
Drug_100002520,Drug_5090,0.8134715025906736
Drug_100002520,Drug_5357,0.8532608695652174
Drug_100002520,Drug_5656,0.7783251231527094
Drug_100002520,Drug_5709,0.8532608695652174
Drug_100002520,Drug_5775,0.8586956521739131
Drug_100002520,Drug_5959,0.8532608695652174
Drug_100002520,Drug_6005,0.8532608695652174
Drug_100002520,Drug_8230,0.8532608695652174
Drug_100002520,Drug_23897,0.8486486486486486
Drug_100002520,Drug_28864,0.8440860215053764
Drug_100002520,Drug_59226,0.8532608695652174
Drug_100002520,Drug_60795,0.8
Drug_100002520,Drug_60853,0.7607655502392344
Drug_100002520,Drug_77998,0.7104072398190046
Drug_100002520,Drug_115237,0.8494623655913979
Drug_100002520,Drug_129211,0.8532608695652174
Drug_100002520,Drug_216237,0.8532608695652174
Drug_100002520,Drug_638678,0.8532608695652174
Drug_100002520,Drug_5280360,0.8532608695652174
Drug_100002520,Drug_5284604,0.8532608695652174
Drug_100002520,Drug_5311068,0.8532608695652174
Drug_100002520,Drug_5359272,0.8532608695652174
Drug_100002520,Drug_9833444,0.8532608695652174
Drug_100002520,Drug_24965990,0.8532608695652174
Drug_100002520,Drug_100000158,0.8486486486486486
Drug_100002520,Drug_100000681,0.7383177570093458
Drug_100002520,Drug_100000774,0.5607142857142857
Drug_100002520,Drug_100002215,0.8540540540540541
Drug_100002520,Drug_100002369,0.8532608695652174
Drug_100002520,Drug_100002540,0.8440860215053764
Drug_100002520,Drug_100002585,0.8602150537634409
Drug_100002520,Drug_100002726,0.7655502392344498
Drug_100002520,Drug_100002764,0.8486486486486486
Drug_100002520,Drug_100002781,0.8229166666666666
Drug_100002520,Drug_100002801,0.683982683982684
Drug_100002520,Drug_100002803,0.8449197860962567
Drug_100002520,Drug_100002995,0.7571428571428571
Drug_100002520,Drug_100003007,0.7783251231527094
Drug_100002520,Drug_100003066,0.8586956521739131
Drug_100002520,Drug_100003157,0.8540540540540541
Drug_100002520,Drug_100003168,0.8449197860962567
Drug_100002520,Drug_100003251,0.8494623655913979
Drug_100002520,Drug_100003345,0.8641304347826086
Drug_100002520,Drug_100003696,0.7464788732394366
Drug_100002520,Drug_100003827,0.8263157894736842
Drug_100002520,Drug_100003916,0.8486486486486486
Drug_100002520,Drug_100003954,0.8594594594594595
Drug_100002520,Drug_100004140,0.8486486486486486
Drug_100002520,Drug_100004635,0.8532608695652174
Drug_100002520,Drug_100004736,0.8051282051282052
Drug_100002520,Drug_100004747,0.8010204081632653
Drug_100002520,Drug_100004893,0.8502673796791443
Drug_100002520,Drug_100005401,0.8586956521739131
Drug_100002520,Drug_100005524,0.7821782178217822
Drug_100002520,Drug_100005533,0.7783251231527094
Drug_100002520,Drug_100005771,0.8532608695652174
Drug_100002520,Drug_100010100,0.8633879781420765
Drug_100002520,Drug_100012453,0.8532608695652174
Drug_100002520,Drug_100041693,0.8486486486486486
Drug_100002520,Drug_100054313,0.8440860215053764
Drug_100002520,Drug_100054373,0.8532608695652174
Drug_100002520,Drug_100060146,0.8532608695652174
Drug_100002520,Drug_100060612,0.8532608695652174
Drug_100002520,Drug_100065014,0.8532608695652174
Drug_100002520,Drug_100068613,0.8532608695652174
Drug_100002520,Drug_100104865,0.8532608695652174
Drug_100002520,Drug_100216237,0.8532608695652174
Drug_100002520,Drug_106433117,0.8532608695652174
Drug_100002520,Drug_124965990,0.8532608695652174
Drug_100170361,Drug_4595,0.6111111111111112
Drug_100170361,Drug_446220,0.4782608695652174
Drug_100170361,Drug_100000187,0.44
Drug_100170361,Drug_100002826,0.4782608695652174
Drug_6238,Drug_3032,0.5
Drug_6238,Drug_5832,0.4090909090909091
Drug_6238,Drug_5995,0.4090909090909091
Drug_6238,Drug_91429,0.5531914893617021
Drug_6238,Drug_100002145,0.5909090909090909
Drug_6238,Drug_100002375,0.42045454545454547
Drug_6238,Drug_100002949,0.4090909090909091
Drug_6238,Drug_100003793,0.48148148148148145
Drug_6238,Drug_100004042,0.4090909090909091
Drug_6238,Drug_100005410,0.4090909090909091
Drug_6238,Drug_100014917,0.4727272727272727
Drug_6238,Drug_100132971,0.5909090909090909
Drug_4888,Drug_3672,0.8
Drug_4888,Drug_4495,0.8
Drug_4888,Drug_446284,0.6666666666666666
Drug_4888,Drug_100001046,1.0
Drug_4888,Drug_100003209,0.6666666666666666
Drug_4888,Drug_100003394,0.7272727272727273
Drug_4888,Drug_100003672,0.5714285714285714
Drug_4888,Drug_100004051,1.0
Drug_4888,Drug_111020241,0.5714285714285714
Drug_3066,Drug_2215,1.0
Drug_3066,Drug_2476,1.0
Drug_3066,Drug_2541,0.9937106918238994
Drug_3066,Drug_2771,0.8586956521739131
Drug_3066,Drug_2783,0.9937106918238994
Drug_3066,Drug_2818,0.7669902912621359
Drug_3066,Drug_3151,0.9753086419753086
Drug_3066,Drug_3158,0.8633879781420765
Drug_3066,Drug_3340,1.0
Drug_3066,Drug_3343,0.9937106918238994
Drug_3066,Drug_3372,0.9634146341463414
Drug_3066,Drug_3386,0.8540540540540541
Drug_3066,Drug_3559,0.8681318681318682
Drug_3066,Drug_3715,0.8229166666666666
Drug_3066,Drug_3779,0.9875
Drug_3066,Drug_3827,0.9634146341463414
Drug_3066,Drug_3961,0.9753086419753086
Drug_3066,Drug_4095,0.8729281767955801
Drug_3066,Drug_4747,0.9294117647058824
Drug_3066,Drug_4768,0.9813664596273292
Drug_3066,Drug_5002,0.8359788359788359
Drug_3066,Drug_5073,0.9239766081871345
Drug_3066,Drug_5090,0.9461077844311377
Drug_3066,Drug_5357,1.0
Drug_3066,Drug_5656,0.8876404494382022
Drug_3066,Drug_5709,1.0
Drug_3066,Drug_5775,0.9937106918238994
Drug_3066,Drug_5959,1.0
Drug_3066,Drug_6005,1.0
Drug_3066,Drug_8230,1.0
Drug_3066,Drug_23897,0.9937106918238994
Drug_3066,Drug_28864,0.9875
Drug_3066,Drug_59226,1.0
Drug_3066,Drug_60795,0.8926553672316384
Drug_3066,Drug_60853,0.8540540540540541
Drug_3066,Drug_77998,0.8102564102564103
Drug_3066,Drug_115237,0.9813664596273292
Drug_3066,Drug_129211,1.0
Drug_3066,Drug_216237,1.0
Drug_3066,Drug_638678,1.0
Drug_3066,Drug_5280360,1.0
Drug_3066,Drug_5284604,1.0
Drug_3066,Drug_5311068,1.0
Drug_3066,Drug_5359272,1.0
Drug_3066,Drug_9833444,1.0
Drug_3066,Drug_24965990,1.0
Drug_3066,Drug_100000158,0.9937106918238994
Drug_3066,Drug_100000681,0.8359788359788359
Drug_3066,Drug_100000774,0.6220472440944882
Drug_3066,Drug_100002215,0.9875
Drug_3066,Drug_100002369,1.0
Drug_3066,Drug_100002540,0.9875
Drug_3066,Drug_100002585,0.9693251533742331
Drug_3066,Drug_100002726,0.8494623655913979
Drug_3066,Drug_100002764,0.9937106918238994
Drug_3066,Drug_100002781,0.9461077844311377
Drug_3066,Drug_100002801,0.7669902912621359
Drug_3066,Drug_100002803,0.9753086419753086
Drug_3066,Drug_100002995,0.8494623655913979
Drug_3066,Drug_100003007,0.8876404494382022
Drug_3066,Drug_100003066,0.9937106918238994
Drug_3066,Drug_100003157,0.9875
Drug_3066,Drug_100003168,0.9753086419753086
Drug_3066,Drug_100003251,0.9813664596273292
Drug_3066,Drug_100003345,0.9875
Drug_3066,Drug_100003696,0.8359788359788359
Drug_3066,Drug_100003827,0.9634146341463414
Drug_3066,Drug_100003916,0.9937106918238994
Drug_3066,Drug_100003954,0.9813664596273292
Drug_3066,Drug_100004140,0.9937106918238994
Drug_3066,Drug_100004635,1.0
Drug_3066,Drug_100004736,0.9349112426035503
Drug_3066,Drug_100004747,0.9294117647058824
Drug_3066,Drug_100004893,0.9693251533742331
Drug_3066,Drug_100005401,0.9937106918238994
Drug_3066,Drug_100005524,0.8926553672316384
Drug_3066,Drug_100005533,0.8876404494382022
Drug_3066,Drug_100005771,1.0
Drug_3066,Drug_100010100,0.9874213836477987
Drug_3066,Drug_100012453,1.0
Drug_3066,Drug_100041693,0.9937106918238994
Drug_3066,Drug_100054313,0.9875
Drug_3066,Drug_100054373,1.0
Drug_3066,Drug_100060146,1.0
Drug_3066,Drug_100060612,1.0
Drug_3066,Drug_100065014,1.0
Drug_3066,Drug_100068613,1.0
Drug_3066,Drug_100104865,1.0
Drug_3066,Drug_100216237,1.0
Drug_3066,Drug_106433117,1.0
Drug_3066,Drug_124965990,1.0
Drug_100003784,Drug_219078,0.56
Drug_100003784,Drug_100219078,0.56
Drug_26757,Drug_3052775,0.4
Drug_26757,Drug_100004235,0.4
Drug_443943,Drug_5591,0.7954545454545454
Drug_443943,Drug_5832,0.9722222222222222
Drug_443943,Drug_5920,0.9210526315789473
Drug_443943,Drug_5995,0.9722222222222222
Drug_443943,Drug_6010,1.0
Drug_443943,Drug_9642,1.0
Drug_443943,Drug_21800,1.0
Drug_443943,Drug_82146,1.0
Drug_443943,Drug_444008,0.9722222222222222
Drug_443943,Drug_449171,1.0
Drug_443943,Drug_5281034,1.0
Drug_443943,Drug_100002375,0.9459459459459459
Drug_443943,Drug_100002462,0.9722222222222222
Drug_443943,Drug_100002791,1.0
Drug_443943,Drug_100002949,0.9722222222222222
Drug_443943,Drug_100003056,1.0
Drug_443943,Drug_100003382,1.0
Drug_443943,Drug_100003384,1.0
Drug_443943,Drug_100003399,1.0
Drug_443943,Drug_100004042,0.9722222222222222
Drug_443943,Drug_100004160,1.0
Drug_443943,Drug_100004196,0.8333333333333334
Drug_443943,Drug_100005035,0.5932203389830508
Drug_443943,Drug_100005267,0.9722222222222222
Drug_443943,Drug_100005410,0.9722222222222222
Drug_443943,Drug_100005470,0.9722222222222222
Drug_443943,Drug_100005645,0.9210526315789473
Drug_443943,Drug_100009904,1.0
Drug_4042,Drug_100004240,0.5
Drug_100005533,Drug_2215,0.8876404494382022
Drug_100005533,Drug_2476,0.8876404494382022
Drug_100005533,Drug_2541,0.88268156424581
Drug_100005533,Drug_2771,0.967391304347826
Drug_100005533,Drug_2783,0.88268156424581
Drug_100005533,Drug_2818,0.8640776699029126
Drug_100005533,Drug_3151,0.8888888888888888
Drug_100005533,Drug_3158,0.9726775956284153
Drug_100005533,Drug_3340,0.8876404494382022
Drug_100005533,Drug_3343,0.88268156424581
Drug_100005533,Drug_3372,0.9
Drug_100005533,Drug_3386,0.9621621621621622
Drug_100005533,Drug_3559,0.8181818181818182
Drug_100005533,Drug_3715,0.7452830188679245
Drug_100005533,Drug_3779,0.8777777777777778
Drug_100005533,Drug_3827,0.8688524590163934
Drug_100005533,Drug_3961,0.8681318681318682
Drug_100005533,Drug_4095,0.9725274725274725
Drug_100005533,Drug_4747,0.8315789473684211
Drug_100005533,Drug_4768,0.8729281767955801
Drug_100005533,Drug_5002,0.7902439024390244
Drug_100005533,Drug_5073,0.8663101604278075
Drug_100005533,Drug_5090,0.8449197860962567
Drug_100005533,Drug_5357,0.8876404494382022
Drug_100005533,Drug_5656,0.9888268156424581
Drug_100005533,Drug_5709,0.8876404494382022
Drug_100005533,Drug_5775,0.88268156424581
Drug_100005533,Drug_5959,0.8876404494382022
Drug_100005533,Drug_6005,0.8876404494382022
Drug_100005533,Drug_8230,0.8876404494382022
Drug_100005533,Drug_23897,0.8932584269662921
Drug_100005533,Drug_28864,0.888268156424581
Drug_100005533,Drug_59226,0.8876404494382022
Drug_100005533,Drug_60795,0.8393782383419689
Drug_100005533,Drug_60853,0.9621621621621622
Drug_100005533,Drug_77998,0.7348837209302326
Drug_100005533,Drug_115237,0.8938547486033519
Drug_100005533,Drug_129211,0.8876404494382022
Drug_100005533,Drug_216237,0.8876404494382022
Drug_100005533,Drug_638678,0.8876404494382022
Drug_100005533,Drug_5280360,0.8876404494382022
Drug_100005533,Drug_5284604,0.8876404494382022
Drug_100005533,Drug_5311068,0.8876404494382022
Drug_100005533,Drug_5359272,0.8876404494382022
Drug_100005533,Drug_9833444,0.8876404494382022
Drug_100005533,Drug_24965990,0.8876404494382022
Drug_100005533,Drug_100000158,0.88268156424581
Drug_100005533,Drug_100000681,0.9315789473684211
Drug_100005533,Drug_100000774,0.5824175824175825
Drug_100005533,Drug_100002215,0.888268156424581
Drug_100005533,Drug_100002369,0.8876404494382022
Drug_100005533,Drug_100002540,0.8777777777777778
Drug_100005533,Drug_100002585,0.8944444444444445
Drug_100005533,Drug_100002726,0.801980198019802
Drug_100005533,Drug_100002764,0.88268156424581
Drug_100005533,Drug_100002781,0.875
Drug_100005533,Drug_100002801,0.8640776699029126
Drug_100005533,Drug_100002803,0.8681318681318682
Drug_100005533,Drug_100002995,0.956989247311828
Drug_100005533,Drug_100003007,0.9888268156424581
Drug_100005533,Drug_100003066,0.88268156424581
Drug_100005533,Drug_100003157,0.888268156424581
Drug_100005533,Drug_100003168,0.8784530386740331
Drug_100005533,Drug_100003251,0.8729281767955801
Drug_100005533,Drug_100003345,0.8777777777777778
Drug_100005533,Drug_100003696,0.9417989417989417
Drug_100005533,Drug_100003827,0.8688524590163934
Drug_100005533,Drug_100003916,0.8932584269662921
Drug_100005533,Drug_100003954,0.8833333333333333
Drug_100005533,Drug_100004140,0.88268156424581
Drug_100005533,Drug_100004635,0.8876404494382022
Drug_100005533,Drug_100004736,0.8359788359788359
Drug_100005533,Drug_100004747,0.8315789473684211
Drug_100005533,Drug_100004893,0.8633879781420765
Drug_100005533,Drug_100005401,0.88268156424581
Drug_100005533,Drug_100005524,0.9943820224719101
Drug_100005533,Drug_100005771,0.8876404494382022
Drug_100005533,Drug_100010100,0.8770949720670391
Drug_100005533,Drug_100012453,0.8876404494382022
Drug_100005533,Drug_100041693,0.88268156424581
Drug_100005533,Drug_100054313,0.8777777777777778
Drug_100005533,Drug_100054373,0.8876404494382022
Drug_100005533,Drug_100060146,0.8876404494382022
Drug_100005533,Drug_100060612,0.8876404494382022
Drug_100005533,Drug_100065014,0.8876404494382022
Drug_100005533,Drug_100068613,0.8876404494382022
Drug_100005533,Drug_100104865,0.8876404494382022
Drug_100005533,Drug_100216237,0.8876404494382022
Drug_100005533,Drug_106433117,0.8876404494382022
Drug_100005533,Drug_124965990,0.8876404494382022
Drug_100150310,Drug_443872,1.0
Drug_100005333,Drug_4100,0.6470588235294118
Drug_100005333,Drug_5560,0.75
Drug_100005333,Drug_119607,0.55
Drug_100005333,Drug_219078,0.4230769230769231
Drug_100005333,Drug_5284627,0.6470588235294118
Drug_100005333,Drug_100002732,0.6470588235294118
Drug_100005333,Drug_100003440,0.8461538461538461
Drug_100005333,Drug_100219078,0.4230769230769231
Drug_5959,Drug_2215,1.0
Drug_5959,Drug_2476,1.0
Drug_5959,Drug_2541,0.9937106918238994
Drug_5959,Drug_2771,0.8586956521739131
Drug_5959,Drug_2783,0.9937106918238994
Drug_5959,Drug_2818,0.7669902912621359
Drug_5959,Drug_3151,0.9753086419753086
Drug_5959,Drug_3158,0.8633879781420765
Drug_5959,Drug_3340,1.0
Drug_5959,Drug_3343,0.9937106918238994
Drug_5959,Drug_3372,0.9634146341463414
Drug_5959,Drug_3386,0.8540540540540541
Drug_5959,Drug_3559,0.8681318681318682
Drug_5959,Drug_3715,0.8229166666666666
Drug_5959,Drug_3779,0.9875
Drug_5959,Drug_3827,0.9634146341463414
Drug_5959,Drug_3961,0.9753086419753086
Drug_5959,Drug_4095,0.8729281767955801
Drug_5959,Drug_4747,0.9294117647058824
Drug_5959,Drug_4768,0.9813664596273292
Drug_5959,Drug_5002,0.8359788359788359
Drug_5959,Drug_5073,0.9239766081871345
Drug_5959,Drug_5090,0.9461077844311377
Drug_5959,Drug_5357,1.0
Drug_5959,Drug_5656,0.8876404494382022
Drug_5959,Drug_5709,1.0
Drug_5959,Drug_5775,0.9937106918238994
Drug_5959,Drug_6005,1.0
Drug_5959,Drug_8230,1.0
Drug_5959,Drug_23897,0.9937106918238994
Drug_5959,Drug_28864,0.9875
Drug_5959,Drug_59226,1.0
Drug_5959,Drug_60795,0.8926553672316384
Drug_5959,Drug_60853,0.8540540540540541
Drug_5959,Drug_77998,0.8102564102564103
Drug_5959,Drug_115237,0.9813664596273292
Drug_5959,Drug_129211,1.0
Drug_5959,Drug_216237,1.0
Drug_5959,Drug_638678,1.0
Drug_5959,Drug_5280360,1.0
Drug_5959,Drug_5284604,1.0
Drug_5959,Drug_5311068,1.0
Drug_5959,Drug_5359272,1.0
Drug_5959,Drug_9833444,1.0
Drug_5959,Drug_24965990,1.0
Drug_5959,Drug_100000158,0.9937106918238994
Drug_5959,Drug_100000681,0.8359788359788359
Drug_5959,Drug_100000774,0.6220472440944882
Drug_5959,Drug_100002215,0.9875
Drug_5959,Drug_100002369,1.0
Drug_5959,Drug_100002540,0.9875
Drug_5959,Drug_100002585,0.9693251533742331
Drug_5959,Drug_100002726,0.8494623655913979
Drug_5959,Drug_100002764,0.9937106918238994
Drug_5959,Drug_100002781,0.9461077844311377
Drug_5959,Drug_100002801,0.7669902912621359
Drug_5959,Drug_100002803,0.9753086419753086
Drug_5959,Drug_100002995,0.8494623655913979
Drug_5959,Drug_100003007,0.8876404494382022
Drug_5959,Drug_100003066,0.9937106918238994
Drug_5959,Drug_100003157,0.9875
Drug_5959,Drug_100003168,0.9753086419753086
Drug_5959,Drug_100003251,0.9813664596273292
Drug_5959,Drug_100003345,0.9875
Drug_5959,Drug_100003696,0.8359788359788359
Drug_5959,Drug_100003827,0.9634146341463414
Drug_5959,Drug_100003916,0.9937106918238994
Drug_5959,Drug_100003954,0.9813664596273292
Drug_5959,Drug_100004140,0.9937106918238994
Drug_5959,Drug_100004635,1.0
Drug_5959,Drug_100004736,0.9349112426035503
Drug_5959,Drug_100004747,0.9294117647058824
Drug_5959,Drug_100004893,0.9693251533742331
Drug_5959,Drug_100005401,0.9937106918238994
Drug_5959,Drug_100005524,0.8926553672316384
Drug_5959,Drug_100005771,1.0
Drug_5959,Drug_100010100,0.9874213836477987
Drug_5959,Drug_100012453,1.0
Drug_5959,Drug_100041693,0.9937106918238994
Drug_5959,Drug_100054313,0.9875
Drug_5959,Drug_100054373,1.0
Drug_5959,Drug_100060146,1.0
Drug_5959,Drug_100060612,1.0
Drug_5959,Drug_100065014,1.0
Drug_5959,Drug_100068613,1.0
Drug_5959,Drug_100104865,1.0
Drug_5959,Drug_100216237,1.0
Drug_5959,Drug_106433117,1.0
Drug_5959,Drug_124965990,1.0
Drug_100003168,Drug_2215,0.9753086419753086
Drug_100003168,Drug_2476,0.9753086419753086
Drug_100003168,Drug_2541,0.9693251533742331
Drug_100003168,Drug_2771,0.8702702702702703
Drug_100003168,Drug_2783,0.9693251533742331
Drug_100003168,Drug_2818,0.7864077669902912
Drug_100003168,Drug_3151,0.9877300613496932
Drug_100003168,Drug_3158,0.8648648648648649
Drug_100003168,Drug_3340,0.9753086419753086
Drug_100003168,Drug_3343,0.9693251533742331
Drug_100003168,Drug_3372,0.963855421686747
Drug_100003168,Drug_3386,0.8655913978494624
Drug_100003168,Drug_3559,0.8901098901098901
Drug_100003168,Drug_3715,0.8061224489795918
Drug_100003168,Drug_3779,0.9634146341463414
Drug_100003168,Drug_3827,0.963855421686747
Drug_100003168,Drug_3961,0.9518072289156626
Drug_100003168,Drug_4095,0.8641304347826086
Drug_100003168,Drug_4747,0.9080459770114943
Drug_100003168,Drug_4768,0.9575757575757575
Drug_100003168,Drug_5002,0.8473684210526315
Drug_100003168,Drug_5073,0.936046511627907
Drug_100003168,Drug_5090,0.9239766081871345
Drug_100003168,Drug_5357,0.9753086419753086
Drug_100003168,Drug_5656,0.8681318681318682
Drug_100003168,Drug_5709,0.9753086419753086
Drug_100003168,Drug_5775,0.9814814814814815
Drug_100003168,Drug_6005,0.9753086419753086
Drug_100003168,Drug_8230,0.9753086419753086
Drug_100003168,Drug_23897,0.9814814814814815
Drug_100003168,Drug_28864,0.9754601226993865
Drug_100003168,Drug_59226,0.9753086419753086
Drug_100003168,Drug_60795,0.9152542372881356
Drug_100003168,Drug_60853,0.8756756756756757
Drug_100003168,Drug_77998,0.7939698492462312
Drug_100003168,Drug_115237,0.9815950920245399
Drug_100003168,Drug_129211,0.9753086419753086
Drug_100003168,Drug_216237,0.9753086419753086
Drug_100003168,Drug_638678,0.9753086419753086
Drug_100003168,Drug_5280360,0.9753086419753086
Drug_100003168,Drug_5284604,0.9753086419753086
Drug_100003168,Drug_5311068,0.9753086419753086
Drug_100003168,Drug_5359272,0.9753086419753086
Drug_100003168,Drug_9833444,0.9753086419753086
Drug_100003168,Drug_24965990,0.9753086419753086
Drug_100003168,Drug_100000158,0.9693251533742331
Drug_100003168,Drug_100000681,0.8186528497409327
Drug_100003168,Drug_100000774,0.6186770428015564
Drug_100003168,Drug_100002215,0.9634146341463414
Drug_100003168,Drug_100002369,0.9753086419753086
Drug_100003168,Drug_100002540,0.9634146341463414
Drug_100003168,Drug_100002585,0.9578313253012049
Drug_100003168,Drug_100002726,0.8709677419354839
Drug_100003168,Drug_100002764,0.9693251533742331
Drug_100003168,Drug_100002781,0.9583333333333334
Drug_100003168,Drug_100002801,0.7777777777777778
Drug_100003168,Drug_100002803,0.9518072289156626
Drug_100003168,Drug_100002995,0.8709677419354839
Drug_100003168,Drug_100003007,0.8681318681318682
Drug_100003168,Drug_100003066,0.9693251533742331
Drug_100003168,Drug_100003157,0.9754601226993865
Drug_100003168,Drug_100003251,0.9575757575757575
Drug_100003168,Drug_100003345,0.9754601226993865
Drug_100003168,Drug_100003696,0.8571428571428571
Drug_100003168,Drug_100003827,0.963855421686747
Drug_100003168,Drug_100003916,0.9814814814814815
Drug_100003168,Drug_100003954,0.9575757575757575
Drug_100003168,Drug_100004140,0.9693251533742331
Drug_100003168,Drug_100004635,0.9753086419753086
Drug_100003168,Drug_100004736,0.935672514619883
Drug_100003168,Drug_100004747,0.9080459770114943
Drug_100003168,Drug_100004893,0.9578313253012049
Drug_100003168,Drug_100005401,0.9814814814814815
Drug_100003168,Drug_100005524,0.8729281767955801
Drug_100003168,Drug_100005771,0.9753086419753086
Drug_100003168,Drug_100010100,0.9753086419753086
Drug_100003168,Drug_100012453,0.9753086419753086
Drug_100003168,Drug_100041693,0.9693251533742331
Drug_100003168,Drug_100054313,0.9634146341463414
Drug_100003168,Drug_100054373,0.9753086419753086
Drug_100003168,Drug_100060146,0.9753086419753086
Drug_100003168,Drug_100060612,0.9753086419753086
Drug_100003168,Drug_100065014,0.9753086419753086
Drug_100003168,Drug_100068613,0.9753086419753086
Drug_100003168,Drug_100104865,0.9753086419753086
Drug_100003168,Drug_100216237,0.9753086419753086
Drug_100003168,Drug_106433117,0.9753086419753086
Drug_100003168,Drug_124965990,0.9753086419753086
Drug_124965990,Drug_2215,1.0
Drug_124965990,Drug_2476,1.0
Drug_124965990,Drug_2541,0.9937106918238994
Drug_124965990,Drug_2771,0.8586956521739131
Drug_124965990,Drug_2783,0.9937106918238994
Drug_124965990,Drug_2818,0.7669902912621359
Drug_124965990,Drug_3151,0.9753086419753086
Drug_124965990,Drug_3158,0.8633879781420765
Drug_124965990,Drug_3340,1.0
Drug_124965990,Drug_3343,0.9937106918238994
Drug_124965990,Drug_3372,0.9634146341463414
Drug_124965990,Drug_3386,0.8540540540540541
Drug_124965990,Drug_3559,0.8681318681318682
Drug_124965990,Drug_3715,0.8229166666666666
Drug_124965990,Drug_3779,0.9875
Drug_124965990,Drug_3827,0.9634146341463414
Drug_124965990,Drug_3961,0.9753086419753086
Drug_124965990,Drug_4095,0.8729281767955801
Drug_124965990,Drug_4747,0.9294117647058824
Drug_124965990,Drug_4768,0.9813664596273292
Drug_124965990,Drug_5002,0.8359788359788359
Drug_124965990,Drug_5073,0.9239766081871345
Drug_124965990,Drug_5090,0.9461077844311377
Drug_124965990,Drug_5357,1.0
Drug_124965990,Drug_5656,0.8876404494382022
Drug_124965990,Drug_5709,1.0
Drug_124965990,Drug_5775,0.9937106918238994
Drug_124965990,Drug_6005,1.0
Drug_124965990,Drug_8230,1.0
Drug_124965990,Drug_23897,0.9937106918238994
Drug_124965990,Drug_28864,0.9875
Drug_124965990,Drug_59226,1.0
Drug_124965990,Drug_60795,0.8926553672316384
Drug_124965990,Drug_60853,0.8540540540540541
Drug_124965990,Drug_77998,0.8102564102564103
Drug_124965990,Drug_115237,0.9813664596273292
Drug_124965990,Drug_129211,1.0
Drug_124965990,Drug_216237,1.0
Drug_124965990,Drug_638678,1.0
Drug_124965990,Drug_5280360,1.0
Drug_124965990,Drug_5284604,1.0
Drug_124965990,Drug_5311068,1.0
Drug_124965990,Drug_5359272,1.0
Drug_124965990,Drug_9833444,1.0
Drug_124965990,Drug_24965990,1.0
Drug_124965990,Drug_100000158,0.9937106918238994
Drug_124965990,Drug_100000681,0.8359788359788359
Drug_124965990,Drug_100000774,0.6220472440944882
Drug_124965990,Drug_100002215,0.9875
Drug_124965990,Drug_100002369,1.0
Drug_124965990,Drug_100002540,0.9875
Drug_124965990,Drug_100002585,0.9693251533742331
Drug_124965990,Drug_100002726,0.8494623655913979
Drug_124965990,Drug_100002764,0.9937106918238994
Drug_124965990,Drug_100002781,0.9461077844311377
Drug_124965990,Drug_100002801,0.7669902912621359
Drug_124965990,Drug_100002803,0.9753086419753086
Drug_124965990,Drug_100002995,0.8494623655913979
Drug_124965990,Drug_100003007,0.8876404494382022
Drug_124965990,Drug_100003066,0.9937106918238994
Drug_124965990,Drug_100003157,0.9875
Drug_124965990,Drug_100003251,0.9813664596273292
Drug_124965990,Drug_100003345,0.9875
Drug_124965990,Drug_100003696,0.8359788359788359
Drug_124965990,Drug_100003827,0.9634146341463414
Drug_124965990,Drug_100003916,0.9937106918238994
Drug_124965990,Drug_100003954,0.9813664596273292
Drug_124965990,Drug_100004140,0.9937106918238994
Drug_124965990,Drug_100004635,1.0
Drug_124965990,Drug_100004736,0.9349112426035503
Drug_124965990,Drug_100004747,0.9294117647058824
Drug_124965990,Drug_100004893,0.9693251533742331
Drug_124965990,Drug_100005401,0.9937106918238994
Drug_124965990,Drug_100005524,0.8926553672316384
Drug_124965990,Drug_100005771,1.0
Drug_124965990,Drug_100010100,0.9874213836477987
Drug_124965990,Drug_100012453,1.0
Drug_124965990,Drug_100041693,0.9937106918238994
Drug_124965990,Drug_100054313,0.9875
Drug_124965990,Drug_100054373,1.0
Drug_124965990,Drug_100060146,1.0
Drug_124965990,Drug_100060612,1.0
Drug_124965990,Drug_100065014,1.0
Drug_124965990,Drug_100068613,1.0
Drug_124965990,Drug_100104865,1.0
Drug_124965990,Drug_100216237,1.0
Drug_124965990,Drug_106433117,1.0
Drug_100004196,Drug_5591,0.6862745098039216
Drug_100004196,Drug_5832,0.813953488372093
Drug_100004196,Drug_5920,0.7777777777777778
Drug_100004196,Drug_5995,0.813953488372093
Drug_100004196,Drug_6010,0.8333333333333334
Drug_100004196,Drug_9642,0.8333333333333334
Drug_100004196,Drug_21800,0.8333333333333334
Drug_100004196,Drug_82146,0.8333333333333334
Drug_100004196,Drug_444008,0.813953488372093
Drug_100004196,Drug_449171,0.8333333333333334
Drug_100004196,Drug_5281034,0.8333333333333334
Drug_100004196,Drug_100002375,0.7954545454545454
Drug_100004196,Drug_100002462,0.813953488372093
Drug_100004196,Drug_100002791,0.8333333333333334
Drug_100004196,Drug_100002949,0.813953488372093
Drug_100004196,Drug_100003056,0.8333333333333334
Drug_100004196,Drug_100003382,0.8333333333333334
Drug_100004196,Drug_100003384,0.8333333333333334
Drug_100004196,Drug_100003399,0.8333333333333334
Drug_100004196,Drug_100004042,0.813953488372093
Drug_100004196,Drug_100004160,0.8333333333333334
Drug_100004196,Drug_100005035,0.5538461538461539
Drug_100004196,Drug_100005267,0.813953488372093
Drug_100004196,Drug_100005410,0.813953488372093
Drug_100004196,Drug_100005470,0.813953488372093
Drug_100004196,Drug_100005645,0.7777777777777778
Drug_100004196,Drug_100009904,0.8333333333333334
Drug_446220,Drug_4595,0.43859649122807015
Drug_446220,Drug_146570,0.46808510638297873
Drug_446220,Drug_100002826,1.0
Drug_446220,Drug_100005466,0.41304347826086957
Drug_60857,Drug_4440,1.0
Drug_5282380,Drug_441383,0.4
Drug_5282380,Drug_100005404,0.4
Drug_100003672,Drug_3672,0.7142857142857143
Drug_100003672,Drug_4495,0.7142857142857143
Drug_100003672,Drug_446284,0.4444444444444444
Drug_100003672,Drug_100001046,0.5714285714285714
Drug_100003672,Drug_100003209,0.4444444444444444
Drug_100003672,Drug_100003394,0.6666666666666666
Drug_100003672,Drug_100004051,0.5714285714285714
Drug_100003672,Drug_111020241,0.4
Drug_3152,Drug_3202,0.5714285714285714
Drug_3152,Drug_5314,0.5
Drug_3152,Drug_9651,0.5714285714285714
Drug_3152,Drug_656926,0.5
Drug_3152,Drug_100003152,1.0
Drug_3152,Drug_100003202,0.5714285714285714
Drug_3152,Drug_100004811,0.5454545454545454
Drug_3152,Drug_100005314,0.5
Drug_105464096,Drug_5362118,1.0
Drug_105464096,Drug_5362123,1.0
Drug_105464096,Drug_5362129,1.0
Drug_105464096,Drug_5388961,1.0
Drug_105464096,Drug_5462501,1.0
Drug_105464096,Drug_5463984,1.0
Drug_105464096,Drug_100003222,1.0
Drug_105464096,Drug_100128549,1.0
Drug_100004178,Drug_3355,0.4
Drug_100002801,Drug_2215,0.7669902912621359
Drug_100002801,Drug_2476,0.7669902912621359
Drug_100002801,Drug_2541,0.7632850241545893
Drug_100002801,Drug_2771,0.8840579710144928
Drug_100002801,Drug_2783,0.7632850241545893
Drug_100002801,Drug_2818,0.9903381642512077
Drug_100002801,Drug_3151,0.7777777777777778
Drug_100002801,Drug_3158,0.8883495145631068
Drug_100002801,Drug_3340,0.7669902912621359
Drug_100002801,Drug_3343,0.7632850241545893
Drug_100002801,Drug_3372,0.7961165048543689
Drug_100002801,Drug_3386,0.8888888888888888
Drug_100002801,Drug_3559,0.7962962962962963
Drug_100002801,Drug_3715,0.6583333333333333
Drug_100002801,Drug_3779,0.7596153846153846
Drug_100002801,Drug_3827,0.7961165048543689
Drug_100002801,Drug_3961,0.7523809523809524
Drug_100002801,Drug_4095,0.8428571428571429
Drug_100002801,Drug_4747,0.7247706422018348
Drug_100002801,Drug_4768,0.7559808612440191
Drug_100002801,Drug_5002,0.9174757281553398
Drug_100002801,Drug_5073,0.8038277511961722
Drug_100002801,Drug_5090,0.7348837209302326
Drug_100002801,Drug_5357,0.7669902912621359
Drug_100002801,Drug_5656,0.855072463768116
Drug_100002801,Drug_5709,0.7669902912621359
Drug_100002801,Drug_5775,0.7632850241545893
Drug_100002801,Drug_6005,0.7669902912621359
Drug_100002801,Drug_8230,0.7669902912621359
Drug_100002801,Drug_23897,0.7718446601941747
Drug_100002801,Drug_28864,0.7766990291262136
Drug_100002801,Drug_59226,0.7669902912621359
Drug_100002801,Drug_60795,0.8413461538461539
Drug_100002801,Drug_60853,0.8888888888888888
Drug_100002801,Drug_77998,0.6502057613168725
Drug_100002801,Drug_115237,0.7729468599033816
Drug_100002801,Drug_129211,0.7669902912621359
Drug_100002801,Drug_216237,0.7669902912621359
Drug_100002801,Drug_638678,0.7669902912621359
Drug_100002801,Drug_5280360,0.7669902912621359
Drug_100002801,Drug_5284604,0.7669902912621359
Drug_100002801,Drug_5311068,0.7669902912621359
Drug_100002801,Drug_5359272,0.7669902912621359
Drug_100002801,Drug_9833444,0.7669902912621359
Drug_100002801,Drug_24965990,0.7669902912621359
Drug_100002801,Drug_100000158,0.7632850241545893
Drug_100002801,Drug_100000681,0.8119266055045872
Drug_100002801,Drug_100000774,0.5282392026578073
Drug_100002801,Drug_100002215,0.7681159420289855
Drug_100002801,Drug_100002369,0.7669902912621359
Drug_100002801,Drug_100002540,0.7596153846153846
Drug_100002801,Drug_100002585,0.7740384615384616
Drug_100002801,Drug_100002726,0.7899543378995434
Drug_100002801,Drug_100002764,0.7632850241545893
Drug_100002801,Drug_100002781,0.7932692307692307
Drug_100002801,Drug_100002803,0.7523809523809524
Drug_100002801,Drug_100002995,0.8846153846153846
Drug_100002801,Drug_100003007,0.855072463768116
Drug_100002801,Drug_100003066,0.7632850241545893
Drug_100002801,Drug_100003157,0.7681159420289855
Drug_100002801,Drug_100003251,0.7729468599033816
Drug_100002801,Drug_100003345,0.7596153846153846
Drug_100002801,Drug_100003696,0.8720379146919431
Drug_100002801,Drug_100003827,0.7961165048543689
Drug_100002801,Drug_100003916,0.7718446601941747
Drug_100002801,Drug_100003954,0.7729468599033816
Drug_100002801,Drug_100004140,0.7718446601941747
Drug_100002801,Drug_100004635,0.7669902912621359
Drug_100002801,Drug_100004736,0.8115942028985508
Drug_100002801,Drug_100004747,0.7247706422018348
Drug_100002801,Drug_100004893,0.7488151658767772
Drug_100002801,Drug_100005401,0.7632850241545893
Drug_100002801,Drug_100005524,0.8592233009708737
Drug_100002801,Drug_100005771,0.7669902912621359
Drug_100002801,Drug_100010100,0.7584541062801933
Drug_100002801,Drug_100012453,0.7669902912621359
Drug_100002801,Drug_100041693,0.7632850241545893
Drug_100002801,Drug_100054313,0.7596153846153846
Drug_100002801,Drug_100054373,0.7669902912621359
Drug_100002801,Drug_100060146,0.7669902912621359
Drug_100002801,Drug_100060612,0.7669902912621359
Drug_100002801,Drug_100065014,0.7669902912621359
Drug_100002801,Drug_100068613,0.7669902912621359
Drug_100002801,Drug_100104865,0.7669902912621359
Drug_100002801,Drug_100216237,0.7669902912621359
Drug_100002801,Drug_106433117,0.7669902912621359
Drug_100002803,Drug_2215,0.9753086419753086
Drug_100002803,Drug_2476,0.9753086419753086
Drug_100002803,Drug_2541,0.9693251533742331
Drug_100002803,Drug_2771,0.8404255319148937
Drug_100002803,Drug_2783,0.9693251533742331
Drug_100002803,Drug_2818,0.7523809523809524
Drug_100002803,Drug_3151,0.9518072289156626
Drug_100002803,Drug_3158,0.8449197860962567
Drug_100002803,Drug_3340,0.9753086419753086
Drug_100002803,Drug_3343,0.9693251533742331
Drug_100002803,Drug_3372,0.9404761904761905
Drug_100002803,Drug_3386,0.8359788359788359
Drug_100002803,Drug_3559,0.8494623655913979
Drug_100002803,Drug_3715,0.8061224489795918
Drug_100002803,Drug_3779,0.9634146341463414
Drug_100002803,Drug_3827,0.9404761904761905
Drug_100002803,Drug_3961,0.9518072289156626
Drug_100002803,Drug_4095,0.8540540540540541
Drug_100002803,Drug_4747,0.9080459770114943
Drug_100002803,Drug_4768,0.9695121951219512
Drug_100002803,Drug_5002,0.8186528497409327
Drug_100002803,Drug_5073,0.9028571428571428
Drug_100002803,Drug_5090,0.9239766081871345
Drug_100002803,Drug_5357,0.9753086419753086
Drug_100002803,Drug_5656,0.8681318681318682
Drug_100002803,Drug_5709,0.9753086419753086
Drug_100002803,Drug_5775,0.9693251533742331
Drug_100002803,Drug_6005,0.9753086419753086
Drug_100002803,Drug_8230,0.9753086419753086
Drug_100002803,Drug_23897,0.9693251533742331
Drug_100002803,Drug_28864,0.9634146341463414
Drug_100002803,Drug_59226,0.9753086419753086
Drug_100002803,Drug_60795,0.8729281767955801
Drug_100002803,Drug_60853,0.8359788359788359
Drug_100002803,Drug_77998,0.7939698492462312
Drug_100002803,Drug_115237,0.9575757575757575
Drug_100002803,Drug_129211,0.9753086419753086
Drug_100002803,Drug_216237,0.9753086419753086
Drug_100002803,Drug_638678,0.9753086419753086
Drug_100002803,Drug_5280360,0.9753086419753086
Drug_100002803,Drug_5284604,0.9753086419753086
Drug_100002803,Drug_5311068,0.9753086419753086
Drug_100002803,Drug_5359272,0.9753086419753086
Drug_100002803,Drug_9833444,0.9753086419753086
Drug_100002803,Drug_24965990,0.9753086419753086
Drug_100002803,Drug_100000158,0.9693251533742331
Drug_100002803,Drug_100000681,0.8186528497409327
Drug_100002803,Drug_100000774,0.6124031007751938
Drug_100002803,Drug_100002215,0.9634146341463414
Drug_100002803,Drug_100002369,0.9753086419753086
Drug_100002803,Drug_100002540,0.9634146341463414
Drug_100002803,Drug_100002585,0.9461077844311377
Drug_100002803,Drug_100002726,0.8315789473684211
Drug_100002803,Drug_100002764,0.9693251533742331
Drug_100002803,Drug_100002781,0.9239766081871345
Drug_100002803,Drug_100002995,0.8315789473684211
Drug_100002803,Drug_100003007,0.8681318681318682
Drug_100002803,Drug_100003066,0.9693251533742331
Drug_100002803,Drug_100003157,0.9634146341463414
Drug_100002803,Drug_100003251,0.9575757575757575
Drug_100002803,Drug_100003345,0.9634146341463414
Drug_100002803,Drug_100003696,0.8186528497409327
Drug_100002803,Drug_100003827,0.9404761904761905
Drug_100002803,Drug_100003916,0.9693251533742331
Drug_100002803,Drug_100003954,0.9575757575757575
Drug_100002803,Drug_100004140,0.9693251533742331
Drug_100002803,Drug_100004635,0.9753086419753086
Drug_100002803,Drug_100004736,0.9132947976878613
Drug_100002803,Drug_100004747,0.9080459770114943
Drug_100002803,Drug_100004893,0.9578313253012049
Drug_100002803,Drug_100005401,0.9693251533742331
Drug_100002803,Drug_100005524,0.8729281767955801
Drug_100002803,Drug_100005771,0.9753086419753086
Drug_100002803,Drug_100010100,0.9631901840490797
Drug_100002803,Drug_100012453,0.9753086419753086
Drug_100002803,Drug_100041693,0.9693251533742331
Drug_100002803,Drug_100054313,0.9634146341463414
Drug_100002803,Drug_100054373,0.9753086419753086
Drug_100002803,Drug_100060146,0.9753086419753086
Drug_100002803,Drug_100060612,0.9753086419753086
Drug_100002803,Drug_100065014,0.9753086419753086
Drug_100002803,Drug_100068613,0.9753086419753086
Drug_100002803,Drug_100104865,0.9753086419753086
Drug_100002803,Drug_100216237,0.9753086419753086
Drug_100002803,Drug_106433117,0.9753086419753086
Drug_111020241,Drug_3672,0.5
Drug_111020241,Drug_4495,0.5
Drug_111020241,Drug_446284,0.4444444444444444
Drug_111020241,Drug_100001046,0.5714285714285714
Drug_111020241,Drug_100003209,0.4444444444444444
Drug_111020241,Drug_100003394,0.47058823529411764
Drug_111020241,Drug_100004051,0.5714285714285714
Drug_100004747,Drug_2215,0.9294117647058824
Drug_100004747,Drug_2476,0.9294117647058824
Drug_100004747,Drug_2541,0.9239766081871345
Drug_100004747,Drug_2771,0.8061224489795918
Drug_100004747,Drug_2783,0.9239766081871345
Drug_100004747,Drug_2818,0.7247706422018348
Drug_100004747,Drug_3151,0.9080459770114943
Drug_100004747,Drug_3158,0.8102564102564103
Drug_100004747,Drug_3340,0.9294117647058824
Drug_100004747,Drug_3343,0.9239766081871345
Drug_100004747,Drug_3372,0.8977272727272727
Drug_100004747,Drug_3386,0.8020304568527918
Drug_100004747,Drug_3559,0.8144329896907216
Drug_100004747,Drug_3715,0.7745098039215687
Drug_100004747,Drug_3779,0.9186046511627907
Drug_100004747,Drug_3827,0.8977272727272727
Drug_100004747,Drug_3961,0.9080459770114943
Drug_100004747,Drug_4095,0.8186528497409327
Drug_100004747,Drug_4747,1.0
Drug_100004747,Drug_4768,0.9132947976878613
Drug_100004747,Drug_5002,0.7860696517412935
Drug_100004747,Drug_5073,0.8633879781420765
Drug_100004747,Drug_5090,0.88268156424581
Drug_100004747,Drug_5357,0.9294117647058824
Drug_100004747,Drug_5656,0.8315789473684211
Drug_100004747,Drug_5709,0.9294117647058824
Drug_100004747,Drug_5775,0.9239766081871345
Drug_100004747,Drug_6005,0.9294117647058824
Drug_100004747,Drug_8230,0.9294117647058824
Drug_100004747,Drug_23897,0.9239766081871345
Drug_100004747,Drug_28864,0.9186046511627907
Drug_100004747,Drug_59226,0.9294117647058824
Drug_100004747,Drug_60795,0.8359788359788359
Drug_100004747,Drug_60853,0.8020304568527918
Drug_100004747,Drug_77998,0.7632850241545893
Drug_100004747,Drug_115237,0.9132947976878613
Drug_100004747,Drug_129211,0.9294117647058824
Drug_100004747,Drug_216237,0.9294117647058824
Drug_100004747,Drug_638678,0.9294117647058824
Drug_100004747,Drug_5280360,0.9294117647058824
Drug_100004747,Drug_5284604,0.9294117647058824
Drug_100004747,Drug_5311068,0.9294117647058824
Drug_100004747,Drug_5359272,0.9294117647058824
Drug_100004747,Drug_9833444,0.9294117647058824
Drug_100004747,Drug_24965990,0.9294117647058824
Drug_100004747,Drug_100000158,0.9239766081871345
Drug_100004747,Drug_100000681,0.7860696517412935
Drug_100004747,Drug_100000774,0.5939849624060151
Drug_100004747,Drug_100002215,0.9186046511627907
Drug_100004747,Drug_100002369,0.9294117647058824
Drug_100004747,Drug_100002540,0.9186046511627907
Drug_100004747,Drug_100002585,0.9028571428571428
Drug_100004747,Drug_100002726,0.797979797979798
Drug_100004747,Drug_100002764,0.9239766081871345
Drug_100004747,Drug_100002781,0.88268156424581
Drug_100004747,Drug_100002995,0.797979797979798
Drug_100004747,Drug_100003007,0.8315789473684211
Drug_100004747,Drug_100003066,0.9239766081871345
Drug_100004747,Drug_100003157,0.9186046511627907
Drug_100004747,Drug_100003251,0.9132947976878613
Drug_100004747,Drug_100003345,0.9186046511627907
Drug_100004747,Drug_100003696,0.7860696517412935
Drug_100004747,Drug_100003827,0.8977272727272727
Drug_100004747,Drug_100003916,0.9239766081871345
Drug_100004747,Drug_100003954,0.9132947976878613
Drug_100004747,Drug_100004140,0.9239766081871345
Drug_100004747,Drug_100004635,0.9294117647058824
Drug_100004747,Drug_100004736,0.8729281767955801
Drug_100004747,Drug_100004893,0.9028571428571428
Drug_100004747,Drug_100005401,0.9239766081871345
Drug_100004747,Drug_100005524,0.8359788359788359
Drug_100004747,Drug_100005771,0.9294117647058824
Drug_100004747,Drug_100010100,0.9181286549707602
Drug_100004747,Drug_100012453,0.9294117647058824
Drug_100004747,Drug_100041693,0.9239766081871345
Drug_100004747,Drug_100054313,0.9186046511627907
Drug_100004747,Drug_100054373,0.9294117647058824
Drug_100004747,Drug_100060146,0.9294117647058824
Drug_100004747,Drug_100060612,0.9294117647058824
Drug_100004747,Drug_100065014,0.9294117647058824
Drug_100004747,Drug_100068613,0.9294117647058824
Drug_100004747,Drug_100104865,0.9294117647058824
Drug_100004747,Drug_100216237,0.9294117647058824
Drug_100004747,Drug_106433117,0.9294117647058824
Drug_100060726,Drug_84003,0.6666666666666666
Drug_100060726,Drug_100005359,0.5
Drug_100003750,Drug_60837,1.0
Drug_100003394,Drug_3672,0.6153846153846154
Drug_100003394,Drug_4495,0.9090909090909091
Drug_100003394,Drug_446284,0.5333333333333333
Drug_100003394,Drug_100001046,0.7272727272727273
Drug_100003394,Drug_100003209,0.5333333333333333
Drug_100003394,Drug_100004051,0.7272727272727273
Drug_3715,Drug_2215,0.8229166666666666
Drug_3715,Drug_2476,0.8229166666666666
Drug_3715,Drug_2541,0.8186528497409327
Drug_3715,Drug_2771,0.7247706422018348
Drug_3715,Drug_2783,0.8186528497409327
Drug_3715,Drug_2818,0.6583333333333333
Drug_3715,Drug_3151,0.8061224489795918
Drug_3715,Drug_3158,0.728110599078341
Drug_3715,Drug_3340,0.8229166666666666
Drug_3715,Drug_3343,0.8186528497409327
Drug_3715,Drug_3372,0.797979797979798
Drug_3715,Drug_3386,0.7214611872146118
Drug_3715,Drug_3559,0.7314814814814815
Drug_3715,Drug_3779,0.8333333333333334
Drug_3715,Drug_3827,0.797979797979798
Drug_3715,Drug_3961,0.8061224489795918
Drug_3715,Drug_4095,0.7348837209302326
Drug_3715,Drug_4747,0.7745098039215687
Drug_3715,Drug_4768,0.8102564102564103
Drug_3715,Drug_5002,0.7085201793721974
Drug_3715,Drug_5073,0.7707317073170732
Drug_3715,Drug_5090,0.8697916666666666
Drug_3715,Drug_5357,0.8229166666666666
Drug_3715,Drug_5656,0.7452830188679245
Drug_3715,Drug_5709,0.8229166666666666
Drug_3715,Drug_5775,0.8186528497409327
Drug_3715,Drug_6005,0.8229166666666666
Drug_3715,Drug_8230,0.8229166666666666
Drug_3715,Drug_23897,0.8186528497409327
Drug_3715,Drug_28864,0.8144329896907216
Drug_3715,Drug_59226,0.8229166666666666
Drug_3715,Drug_60795,0.7488151658767772
Drug_3715,Drug_60853,0.7214611872146118
Drug_3715,Drug_77998,0.7048458149779736
Drug_3715,Drug_115237,0.8102564102564103
Drug_3715,Drug_129211,0.8229166666666666
Drug_3715,Drug_216237,0.8229166666666666
Drug_3715,Drug_638678,0.8229166666666666
Drug_3715,Drug_5280360,0.8229166666666666
Drug_3715,Drug_5284604,0.8229166666666666
Drug_3715,Drug_5311068,0.8229166666666666
Drug_3715,Drug_5359272,0.8229166666666666
Drug_3715,Drug_9833444,0.8229166666666666
Drug_3715,Drug_24965990,0.8229166666666666
Drug_3715,Drug_100000158,0.828125
Drug_3715,Drug_100000681,0.7085201793721974
Drug_3715,Drug_100000774,0.5486111111111112
Drug_3715,Drug_100002215,0.8144329896907216
Drug_3715,Drug_100002369,0.8229166666666666
Drug_3715,Drug_100002540,0.8144329896907216
Drug_3715,Drug_100002585,0.8020304568527918
Drug_3715,Drug_100002726,0.7181818181818181
Drug_3715,Drug_100002764,0.8186528497409327
Drug_3715,Drug_100002781,0.7860696517412935
Drug_3715,Drug_100002995,0.7181818181818181
Drug_3715,Drug_100003007,0.7452830188679245
Drug_3715,Drug_100003066,0.8186528497409327
Drug_3715,Drug_100003157,0.8144329896907216
Drug_3715,Drug_100003251,0.8102564102564103
Drug_3715,Drug_100003345,0.8144329896907216
Drug_3715,Drug_100003696,0.7085201793721974
Drug_3715,Drug_100003827,0.797979797979798
Drug_3715,Drug_100003916,0.8186528497409327
Drug_3715,Drug_100003954,0.8102564102564103
Drug_3715,Drug_100004140,0.8186528497409327
Drug_3715,Drug_100004635,0.8229166666666666
Drug_3715,Drug_100004736,0.7783251231527094
Drug_3715,Drug_100004893,0.8020304568527918
Drug_3715,Drug_100005401,0.8186528497409327
Drug_3715,Drug_100005524,0.7488151658767772
Drug_3715,Drug_100005771,0.8229166666666666
Drug_3715,Drug_100010100,0.8134715025906736
Drug_3715,Drug_100012453,0.8229166666666666
Drug_3715,Drug_100041693,0.8186528497409327
Drug_3715,Drug_100054313,0.8144329896907216
Drug_3715,Drug_100054373,0.8229166666666666
Drug_3715,Drug_100060146,0.8229166666666666
Drug_3715,Drug_100060612,0.8229166666666666
Drug_3715,Drug_100065014,0.8229166666666666
Drug_3715,Drug_100068613,0.8229166666666666
Drug_3715,Drug_100104865,0.8229166666666666
Drug_3715,Drug_100216237,0.8229166666666666
Drug_3715,Drug_106433117,0.8229166666666666
Drug_100065014,Drug_2215,1.0
Drug_100065014,Drug_2476,1.0
Drug_100065014,Drug_2541,0.9937106918238994
Drug_100065014,Drug_2771,0.8586956521739131
Drug_100065014,Drug_2783,0.9937106918238994
Drug_100065014,Drug_2818,0.7669902912621359
Drug_100065014,Drug_3151,0.9753086419753086
Drug_100065014,Drug_3158,0.8633879781420765
Drug_100065014,Drug_3340,1.0
Drug_100065014,Drug_3343,0.9937106918238994
Drug_100065014,Drug_3372,0.9634146341463414
Drug_100065014,Drug_3386,0.8540540540540541
Drug_100065014,Drug_3559,0.8681318681318682
Drug_100065014,Drug_3779,0.9875
Drug_100065014,Drug_3827,0.9634146341463414
Drug_100065014,Drug_3961,0.9753086419753086
Drug_100065014,Drug_4095,0.8729281767955801
Drug_100065014,Drug_4747,0.9294117647058824
Drug_100065014,Drug_4768,0.9813664596273292
Drug_100065014,Drug_5002,0.8359788359788359
Drug_100065014,Drug_5073,0.9239766081871345
Drug_100065014,Drug_5090,0.9461077844311377
Drug_100065014,Drug_5357,1.0
Drug_100065014,Drug_5656,0.8876404494382022
Drug_100065014,Drug_5709,1.0
Drug_100065014,Drug_5775,0.9937106918238994
Drug_100065014,Drug_6005,1.0
Drug_100065014,Drug_8230,1.0
Drug_100065014,Drug_23897,0.9937106918238994
Drug_100065014,Drug_28864,0.9875
Drug_100065014,Drug_59226,1.0
Drug_100065014,Drug_60795,0.8926553672316384
Drug_100065014,Drug_60853,0.8540540540540541
Drug_100065014,Drug_77998,0.8102564102564103
Drug_100065014,Drug_115237,0.9813664596273292
Drug_100065014,Drug_129211,1.0
Drug_100065014,Drug_216237,1.0
Drug_100065014,Drug_638678,1.0
Drug_100065014,Drug_5280360,1.0
Drug_100065014,Drug_5284604,1.0
Drug_100065014,Drug_5311068,1.0
Drug_100065014,Drug_5359272,1.0
Drug_100065014,Drug_9833444,1.0
Drug_100065014,Drug_24965990,1.0
Drug_100065014,Drug_100000158,0.9937106918238994
Drug_100065014,Drug_100000681,0.8359788359788359
Drug_100065014,Drug_100000774,0.6220472440944882
Drug_100065014,Drug_100002215,0.9875
Drug_100065014,Drug_100002369,1.0
Drug_100065014,Drug_100002540,0.9875
Drug_100065014,Drug_100002585,0.9693251533742331
Drug_100065014,Drug_100002726,0.8494623655913979
Drug_100065014,Drug_100002764,0.9937106918238994
Drug_100065014,Drug_100002781,0.9461077844311377
Drug_100065014,Drug_100002995,0.8494623655913979
Drug_100065014,Drug_100003007,0.8876404494382022
Drug_100065014,Drug_100003066,0.9937106918238994
Drug_100065014,Drug_100003157,0.9875
Drug_100065014,Drug_100003251,0.9813664596273292
Drug_100065014,Drug_100003345,0.9875
Drug_100065014,Drug_100003696,0.8359788359788359
Drug_100065014,Drug_100003827,0.9634146341463414
Drug_100065014,Drug_100003916,0.9937106918238994
Drug_100065014,Drug_100003954,0.9813664596273292
Drug_100065014,Drug_100004140,0.9937106918238994
Drug_100065014,Drug_100004635,1.0
Drug_100065014,Drug_100004736,0.9349112426035503
Drug_100065014,Drug_100004893,0.9693251533742331
Drug_100065014,Drug_100005401,0.9937106918238994
Drug_100065014,Drug_100005524,0.8926553672316384
Drug_100065014,Drug_100005771,1.0
Drug_100065014,Drug_100010100,0.9874213836477987
Drug_100065014,Drug_100012453,1.0
Drug_100065014,Drug_100041693,0.9937106918238994
Drug_100065014,Drug_100054313,0.9875
Drug_100065014,Drug_100054373,1.0
Drug_100065014,Drug_100060146,1.0
Drug_100065014,Drug_100060612,1.0
Drug_100065014,Drug_100068613,1.0
Drug_100065014,Drug_100104865,1.0
Drug_100065014,Drug_100216237,1.0
Drug_100065014,Drug_106433117,1.0
Drug_146570,Drug_1615,0.6551724137931034
Drug_146570,Drug_65856,0.8333333333333334
Drug_146570,Drug_5324345,0.76
Drug_146570,Drug_100002826,0.46808510638297873
Drug_146570,Drug_100004158,0.7307692307692307
Drug_146570,Drug_100005466,0.8260869565217391
Drug_100003916,Drug_2215,0.9937106918238994
Drug_100003916,Drug_2476,0.9937106918238994
Drug_100003916,Drug_2541,0.9875
Drug_100003916,Drug_2771,0.8641304347826086
Drug_100003916,Drug_2783,0.9875
Drug_100003916,Drug_2818,0.7718446601941747
Drug_100003916,Drug_3151,0.9814814814814815
Drug_100003916,Drug_3158,0.8688524590163934
Drug_100003916,Drug_3340,0.9937106918238994
Drug_100003916,Drug_3343,0.9875
Drug_100003916,Drug_3372,0.9695121951219512
Drug_100003916,Drug_3386,0.8594594594594595
Drug_100003916,Drug_3559,0.8736263736263736
Drug_100003916,Drug_3779,0.9813664596273292
Drug_100003916,Drug_3827,0.9695121951219512
Drug_100003916,Drug_3961,0.9693251533742331
Drug_100003916,Drug_4095,0.8681318681318682
Drug_100003916,Drug_4747,0.9239766081871345
Drug_100003916,Drug_4768,0.9753086419753086
Drug_100003916,Drug_5002,0.8412698412698413
Drug_100003916,Drug_5073,0.9298245614035088
Drug_100003916,Drug_5090,0.9404761904761905
Drug_100003916,Drug_5357,0.9937106918238994
Drug_100003916,Drug_5656,0.88268156424581
Drug_100003916,Drug_5709,0.9937106918238994
Drug_100003916,Drug_5775,0.9875
Drug_100003916,Drug_6005,0.9937106918238994
Drug_100003916,Drug_8230,0.9937106918238994
Drug_100003916,Drug_23897,1.0
Drug_100003916,Drug_28864,0.99375
Drug_100003916,Drug_59226,0.9937106918238994
Drug_100003916,Drug_60795,0.8983050847457628
Drug_100003916,Drug_60853,0.8594594594594595
Drug_100003916,Drug_77998,0.8061224489795918
Drug_100003916,Drug_115237,0.9875776397515528
Drug_100003916,Drug_129211,0.9937106918238994
Drug_100003916,Drug_216237,0.9937106918238994
Drug_100003916,Drug_638678,0.9937106918238994
Drug_100003916,Drug_5280360,0.9937106918238994
Drug_100003916,Drug_5284604,0.9937106918238994
Drug_100003916,Drug_5311068,0.9937106918238994
Drug_100003916,Drug_5359272,0.9937106918238994
Drug_100003916,Drug_9833444,0.9937106918238994
Drug_100003916,Drug_24965990,0.9937106918238994
Drug_100003916,Drug_100000158,0.9875
Drug_100003916,Drug_100000681,0.8315789473684211
Drug_100003916,Drug_100000774,0.6259842519685039
Drug_100003916,Drug_100002215,0.9813664596273292
Drug_100003916,Drug_100002369,0.9937106918238994
Drug_100003916,Drug_100002540,0.9813664596273292
Drug_100003916,Drug_100002585,0.9634146341463414
Drug_100003916,Drug_100002726,0.8548387096774194
Drug_100003916,Drug_100002764,0.9875
Drug_100003916,Drug_100002781,0.9520958083832335
Drug_100003916,Drug_100002995,0.8548387096774194
Drug_100003916,Drug_100003007,0.88268156424581
Drug_100003916,Drug_100003066,0.9875
Drug_100003916,Drug_100003157,0.9813664596273292
Drug_100003916,Drug_100003251,0.9753086419753086
Drug_100003916,Drug_100003345,0.9813664596273292
Drug_100003916,Drug_100003696,0.8412698412698413
Drug_100003916,Drug_100003827,0.9695121951219512
Drug_100003916,Drug_100003954,0.9753086419753086
Drug_100003916,Drug_100004140,0.9875
Drug_100003916,Drug_100004635,0.9937106918238994
Drug_100003916,Drug_100004736,0.9294117647058824
Drug_100003916,Drug_100004893,0.9634146341463414
Drug_100003916,Drug_100005401,0.9875
Drug_100003916,Drug_100005524,0.8876404494382022
Drug_100003916,Drug_100005771,0.9937106918238994
Drug_100003916,Drug_100010100,0.98125
Drug_100003916,Drug_100012453,0.9937106918238994
Drug_100003916,Drug_100041693,0.9875
Drug_100003916,Drug_100054313,0.9813664596273292
Drug_100003916,Drug_100054373,0.9937106918238994
Drug_100003916,Drug_100060146,0.9937106918238994
Drug_100003916,Drug_100060612,0.9937106918238994
Drug_100003916,Drug_100068613,0.9937106918238994
Drug_100003916,Drug_100104865,0.9937106918238994
Drug_100003916,Drug_100216237,0.9937106918238994
Drug_100003916,Drug_106433117,0.9937106918238994
Drug_100003066,Drug_2215,0.9937106918238994
Drug_100003066,Drug_2476,0.9937106918238994
Drug_100003066,Drug_2541,0.9875
Drug_100003066,Drug_2771,0.8540540540540541
Drug_100003066,Drug_2783,0.9875
Drug_100003066,Drug_2818,0.7632850241545893
Drug_100003066,Drug_3151,0.9693251533742331
Drug_100003066,Drug_3158,0.8586956521739131
Drug_100003066,Drug_3340,0.9937106918238994
Drug_100003066,Drug_3343,0.9875
Drug_100003066,Drug_3372,0.9575757575757575
Drug_100003066,Drug_3386,0.8494623655913979
Drug_100003066,Drug_3559,0.8633879781420765
Drug_100003066,Drug_3779,0.9813664596273292
Drug_100003066,Drug_3827,0.9575757575757575
Drug_100003066,Drug_3961,0.9693251533742331
Drug_100003066,Drug_4095,0.8681318681318682
Drug_100003066,Drug_4747,0.9239766081871345
Drug_100003066,Drug_4768,0.9753086419753086
Drug_100003066,Drug_5002,0.8315789473684211
Drug_100003066,Drug_5073,0.9186046511627907
Drug_100003066,Drug_5090,0.9404761904761905
Drug_100003066,Drug_5357,0.9937106918238994
Drug_100003066,Drug_5656,0.88268156424581
Drug_100003066,Drug_5709,0.9937106918238994
Drug_100003066,Drug_5775,0.9875
Drug_100003066,Drug_6005,0.9937106918238994
Drug_100003066,Drug_8230,0.9937106918238994
Drug_100003066,Drug_23897,0.9875
Drug_100003066,Drug_28864,0.9813664596273292
Drug_100003066,Drug_59226,0.9937106918238994
Drug_100003066,Drug_60795,0.8876404494382022
Drug_100003066,Drug_60853,0.8494623655913979
Drug_100003066,Drug_77998,0.8061224489795918
Drug_100003066,Drug_115237,0.9753086419753086
Drug_100003066,Drug_129211,0.9937106918238994
Drug_100003066,Drug_216237,0.9937106918238994
Drug_100003066,Drug_638678,0.9937106918238994
Drug_100003066,Drug_5280360,0.9937106918238994
Drug_100003066,Drug_5284604,0.9937106918238994
Drug_100003066,Drug_5311068,0.9937106918238994
Drug_100003066,Drug_5359272,0.9937106918238994
Drug_100003066,Drug_9833444,0.9937106918238994
Drug_100003066,Drug_24965990,0.9937106918238994
Drug_100003066,Drug_100000158,0.9875
Drug_100003066,Drug_100000681,0.8315789473684211
Drug_100003066,Drug_100000774,0.6196078431372549
Drug_100003066,Drug_100002215,0.9813664596273292
Drug_100003066,Drug_100002369,0.9937106918238994
Drug_100003066,Drug_100002540,0.9813664596273292
Drug_100003066,Drug_100002585,0.9634146341463414
Drug_100003066,Drug_100002726,0.8449197860962567
Drug_100003066,Drug_100002764,0.9875
Drug_100003066,Drug_100002781,0.9404761904761905
Drug_100003066,Drug_100002995,0.8449197860962567
Drug_100003066,Drug_100003007,0.88268156424581
Drug_100003066,Drug_100003157,0.9813664596273292
Drug_100003066,Drug_100003251,0.9875776397515528
Drug_100003066,Drug_100003345,0.9813664596273292
Drug_100003066,Drug_100003696,0.8315789473684211
Drug_100003066,Drug_100003827,0.9575757575757575
Drug_100003066,Drug_100003954,0.9753086419753086
Drug_100003066,Drug_100004140,0.9875
Drug_100003066,Drug_100004635,0.9937106918238994
Drug_100003066,Drug_100004736,0.9294117647058824
Drug_100003066,Drug_100004893,0.9634146341463414
Drug_100003066,Drug_100005401,0.9875
Drug_100003066,Drug_100005524,0.8876404494382022
Drug_100003066,Drug_100005771,0.9937106918238994
Drug_100003066,Drug_100010100,0.98125
Drug_100003066,Drug_100012453,0.9937106918238994
Drug_100003066,Drug_100041693,0.9875
Drug_100003066,Drug_100054313,0.9813664596273292
Drug_100003066,Drug_100054373,0.9937106918238994
Drug_100003066,Drug_100060146,0.9937106918238994
Drug_100003066,Drug_100060612,0.9937106918238994
Drug_100003066,Drug_100068613,0.9937106918238994
Drug_100003066,Drug_100104865,0.9937106918238994
Drug_100003066,Drug_100216237,0.9937106918238994
Drug_100003066,Drug_106433117,0.9937106918238994
Drug_3343,Drug_2215,0.9937106918238994
Drug_3343,Drug_2476,0.9937106918238994
Drug_3343,Drug_2541,0.9875
Drug_3343,Drug_2771,0.8540540540540541
Drug_3343,Drug_2783,1.0
Drug_3343,Drug_2818,0.7632850241545893
Drug_3343,Drug_3151,0.9693251533742331
Drug_3343,Drug_3158,0.8586956521739131
Drug_3343,Drug_3340,0.9937106918238994
Drug_3343,Drug_3372,0.9575757575757575
Drug_3343,Drug_3386,0.8494623655913979
Drug_3343,Drug_3559,0.8633879781420765
Drug_3343,Drug_3779,0.9813664596273292
Drug_3343,Drug_3827,0.9575757575757575
Drug_3343,Drug_3961,0.9693251533742331
Drug_3343,Drug_4095,0.8681318681318682
Drug_3343,Drug_4747,0.9239766081871345
Drug_3343,Drug_4768,0.9753086419753086
Drug_3343,Drug_5002,0.8315789473684211
Drug_3343,Drug_5073,0.9186046511627907
Drug_3343,Drug_5090,0.9404761904761905
Drug_3343,Drug_5357,0.9937106918238994
Drug_3343,Drug_5656,0.88268156424581
Drug_3343,Drug_5709,0.9937106918238994
Drug_3343,Drug_5775,0.9875
Drug_3343,Drug_6005,0.9937106918238994
Drug_3343,Drug_8230,0.9937106918238994
Drug_3343,Drug_23897,0.9875
Drug_3343,Drug_28864,0.9813664596273292
Drug_3343,Drug_59226,0.9937106918238994
Drug_3343,Drug_60795,0.8876404494382022
Drug_3343,Drug_60853,0.8494623655913979
Drug_3343,Drug_77998,0.8061224489795918
Drug_3343,Drug_115237,0.9753086419753086
Drug_3343,Drug_129211,0.9937106918238994
Drug_3343,Drug_216237,0.9937106918238994
Drug_3343,Drug_638678,0.9937106918238994
Drug_3343,Drug_5280360,0.9937106918238994
Drug_3343,Drug_5284604,0.9937106918238994
Drug_3343,Drug_5311068,0.9937106918238994
Drug_3343,Drug_5359272,0.9937106918238994
Drug_3343,Drug_9833444,0.9937106918238994
Drug_3343,Drug_24965990,0.9937106918238994
Drug_3343,Drug_100000158,0.9875
Drug_3343,Drug_100000681,0.8315789473684211
Drug_3343,Drug_100000774,0.6196078431372549
Drug_3343,Drug_100002215,0.9813664596273292
Drug_3343,Drug_100002369,0.9937106918238994
Drug_3343,Drug_100002540,0.9813664596273292
Drug_3343,Drug_100002585,0.9634146341463414
Drug_3343,Drug_100002726,0.8449197860962567
Drug_3343,Drug_100002764,0.9875
Drug_3343,Drug_100002781,0.9404761904761905
Drug_3343,Drug_100002995,0.8449197860962567
Drug_3343,Drug_100003007,0.88268156424581
Drug_3343,Drug_100003157,0.9813664596273292
Drug_3343,Drug_100003251,0.9753086419753086
Drug_3343,Drug_100003345,0.9813664596273292
Drug_3343,Drug_100003696,0.8315789473684211
Drug_3343,Drug_100003827,0.9575757575757575
Drug_3343,Drug_100003954,0.9753086419753086
Drug_3343,Drug_100004140,0.9875
Drug_3343,Drug_100004635,0.9937106918238994
Drug_3343,Drug_100004736,0.9294117647058824
Drug_3343,Drug_100004893,0.9634146341463414
Drug_3343,Drug_100005401,0.9875
Drug_3343,Drug_100005524,0.8876404494382022
Drug_3343,Drug_100005771,0.9937106918238994
Drug_3343,Drug_100010100,0.98125
Drug_3343,Drug_100012453,0.9937106918238994
Drug_3343,Drug_100041693,0.9875
Drug_3343,Drug_100054313,0.9813664596273292
Drug_3343,Drug_100054373,0.9937106918238994
Drug_3343,Drug_100060146,0.9937106918238994
Drug_3343,Drug_100060612,0.9937106918238994
Drug_3343,Drug_100068613,0.9937106918238994
Drug_3343,Drug_100104865,0.9937106918238994
Drug_3343,Drug_100216237,0.9937106918238994
Drug_3343,Drug_106433117,0.9937106918238994
Drug_100000187,Drug_100002551,0.6078431372549019
Drug_82146,Drug_5591,0.7954545454545454
Drug_82146,Drug_5832,0.9722222222222222
Drug_82146,Drug_5920,0.9210526315789473
Drug_82146,Drug_5995,0.9722222222222222
Drug_82146,Drug_6010,1.0
Drug_82146,Drug_9642,1.0
Drug_82146,Drug_21800,1.0
Drug_82146,Drug_444008,0.9722222222222222
Drug_82146,Drug_449171,1.0
Drug_82146,Drug_5281034,1.0
Drug_82146,Drug_100002375,0.9459459459459459
Drug_82146,Drug_100002462,0.9722222222222222
Drug_82146,Drug_100002791,1.0
Drug_82146,Drug_100002949,0.9722222222222222
Drug_82146,Drug_100003056,1.0
Drug_82146,Drug_100003382,1.0
Drug_82146,Drug_100003384,1.0
Drug_82146,Drug_100003399,1.0
Drug_82146,Drug_100004042,0.9722222222222222
Drug_82146,Drug_100004160,1.0
Drug_82146,Drug_100005035,0.5932203389830508
Drug_82146,Drug_100005267,0.9722222222222222
Drug_82146,Drug_100005410,0.9722222222222222
Drug_82146,Drug_100005470,0.9722222222222222
Drug_82146,Drug_100005645,0.9210526315789473
Drug_82146,Drug_100009904,1.0
Drug_100001775,Drug_1775,1.0
Drug_3100,Drug_2370,0.5
Drug_3100,Drug_3947,0.5
Drug_3100,Drug_4034,0.5
Drug_3100,Drug_5909,0.42857142857142855
Drug_3100,Drug_124087,0.5
Drug_3100,Drug_154417,0.5
Drug_3100,Drug_100002370,0.5
Drug_3100,Drug_100004120,0.4166666666666667
Drug_3100,Drug_100004992,0.4230769230769231
Drug_100002732,Drug_4100,1.0
Drug_100002732,Drug_5560,0.5625
Drug_100002732,Drug_119607,0.8421052631578947
Drug_100002732,Drug_5284627,1.0
Drug_100002732,Drug_100002662,0.5161290322580645
Drug_100002732,Drug_100003440,0.6470588235294118
Drug_100003382,Drug_5591,0.7954545454545454
Drug_100003382,Drug_5832,0.9722222222222222
Drug_100003382,Drug_5920,0.9210526315789473
Drug_100003382,Drug_5995,0.9722222222222222
Drug_100003382,Drug_6010,1.0
Drug_100003382,Drug_9642,1.0
Drug_100003382,Drug_21800,1.0
Drug_100003382,Drug_444008,0.9722222222222222
Drug_100003382,Drug_449171,1.0
Drug_100003382,Drug_5281034,1.0
Drug_100003382,Drug_100002375,0.9459459459459459
Drug_100003382,Drug_100002462,0.9722222222222222
Drug_100003382,Drug_100002791,1.0
Drug_100003382,Drug_100002949,0.9722222222222222
Drug_100003382,Drug_100003056,1.0
Drug_100003382,Drug_100003384,1.0
Drug_100003382,Drug_100003399,1.0
Drug_100003382,Drug_100004042,0.9722222222222222
Drug_100003382,Drug_100004160,1.0
Drug_100003382,Drug_100005035,0.5932203389830508
Drug_100003382,Drug_100005267,0.9722222222222222
Drug_100003382,Drug_100005410,0.9722222222222222
Drug_100003382,Drug_100005470,0.9722222222222222
Drug_100003382,Drug_100005645,0.9210526315789473
Drug_100003382,Drug_100009904,1.0
Drug_100004051,Drug_3672,0.8
Drug_100004051,Drug_4495,0.8
Drug_100004051,Drug_446284,0.6666666666666666
Drug_100004051,Drug_100001046,1.0
Drug_100004051,Drug_100003209,0.6666666666666666
Drug_100000948,Drug_948,1.0
Drug_5462501,Drug_5362118,1.0
Drug_5462501,Drug_5362123,1.0
Drug_5462501,Drug_5362129,1.0
Drug_5462501,Drug_5388961,1.0
Drug_5462501,Drug_5463984,1.0
Drug_5462501,Drug_100003222,1.0
Drug_5462501,Drug_100128549,1.0
Drug_2370,Drug_3947,0.4
Drug_2370,Drug_4034,1.0
Drug_2370,Drug_5909,0.75
Drug_2370,Drug_124087,0.4
Drug_2370,Drug_154417,1.0
Drug_2370,Drug_100002370,1.0
Drug_2370,Drug_100004120,0.8333333333333334
Drug_5591,Drug_5832,0.7777777777777778
Drug_5591,Drug_5920,0.7446808510638298
Drug_5591,Drug_5995,0.7777777777777778
Drug_5591,Drug_6010,0.7954545454545454
Drug_5591,Drug_9642,0.7954545454545454
Drug_5591,Drug_21800,0.7954545454545454
Drug_5591,Drug_444008,0.7777777777777778
Drug_5591,Drug_449171,0.7954545454545454
Drug_5591,Drug_5281034,0.7954545454545454
Drug_5591,Drug_100002375,0.7608695652173914
Drug_5591,Drug_100002462,0.7777777777777778
Drug_5591,Drug_100002791,0.7954545454545454
Drug_5591,Drug_100002949,0.8181818181818182
Drug_5591,Drug_100003056,0.7954545454545454
Drug_5591,Drug_100003384,0.7954545454545454
Drug_5591,Drug_100003399,0.7954545454545454
Drug_5591,Drug_100004042,0.7777777777777778
Drug_5591,Drug_100004160,0.7954545454545454
Drug_5591,Drug_100005035,0.5606060606060606
Drug_5591,Drug_100005267,0.7777777777777778
Drug_5591,Drug_100005410,0.7777777777777778
Drug_5591,Drug_100005470,0.7777777777777778
Drug_5591,Drug_100005645,0.7446808510638298
Drug_5591,Drug_100009904,0.7954545454545454
Drug_4747,Drug_2215,0.9294117647058824
Drug_4747,Drug_2476,0.9294117647058824
Drug_4747,Drug_2541,0.9239766081871345
Drug_4747,Drug_2771,0.8061224489795918
Drug_4747,Drug_2783,0.9239766081871345
Drug_4747,Drug_2818,0.7247706422018348
Drug_4747,Drug_3151,0.9080459770114943
Drug_4747,Drug_3158,0.8102564102564103
Drug_4747,Drug_3340,0.9294117647058824
Drug_4747,Drug_3372,0.8977272727272727
Drug_4747,Drug_3386,0.8020304568527918
Drug_4747,Drug_3559,0.8144329896907216
Drug_4747,Drug_3779,0.9186046511627907
Drug_4747,Drug_3827,0.8977272727272727
Drug_4747,Drug_3961,0.9080459770114943
Drug_4747,Drug_4095,0.8186528497409327
Drug_4747,Drug_4768,0.9132947976878613
Drug_4747,Drug_5002,0.7860696517412935
Drug_4747,Drug_5073,0.8633879781420765
Drug_4747,Drug_5090,0.88268156424581
Drug_4747,Drug_5357,0.9294117647058824
Drug_4747,Drug_5656,0.8315789473684211
Drug_4747,Drug_5709,0.9294117647058824
Drug_4747,Drug_5775,0.9239766081871345
Drug_4747,Drug_6005,0.9294117647058824
Drug_4747,Drug_8230,0.9294117647058824
Drug_4747,Drug_23897,0.9239766081871345
Drug_4747,Drug_28864,0.9186046511627907
Drug_4747,Drug_59226,0.9294117647058824
Drug_4747,Drug_60795,0.8359788359788359
Drug_4747,Drug_60853,0.8020304568527918
Drug_4747,Drug_77998,0.7632850241545893
Drug_4747,Drug_115237,0.9132947976878613
Drug_4747,Drug_129211,0.9294117647058824
Drug_4747,Drug_216237,0.9294117647058824
Drug_4747,Drug_638678,0.9294117647058824
Drug_4747,Drug_5280360,0.9294117647058824
Drug_4747,Drug_5284604,0.9294117647058824
Drug_4747,Drug_5311068,0.9294117647058824
Drug_4747,Drug_5359272,0.9294117647058824
Drug_4747,Drug_9833444,0.9294117647058824
Drug_4747,Drug_24965990,0.9294117647058824
Drug_4747,Drug_100000158,0.9239766081871345
Drug_4747,Drug_100000681,0.7860696517412935
Drug_4747,Drug_100000774,0.5939849624060151
Drug_4747,Drug_100002215,0.9186046511627907
Drug_4747,Drug_100002369,0.9294117647058824
Drug_4747,Drug_100002540,0.9186046511627907
Drug_4747,Drug_100002585,0.9028571428571428
Drug_4747,Drug_100002726,0.797979797979798
Drug_4747,Drug_100002764,0.9239766081871345
Drug_4747,Drug_100002781,0.88268156424581
Drug_4747,Drug_100002995,0.797979797979798
Drug_4747,Drug_100003007,0.8315789473684211
Drug_4747,Drug_100003157,0.9186046511627907
Drug_4747,Drug_100003251,0.9132947976878613
Drug_4747,Drug_100003345,0.9186046511627907
Drug_4747,Drug_100003696,0.7860696517412935
Drug_4747,Drug_100003827,0.8977272727272727
Drug_4747,Drug_100003954,0.9132947976878613
Drug_4747,Drug_100004140,0.9239766081871345
Drug_4747,Drug_100004635,0.9294117647058824
Drug_4747,Drug_100004736,0.8729281767955801
Drug_4747,Drug_100004893,0.9028571428571428
Drug_4747,Drug_100005401,0.9239766081871345
Drug_4747,Drug_100005524,0.8359788359788359
Drug_4747,Drug_100005771,0.9294117647058824
Drug_4747,Drug_100010100,0.9181286549707602
Drug_4747,Drug_100012453,0.9294117647058824
Drug_4747,Drug_100041693,0.9239766081871345
Drug_4747,Drug_100054313,0.9186046511627907
Drug_4747,Drug_100054373,0.9294117647058824
Drug_4747,Drug_100060146,0.9294117647058824
Drug_4747,Drug_100060612,0.9294117647058824
Drug_4747,Drug_100068613,0.9294117647058824
Drug_4747,Drug_100104865,0.9294117647058824
Drug_4747,Drug_100216237,0.9294117647058824
Drug_4747,Drug_106433117,0.9294117647058824
Drug_100104865,Drug_2215,1.0
Drug_100104865,Drug_2476,1.0
Drug_100104865,Drug_2541,0.9937106918238994
Drug_100104865,Drug_2771,0.8586956521739131
Drug_100104865,Drug_2783,0.9937106918238994
Drug_100104865,Drug_2818,0.7669902912621359
Drug_100104865,Drug_3151,0.9753086419753086
Drug_100104865,Drug_3158,0.8633879781420765
Drug_100104865,Drug_3340,1.0
Drug_100104865,Drug_3372,0.9634146341463414
Drug_100104865,Drug_3386,0.8540540540540541
Drug_100104865,Drug_3559,0.8681318681318682
Drug_100104865,Drug_3779,0.9875
Drug_100104865,Drug_3827,0.9634146341463414
Drug_100104865,Drug_3961,0.9753086419753086
Drug_100104865,Drug_4095,0.8729281767955801
Drug_100104865,Drug_4768,0.9813664596273292
Drug_100104865,Drug_5002,0.8359788359788359
Drug_100104865,Drug_5073,0.9239766081871345
Drug_100104865,Drug_5090,0.9461077844311377
Drug_100104865,Drug_5357,1.0
Drug_100104865,Drug_5656,0.8876404494382022
Drug_100104865,Drug_5709,1.0
Drug_100104865,Drug_5775,0.9937106918238994
Drug_100104865,Drug_6005,1.0
Drug_100104865,Drug_8230,1.0
Drug_100104865,Drug_23897,0.9937106918238994
Drug_100104865,Drug_28864,0.9875
Drug_100104865,Drug_59226,1.0
Drug_100104865,Drug_60795,0.8926553672316384
Drug_100104865,Drug_60853,0.8540540540540541
Drug_100104865,Drug_77998,0.8102564102564103
Drug_100104865,Drug_115237,0.9813664596273292
Drug_100104865,Drug_129211,1.0
Drug_100104865,Drug_216237,1.0
Drug_100104865,Drug_638678,1.0
Drug_100104865,Drug_5280360,1.0
Drug_100104865,Drug_5284604,1.0
Drug_100104865,Drug_5311068,1.0
Drug_100104865,Drug_5359272,1.0
Drug_100104865,Drug_9833444,1.0
Drug_100104865,Drug_24965990,1.0
Drug_100104865,Drug_100000158,0.9937106918238994
Drug_100104865,Drug_100000681,0.8359788359788359
Drug_100104865,Drug_100000774,0.6220472440944882
Drug_100104865,Drug_100002215,0.9875
Drug_100104865,Drug_100002369,1.0
Drug_100104865,Drug_100002540,0.9875
Drug_100104865,Drug_100002585,0.9693251533742331
Drug_100104865,Drug_100002726,0.8494623655913979
Drug_100104865,Drug_100002764,0.9937106918238994
Drug_100104865,Drug_100002781,0.9461077844311377
Drug_100104865,Drug_100002995,0.8494623655913979
Drug_100104865,Drug_100003007,0.8876404494382022
Drug_100104865,Drug_100003157,0.9875
Drug_100104865,Drug_100003251,0.9813664596273292
Drug_100104865,Drug_100003345,0.9875
Drug_100104865,Drug_100003696,0.8359788359788359
Drug_100104865,Drug_100003827,0.9634146341463414
Drug_100104865,Drug_100003954,0.9813664596273292
Drug_100104865,Drug_100004140,0.9937106918238994
Drug_100104865,Drug_100004635,1.0
Drug_100104865,Drug_100004736,0.9349112426035503
Drug_100104865,Drug_100004893,0.9693251533742331
Drug_100104865,Drug_100005401,0.9937106918238994
Drug_100104865,Drug_100005524,0.8926553672316384
Drug_100104865,Drug_100005771,1.0
Drug_100104865,Drug_100010100,0.9874213836477987
Drug_100104865,Drug_100012453,1.0
Drug_100104865,Drug_100041693,0.9937106918238994
Drug_100104865,Drug_100054313,0.9875
Drug_100104865,Drug_100054373,1.0
Drug_100104865,Drug_100060146,1.0
Drug_100104865,Drug_100060612,1.0
Drug_100104865,Drug_100068613,1.0
Drug_100104865,Drug_100216237,1.0
Drug_100104865,Drug_106433117,1.0
Drug_9833444,Drug_2215,1.0
Drug_9833444,Drug_2476,1.0
Drug_9833444,Drug_2541,0.9937106918238994
Drug_9833444,Drug_2771,0.8586956521739131
Drug_9833444,Drug_2783,0.9937106918238994
Drug_9833444,Drug_2818,0.7669902912621359
Drug_9833444,Drug_3151,0.9753086419753086
Drug_9833444,Drug_3158,0.8633879781420765
Drug_9833444,Drug_3340,1.0
Drug_9833444,Drug_3372,0.9634146341463414
Drug_9833444,Drug_3386,0.8540540540540541
Drug_9833444,Drug_3559,0.8681318681318682
Drug_9833444,Drug_3779,0.9875
Drug_9833444,Drug_3827,0.9634146341463414
Drug_9833444,Drug_3961,0.9753086419753086
Drug_9833444,Drug_4095,0.8729281767955801
Drug_9833444,Drug_4768,0.9813664596273292
Drug_9833444,Drug_5002,0.8359788359788359
Drug_9833444,Drug_5073,0.9239766081871345
Drug_9833444,Drug_5090,0.9461077844311377
Drug_9833444,Drug_5357,1.0
Drug_9833444,Drug_5656,0.8876404494382022
Drug_9833444,Drug_5709,1.0
Drug_9833444,Drug_5775,0.9937106918238994
Drug_9833444,Drug_6005,1.0
Drug_9833444,Drug_8230,1.0
Drug_9833444,Drug_23897,0.9937106918238994
Drug_9833444,Drug_28864,0.9875
Drug_9833444,Drug_59226,1.0
Drug_9833444,Drug_60795,0.8926553672316384
Drug_9833444,Drug_60853,0.8540540540540541
Drug_9833444,Drug_77998,0.8102564102564103
Drug_9833444,Drug_115237,0.9813664596273292
Drug_9833444,Drug_129211,1.0
Drug_9833444,Drug_216237,1.0
Drug_9833444,Drug_638678,1.0
Drug_9833444,Drug_5280360,1.0
Drug_9833444,Drug_5284604,1.0
Drug_9833444,Drug_5311068,1.0
Drug_9833444,Drug_5359272,1.0
Drug_9833444,Drug_24965990,1.0
Drug_9833444,Drug_100000158,0.9937106918238994
Drug_9833444,Drug_100000681,0.8359788359788359
Drug_9833444,Drug_100000774,0.6220472440944882
Drug_9833444,Drug_100002215,0.9875
Drug_9833444,Drug_100002369,1.0
Drug_9833444,Drug_100002540,0.9875
Drug_9833444,Drug_100002585,0.9693251533742331
Drug_9833444,Drug_100002726,0.8494623655913979
Drug_9833444,Drug_100002764,0.9937106918238994
Drug_9833444,Drug_100002781,0.9461077844311377
Drug_9833444,Drug_100002995,0.8494623655913979
Drug_9833444,Drug_100003007,0.8876404494382022
Drug_9833444,Drug_100003157,0.9875
Drug_9833444,Drug_100003251,0.9813664596273292
Drug_9833444,Drug_100003345,0.9875
Drug_9833444,Drug_100003696,0.8359788359788359
Drug_9833444,Drug_100003827,0.9634146341463414
Drug_9833444,Drug_100003954,0.9813664596273292
Drug_9833444,Drug_100004140,0.9937106918238994
Drug_9833444,Drug_100004635,1.0
Drug_9833444,Drug_100004736,0.9349112426035503
Drug_9833444,Drug_100004893,0.9693251533742331
Drug_9833444,Drug_100005401,0.9937106918238994
Drug_9833444,Drug_100005524,0.8926553672316384
Drug_9833444,Drug_100005771,1.0
Drug_9833444,Drug_100010100,0.9874213836477987
Drug_9833444,Drug_100012453,1.0
Drug_9833444,Drug_100041693,0.9937106918238994
Drug_9833444,Drug_100054313,0.9875
Drug_9833444,Drug_100054373,1.0
Drug_9833444,Drug_100060146,1.0
Drug_9833444,Drug_100060612,1.0
Drug_9833444,Drug_100068613,1.0
Drug_9833444,Drug_100216237,1.0
Drug_9833444,Drug_106433117,1.0
Drug_3779,Drug_2215,0.9875
Drug_3779,Drug_2476,0.9875
Drug_3779,Drug_2541,0.9813664596273292
Drug_3779,Drug_2771,0.8494623655913979
Drug_3779,Drug_2783,0.9813664596273292
Drug_3779,Drug_2818,0.7596153846153846
Drug_3779,Drug_3151,0.9634146341463414
Drug_3779,Drug_3158,0.8540540540540541
Drug_3779,Drug_3340,0.9875
Drug_3779,Drug_3372,0.9518072289156626
Drug_3779,Drug_3386,0.8449197860962567
Drug_3779,Drug_3559,0.8586956521739131
Drug_3779,Drug_3827,0.9518072289156626
Drug_3779,Drug_3961,0.9634146341463414
Drug_3779,Drug_4095,0.8633879781420765
Drug_3779,Drug_4768,0.9693251533742331
Drug_3779,Drug_5002,0.8272251308900523
Drug_3779,Drug_5073,0.9132947976878613
Drug_3779,Drug_5090,0.9349112426035503
Drug_3779,Drug_5357,0.9875
Drug_3779,Drug_5656,0.8777777777777778
Drug_3779,Drug_5709,0.9875
Drug_3779,Drug_5775,0.9813664596273292
Drug_3779,Drug_6005,0.9875
Drug_3779,Drug_8230,0.9875
Drug_3779,Drug_23897,0.9813664596273292
Drug_3779,Drug_28864,0.9753086419753086
Drug_3779,Drug_59226,0.9875
Drug_3779,Drug_60795,0.88268156424581
Drug_3779,Drug_60853,0.8449197860962567
Drug_3779,Drug_77998,0.8020304568527918
Drug_3779,Drug_115237,0.9693251533742331
Drug_3779,Drug_129211,0.9875
Drug_3779,Drug_216237,0.9875
Drug_3779,Drug_638678,0.9875
Drug_3779,Drug_5280360,0.9875
Drug_3779,Drug_5284604,0.9875
Drug_3779,Drug_5311068,0.9875
Drug_3779,Drug_5359272,0.9875
Drug_3779,Drug_24965990,0.9875
Drug_3779,Drug_100000158,0.9813664596273292
Drug_3779,Drug_100000681,0.8272251308900523
Drug_3779,Drug_100000774,0.6171875
Drug_3779,Drug_100002215,0.9753086419753086
Drug_3779,Drug_100002369,0.9875
Drug_3779,Drug_100002540,0.9753086419753086
Drug_3779,Drug_100002585,0.9575757575757575
Drug_3779,Drug_100002726,0.8404255319148937
Drug_3779,Drug_100002764,0.9813664596273292
Drug_3779,Drug_100002781,0.9349112426035503
Drug_3779,Drug_100002995,0.8404255319148937
Drug_3779,Drug_100003007,0.8777777777777778
Drug_3779,Drug_100003157,0.9753086419753086
Drug_3779,Drug_100003251,0.9693251533742331
Drug_3779,Drug_100003345,0.9753086419753086
Drug_3779,Drug_100003696,0.8272251308900523
Drug_3779,Drug_100003827,0.9518072289156626
Drug_3779,Drug_100003954,0.9693251533742331
Drug_3779,Drug_100004140,0.9813664596273292
Drug_3779,Drug_100004635,0.9875
Drug_3779,Drug_100004736,0.9239766081871345
Drug_3779,Drug_100004893,0.9575757575757575
Drug_3779,Drug_100005401,0.9813664596273292
Drug_3779,Drug_100005524,0.88268156424581
Drug_3779,Drug_100005771,0.9875
Drug_3779,Drug_100010100,0.9751552795031055
Drug_3779,Drug_100012453,0.9875
Drug_3779,Drug_100041693,0.9813664596273292
Drug_3779,Drug_100054313,0.9753086419753086
Drug_3779,Drug_100054373,0.9875
Drug_3779,Drug_100060146,0.9875
Drug_3779,Drug_100060612,0.9875
Drug_3779,Drug_100068613,0.9875
Drug_3779,Drug_100216237,0.9875
Drug_3779,Drug_106433117,0.9875
Drug_100000158,Drug_2215,0.9937106918238994
Drug_100000158,Drug_2476,0.9937106918238994
Drug_100000158,Drug_2541,0.9875
Drug_100000158,Drug_2771,0.8540540540540541
Drug_100000158,Drug_2783,0.9875
Drug_100000158,Drug_2818,0.7632850241545893
Drug_100000158,Drug_3151,0.9693251533742331
Drug_100000158,Drug_3158,0.8586956521739131
Drug_100000158,Drug_3340,0.9937106918238994
Drug_100000158,Drug_3372,0.9575757575757575
Drug_100000158,Drug_3386,0.8494623655913979
Drug_100000158,Drug_3559,0.8633879781420765
Drug_100000158,Drug_3827,0.9575757575757575
Drug_100000158,Drug_3961,0.9693251533742331
Drug_100000158,Drug_4095,0.8681318681318682
Drug_100000158,Drug_4768,0.9753086419753086
Drug_100000158,Drug_5002,0.8315789473684211
Drug_100000158,Drug_5073,0.9186046511627907
Drug_100000158,Drug_5090,0.9520958083832335
Drug_100000158,Drug_5357,0.9937106918238994
Drug_100000158,Drug_5656,0.88268156424581
Drug_100000158,Drug_5709,0.9937106918238994
Drug_100000158,Drug_5775,0.9875
Drug_100000158,Drug_6005,0.9937106918238994
Drug_100000158,Drug_8230,0.9937106918238994
Drug_100000158,Drug_23897,0.9875
Drug_100000158,Drug_28864,0.9813664596273292
Drug_100000158,Drug_59226,0.9937106918238994
Drug_100000158,Drug_60795,0.8876404494382022
Drug_100000158,Drug_60853,0.8494623655913979
Drug_100000158,Drug_77998,0.8061224489795918
Drug_100000158,Drug_115237,0.9753086419753086
Drug_100000158,Drug_129211,0.9937106918238994
Drug_100000158,Drug_216237,0.9937106918238994
Drug_100000158,Drug_638678,0.9937106918238994
Drug_100000158,Drug_5280360,0.9937106918238994
Drug_100000158,Drug_5284604,0.9937106918238994
Drug_100000158,Drug_5311068,0.9937106918238994
Drug_100000158,Drug_5359272,0.9937106918238994
Drug_100000158,Drug_24965990,0.9937106918238994
Drug_100000158,Drug_100000681,0.8315789473684211
Drug_100000158,Drug_100000774,0.6196078431372549
Drug_100000158,Drug_100002215,0.9813664596273292
Drug_100000158,Drug_100002369,0.9937106918238994
Drug_100000158,Drug_100002540,0.9813664596273292
Drug_100000158,Drug_100002585,0.9634146341463414
Drug_100000158,Drug_100002726,0.8449197860962567
Drug_100000158,Drug_100002764,0.9875
Drug_100000158,Drug_100002781,0.9404761904761905
Drug_100000158,Drug_100002995,0.8449197860962567
Drug_100000158,Drug_100003007,0.88268156424581
Drug_100000158,Drug_100003157,0.9813664596273292
Drug_100000158,Drug_100003251,0.9753086419753086
Drug_100000158,Drug_100003345,0.9813664596273292
Drug_100000158,Drug_100003696,0.8315789473684211
Drug_100000158,Drug_100003827,0.9575757575757575
Drug_100000158,Drug_100003954,0.9753086419753086
Drug_100000158,Drug_100004140,0.9875
Drug_100000158,Drug_100004635,0.9937106918238994
Drug_100000158,Drug_100004736,0.9294117647058824
Drug_100000158,Drug_100004893,0.9634146341463414
Drug_100000158,Drug_100005401,0.9875
Drug_100000158,Drug_100005524,0.8876404494382022
Drug_100000158,Drug_100005771,0.9937106918238994
Drug_100000158,Drug_100010100,0.98125
Drug_100000158,Drug_100012453,0.9937106918238994
Drug_100000158,Drug_100041693,0.9875
Drug_100000158,Drug_100054313,0.9813664596273292
Drug_100000158,Drug_100054373,0.9937106918238994
Drug_100000158,Drug_100060146,0.9937106918238994
Drug_100000158,Drug_100060612,0.9937106918238994
Drug_100000158,Drug_100068613,0.9937106918238994
Drug_100000158,Drug_100216237,0.9937106918238994
Drug_100000158,Drug_106433117,0.9937106918238994
Drug_100001046,Drug_3672,0.8
Drug_100001046,Drug_4495,0.8
Drug_100001046,Drug_446284,0.6666666666666666
Drug_100001046,Drug_100003209,0.6666666666666666
Drug_100121749,Drug_5582,1.0
Drug_100121749,Drug_100004993,0.42857142857142855
Drug_100121749,Drug_100005582,1.0
Drug_100121749,Drug_100060843,0.42857142857142855
Drug_100004211,Drug_5210,0.5
Drug_100004211,Drug_100004236,0.6666666666666666
Drug_5210,Drug_100004236,0.6666666666666666
Drug_2541,Drug_2215,0.9937106918238994
Drug_2541,Drug_2476,0.9937106918238994
Drug_2541,Drug_2771,0.8540540540540541
Drug_2541,Drug_2783,0.9875
Drug_2541,Drug_2818,0.7632850241545893
Drug_2541,Drug_3151,0.9693251533742331
Drug_2541,Drug_3158,0.8586956521739131
Drug_2541,Drug_3340,0.9937106918238994
Drug_2541,Drug_3372,0.9575757575757575
Drug_2541,Drug_3386,0.8494623655913979
Drug_2541,Drug_3559,0.8633879781420765
Drug_2541,Drug_3827,0.9575757575757575
Drug_2541,Drug_3961,0.9814814814814815
Drug_2541,Drug_4095,0.8681318681318682
Drug_2541,Drug_4768,0.9753086419753086
Drug_2541,Drug_5002,0.8315789473684211
Drug_2541,Drug_5073,0.9186046511627907
Drug_2541,Drug_5090,0.9404761904761905
Drug_2541,Drug_5357,0.9937106918238994
Drug_2541,Drug_5656,0.88268156424581
Drug_2541,Drug_5709,0.9937106918238994
Drug_2541,Drug_5775,0.9875
Drug_2541,Drug_6005,0.9937106918238994
Drug_2541,Drug_8230,0.9937106918238994
Drug_2541,Drug_23897,0.9875
Drug_2541,Drug_28864,0.9813664596273292
Drug_2541,Drug_59226,0.9937106918238994
Drug_2541,Drug_60795,0.8876404494382022
Drug_2541,Drug_60853,0.8494623655913979
Drug_2541,Drug_77998,0.8061224489795918
Drug_2541,Drug_115237,0.9753086419753086
Drug_2541,Drug_129211,0.9937106918238994
Drug_2541,Drug_216237,0.9937106918238994
Drug_2541,Drug_638678,0.9937106918238994
Drug_2541,Drug_5280360,0.9937106918238994
Drug_2541,Drug_5284604,0.9937106918238994
Drug_2541,Drug_5311068,0.9937106918238994
Drug_2541,Drug_5359272,0.9937106918238994
Drug_2541,Drug_24965990,0.9937106918238994
Drug_2541,Drug_100000681,0.8315789473684211
Drug_2541,Drug_100000774,0.6196078431372549
Drug_2541,Drug_100002215,0.9813664596273292
Drug_2541,Drug_100002369,0.9937106918238994
Drug_2541,Drug_100002540,0.9813664596273292
Drug_2541,Drug_100002585,0.9634146341463414
Drug_2541,Drug_100002726,0.8449197860962567
Drug_2541,Drug_100002764,0.9875
Drug_2541,Drug_100002781,0.9404761904761905
Drug_2541,Drug_100002995,0.8449197860962567
Drug_2541,Drug_100003007,0.88268156424581
Drug_2541,Drug_100003157,0.9813664596273292
Drug_2541,Drug_100003251,0.9753086419753086
Drug_2541,Drug_100003345,0.9813664596273292
Drug_2541,Drug_100003696,0.8315789473684211
Drug_2541,Drug_100003827,0.9575757575757575
Drug_2541,Drug_100003954,0.9753086419753086
Drug_2541,Drug_100004140,0.9875
Drug_2541,Drug_100004635,0.9937106918238994
Drug_2541,Drug_100004736,0.9294117647058824
Drug_2541,Drug_100004893,0.9634146341463414
Drug_2541,Drug_100005401,0.9875
Drug_2541,Drug_100005524,0.8876404494382022
Drug_2541,Drug_100005771,0.9937106918238994
Drug_2541,Drug_100010100,0.98125
Drug_2541,Drug_100012453,0.9937106918238994
Drug_2541,Drug_100041693,0.9875
Drug_2541,Drug_100054313,0.9813664596273292
Drug_2541,Drug_100054373,0.9937106918238994
Drug_2541,Drug_100060146,0.9937106918238994
Drug_2541,Drug_100060612,0.9937106918238994
Drug_2541,Drug_100068613,0.9937106918238994
Drug_2541,Drug_100216237,0.9937106918238994
Drug_2541,Drug_106433117,0.9937106918238994
Drug_6010,Drug_5832,0.9722222222222222
Drug_6010,Drug_5920,0.9210526315789473
Drug_6010,Drug_5995,0.9722222222222222
Drug_6010,Drug_9642,1.0
Drug_6010,Drug_21800,1.0
Drug_6010,Drug_444008,0.9722222222222222
Drug_6010,Drug_449171,1.0
Drug_6010,Drug_5281034,1.0
Drug_6010,Drug_100002375,0.9459459459459459
Drug_6010,Drug_100002462,0.9722222222222222
Drug_6010,Drug_100002791,1.0
Drug_6010,Drug_100002949,0.9722222222222222
Drug_6010,Drug_100003056,1.0
Drug_6010,Drug_100003384,1.0
Drug_6010,Drug_100003399,1.0
Drug_6010,Drug_100004042,0.9722222222222222
Drug_6010,Drug_100004160,1.0
Drug_6010,Drug_100005035,0.5932203389830508
Drug_6010,Drug_100005267,0.9722222222222222
Drug_6010,Drug_100005410,0.9722222222222222
Drug_6010,Drug_100005470,0.9722222222222222
Drug_6010,Drug_100005645,0.9210526315789473
Drug_6010,Drug_100009904,1.0
Drug_100005381,Drug_5381,1.0
Drug_100002474,Drug_2474,1.0
Drug_119607,Drug_4100,0.8421052631578947
Drug_119607,Drug_5560,0.47368421052631576
Drug_119607,Drug_5284627,0.8421052631578947
Drug_119607,Drug_100002662,0.5625
Drug_119607,Drug_100003440,0.55
Drug_5709,Drug_2215,1.0
Drug_5709,Drug_2476,1.0
Drug_5709,Drug_2771,0.8586956521739131
Drug_5709,Drug_2783,0.9937106918238994
Drug_5709,Drug_2818,0.7669902912621359
Drug_5709,Drug_3151,0.9753086419753086
Drug_5709,Drug_3158,0.8633879781420765
Drug_5709,Drug_3340,1.0
Drug_5709,Drug_3372,0.9634146341463414
Drug_5709,Drug_3386,0.8540540540540541
Drug_5709,Drug_3559,0.8681318681318682
Drug_5709,Drug_3827,0.9634146341463414
Drug_5709,Drug_3961,0.9753086419753086
Drug_5709,Drug_4095,0.8729281767955801
Drug_5709,Drug_4768,0.9813664596273292
Drug_5709,Drug_5002,0.8359788359788359
Drug_5709,Drug_5073,0.9239766081871345
Drug_5709,Drug_5090,0.9461077844311377
Drug_5709,Drug_5357,1.0
Drug_5709,Drug_5656,0.8876404494382022
Drug_5709,Drug_5775,0.9937106918238994
Drug_5709,Drug_6005,1.0
Drug_5709,Drug_8230,1.0
Drug_5709,Drug_23897,0.9937106918238994
Drug_5709,Drug_28864,0.9875
Drug_5709,Drug_59226,1.0
Drug_5709,Drug_60795,0.8926553672316384
Drug_5709,Drug_60853,0.8540540540540541
Drug_5709,Drug_77998,0.8102564102564103
Drug_5709,Drug_115237,0.9813664596273292
Drug_5709,Drug_129211,1.0
Drug_5709,Drug_216237,1.0
Drug_5709,Drug_638678,1.0
Drug_5709,Drug_5280360,1.0
Drug_5709,Drug_5284604,1.0
Drug_5709,Drug_5311068,1.0
Drug_5709,Drug_5359272,1.0
Drug_5709,Drug_24965990,1.0
Drug_5709,Drug_100000681,0.8359788359788359
Drug_5709,Drug_100000774,0.6220472440944882
Drug_5709,Drug_100002215,0.9875
Drug_5709,Drug_100002369,1.0
Drug_5709,Drug_100002540,0.9875
Drug_5709,Drug_100002585,0.9693251533742331
Drug_5709,Drug_100002726,0.8494623655913979
Drug_5709,Drug_100002764,0.9937106918238994
Drug_5709,Drug_100002781,0.9461077844311377
Drug_5709,Drug_100002995,0.8494623655913979
Drug_5709,Drug_100003007,0.8876404494382022
Drug_5709,Drug_100003157,0.9875
Drug_5709,Drug_100003251,0.9813664596273292
Drug_5709,Drug_100003345,0.9875
Drug_5709,Drug_100003696,0.8359788359788359
Drug_5709,Drug_100003827,0.9634146341463414
Drug_5709,Drug_100003954,0.9813664596273292
Drug_5709,Drug_100004140,0.9937106918238994
Drug_5709,Drug_100004635,1.0
Drug_5709,Drug_100004736,0.9349112426035503
Drug_5709,Drug_100004893,0.9693251533742331
Drug_5709,Drug_100005401,0.9937106918238994
Drug_5709,Drug_100005524,0.8926553672316384
Drug_5709,Drug_100005771,1.0
Drug_5709,Drug_100010100,0.9874213836477987
Drug_5709,Drug_100012453,1.0
Drug_5709,Drug_100041693,0.9937106918238994
Drug_5709,Drug_100054313,0.9875
Drug_5709,Drug_100054373,1.0
Drug_5709,Drug_100060146,1.0
Drug_5709,Drug_100060612,1.0
Drug_5709,Drug_100068613,1.0
Drug_5709,Drug_100216237,1.0
Drug_5709,Drug_106433117,1.0
Drug_100022258,Drug_5311304,0.6666666666666666
Drug_100022258,Drug_5488547,0.6666666666666666
Drug_100022258,Drug_100003648,0.6666666666666666
Drug_100022258,Drug_100004419,0.6666666666666666
Drug_100060612,Drug_2215,1.0
Drug_100060612,Drug_2476,1.0
Drug_100060612,Drug_2771,0.8586956521739131
Drug_100060612,Drug_2783,0.9937106918238994
Drug_100060612,Drug_2818,0.7669902912621359
Drug_100060612,Drug_3151,0.9753086419753086
Drug_100060612,Drug_3158,0.8633879781420765
Drug_100060612,Drug_3340,1.0
Drug_100060612,Drug_3372,0.9634146341463414
Drug_100060612,Drug_3386,0.8540540540540541
Drug_100060612,Drug_3559,0.8681318681318682
Drug_100060612,Drug_3827,0.9634146341463414
Drug_100060612,Drug_3961,0.9753086419753086
Drug_100060612,Drug_4095,0.8729281767955801
Drug_100060612,Drug_4768,0.9813664596273292
Drug_100060612,Drug_5002,0.8359788359788359
Drug_100060612,Drug_5073,0.9239766081871345
Drug_100060612,Drug_5090,0.9461077844311377
Drug_100060612,Drug_5357,1.0
Drug_100060612,Drug_5656,0.8876404494382022
Drug_100060612,Drug_5775,0.9937106918238994
Drug_100060612,Drug_6005,1.0
Drug_100060612,Drug_8230,1.0
Drug_100060612,Drug_23897,0.9937106918238994
Drug_100060612,Drug_28864,0.9875
Drug_100060612,Drug_59226,1.0
Drug_100060612,Drug_60795,0.8926553672316384
Drug_100060612,Drug_60853,0.8540540540540541
Drug_100060612,Drug_77998,0.8102564102564103
Drug_100060612,Drug_115237,0.9813664596273292
Drug_100060612,Drug_129211,1.0
Drug_100060612,Drug_216237,1.0
Drug_100060612,Drug_638678,1.0
Drug_100060612,Drug_5280360,1.0
Drug_100060612,Drug_5284604,1.0
Drug_100060612,Drug_5311068,1.0
Drug_100060612,Drug_5359272,1.0
Drug_100060612,Drug_24965990,1.0
Drug_100060612,Drug_100000681,0.8359788359788359
Drug_100060612,Drug_100000774,0.6220472440944882
Drug_100060612,Drug_100002215,0.9875
Drug_100060612,Drug_100002369,1.0
Drug_100060612,Drug_100002540,0.9875
Drug_100060612,Drug_100002585,0.9693251533742331
Drug_100060612,Drug_100002726,0.8494623655913979
Drug_100060612,Drug_100002764,0.9937106918238994
Drug_100060612,Drug_100002781,0.9461077844311377
Drug_100060612,Drug_100002995,0.8494623655913979
Drug_100060612,Drug_100003007,0.8876404494382022
Drug_100060612,Drug_100003157,0.9875
Drug_100060612,Drug_100003251,0.9813664596273292
Drug_100060612,Drug_100003345,0.9875
Drug_100060612,Drug_100003696,0.8359788359788359
Drug_100060612,Drug_100003827,0.9634146341463414
Drug_100060612,Drug_100003954,0.9813664596273292
Drug_100060612,Drug_100004140,0.9937106918238994
Drug_100060612,Drug_100004635,1.0
Drug_100060612,Drug_100004736,0.9349112426035503
Drug_100060612,Drug_100004893,0.9693251533742331
Drug_100060612,Drug_100005401,0.9937106918238994
Drug_100060612,Drug_100005524,0.8926553672316384
Drug_100060612,Drug_100005771,1.0
Drug_100060612,Drug_100010100,0.9874213836477987
Drug_100060612,Drug_100012453,1.0
Drug_100060612,Drug_100041693,0.9937106918238994
Drug_100060612,Drug_100054313,0.9875
Drug_100060612,Drug_100054373,1.0
Drug_100060612,Drug_100060146,1.0
Drug_100060612,Drug_100068613,1.0
Drug_100060612,Drug_100216237,1.0
Drug_100060612,Drug_106433117,1.0
Drug_100154256,Drug_154256,1.0
Drug_5357,Drug_2215,1.0
Drug_5357,Drug_2476,1.0
Drug_5357,Drug_2771,0.8586956521739131
Drug_5357,Drug_2783,0.9937106918238994
Drug_5357,Drug_2818,0.7669902912621359
Drug_5357,Drug_3151,0.9753086419753086
Drug_5357,Drug_3158,0.8633879781420765
Drug_5357,Drug_3340,1.0
Drug_5357,Drug_3372,0.9634146341463414
Drug_5357,Drug_3386,0.8540540540540541
Drug_5357,Drug_3559,0.8681318681318682
Drug_5357,Drug_3827,0.9634146341463414
Drug_5357,Drug_3961,0.9753086419753086
Drug_5357,Drug_4095,0.8729281767955801
Drug_5357,Drug_4768,0.9813664596273292
Drug_5357,Drug_5002,0.8359788359788359
Drug_5357,Drug_5073,0.9239766081871345
Drug_5357,Drug_5090,0.9461077844311377
Drug_5357,Drug_5656,0.8876404494382022
Drug_5357,Drug_5775,0.9937106918238994
Drug_5357,Drug_6005,1.0
Drug_5357,Drug_8230,1.0
Drug_5357,Drug_23897,0.9937106918238994
Drug_5357,Drug_28864,0.9875
Drug_5357,Drug_59226,1.0
Drug_5357,Drug_60795,0.8926553672316384
Drug_5357,Drug_60853,0.8540540540540541
Drug_5357,Drug_77998,0.8102564102564103
Drug_5357,Drug_115237,0.9813664596273292
Drug_5357,Drug_129211,1.0
Drug_5357,Drug_216237,1.0
Drug_5357,Drug_638678,1.0
Drug_5357,Drug_5280360,1.0
Drug_5357,Drug_5284604,1.0
Drug_5357,Drug_5311068,1.0
Drug_5357,Drug_5359272,1.0
Drug_5357,Drug_24965990,1.0
Drug_5357,Drug_100000681,0.8359788359788359
Drug_5357,Drug_100000774,0.6220472440944882
Drug_5357,Drug_100002215,0.9875
Drug_5357,Drug_100002369,1.0
Drug_5357,Drug_100002540,0.9875
Drug_5357,Drug_100002585,0.9693251533742331
Drug_5357,Drug_100002726,0.8494623655913979
Drug_5357,Drug_100002764,0.9937106918238994
Drug_5357,Drug_100002781,0.9461077844311377
Drug_5357,Drug_100002995,0.8494623655913979
Drug_5357,Drug_100003007,0.8876404494382022
Drug_5357,Drug_100003157,0.9875
Drug_5357,Drug_100003251,0.9813664596273292
Drug_5357,Drug_100003345,0.9875
Drug_5357,Drug_100003696,0.8359788359788359
Drug_5357,Drug_100003827,0.9634146341463414
Drug_5357,Drug_100003954,0.9813664596273292
Drug_5357,Drug_100004140,0.9937106918238994
Drug_5357,Drug_100004635,1.0
Drug_5357,Drug_100004736,0.9349112426035503
Drug_5357,Drug_100004893,0.9693251533742331
Drug_5357,Drug_100005401,0.9937106918238994
Drug_5357,Drug_100005524,0.8926553672316384
Drug_5357,Drug_100005771,1.0
Drug_5357,Drug_100010100,0.9874213836477987
Drug_5357,Drug_100012453,1.0
Drug_5357,Drug_100041693,0.9937106918238994
Drug_5357,Drug_100054313,0.9875
Drug_5357,Drug_100054373,1.0
Drug_5357,Drug_100060146,1.0
Drug_5357,Drug_100068613,1.0
Drug_5357,Drug_100216237,1.0
Drug_5357,Drug_106433117,1.0
Drug_3052775,Drug_100004235,1.0
Drug_100003380,Drug_100003373,0.7692307692307693
Drug_100003380,Drug_100005732,0.5263157894736842
Drug_100060146,Drug_2215,1.0
Drug_100060146,Drug_2476,1.0
Drug_100060146,Drug_2771,0.8586956521739131
Drug_100060146,Drug_2783,0.9937106918238994
Drug_100060146,Drug_2818,0.7669902912621359
Drug_100060146,Drug_3151,0.9753086419753086
Drug_100060146,Drug_3158,0.8633879781420765
Drug_100060146,Drug_3340,1.0
Drug_100060146,Drug_3372,0.9634146341463414
Drug_100060146,Drug_3386,0.8540540540540541
Drug_100060146,Drug_3559,0.8681318681318682
Drug_100060146,Drug_3827,0.9634146341463414
Drug_100060146,Drug_3961,0.9753086419753086
Drug_100060146,Drug_4095,0.8729281767955801
Drug_100060146,Drug_4768,0.9813664596273292
Drug_100060146,Drug_5002,0.8359788359788359
Drug_100060146,Drug_5073,0.9239766081871345
Drug_100060146,Drug_5090,0.9461077844311377
Drug_100060146,Drug_5656,0.8876404494382022
Drug_100060146,Drug_5775,0.9937106918238994
Drug_100060146,Drug_6005,1.0
Drug_100060146,Drug_8230,1.0
Drug_100060146,Drug_23897,0.9937106918238994
Drug_100060146,Drug_28864,0.9875
Drug_100060146,Drug_59226,1.0
Drug_100060146,Drug_60795,0.8926553672316384
Drug_100060146,Drug_60853,0.8540540540540541
Drug_100060146,Drug_77998,0.8102564102564103
Drug_100060146,Drug_115237,0.9813664596273292
Drug_100060146,Drug_129211,1.0
Drug_100060146,Drug_216237,1.0
Drug_100060146,Drug_638678,1.0
Drug_100060146,Drug_5280360,1.0
Drug_100060146,Drug_5284604,1.0
Drug_100060146,Drug_5311068,1.0
Drug_100060146,Drug_5359272,1.0
Drug_100060146,Drug_24965990,1.0
Drug_100060146,Drug_100000681,0.8359788359788359
Drug_100060146,Drug_100000774,0.6220472440944882
Drug_100060146,Drug_100002215,0.9875
Drug_100060146,Drug_100002369,1.0
Drug_100060146,Drug_100002540,0.9875
Drug_100060146,Drug_100002585,0.9693251533742331
Drug_100060146,Drug_100002726,0.8494623655913979
Drug_100060146,Drug_100002764,0.9937106918238994
Drug_100060146,Drug_100002781,0.9461077844311377
Drug_100060146,Drug_100002995,0.8494623655913979
Drug_100060146,Drug_100003007,0.8876404494382022
Drug_100060146,Drug_100003157,0.9875
Drug_100060146,Drug_100003251,0.9813664596273292
Drug_100060146,Drug_100003345,0.9875
Drug_100060146,Drug_100003696,0.8359788359788359
Drug_100060146,Drug_100003827,0.9634146341463414
Drug_100060146,Drug_100003954,0.9813664596273292
Drug_100060146,Drug_100004140,0.9937106918238994
Drug_100060146,Drug_100004635,1.0
Drug_100060146,Drug_100004736,0.9349112426035503
Drug_100060146,Drug_100004893,0.9693251533742331
Drug_100060146,Drug_100005401,0.9937106918238994
Drug_100060146,Drug_100005524,0.8926553672316384
Drug_100060146,Drug_100005771,1.0
Drug_100060146,Drug_100010100,0.9874213836477987
Drug_100060146,Drug_100012453,1.0
Drug_100060146,Drug_100041693,0.9937106918238994
Drug_100060146,Drug_100054313,0.9875
Drug_100060146,Drug_100054373,1.0
Drug_100060146,Drug_100068613,1.0
Drug_100060146,Drug_100216237,1.0
Drug_100060146,Drug_106433117,1.0
Drug_100002021,Drug_8378,0.4126984126984127
Drug_100002021,Drug_165579,1.0
Drug_100002021,Drug_100004689,1.0
Drug_100068740,Drug_4673,0.5
Drug_100068740,Drug_5245,0.5
Drug_100068740,Drug_100005245,0.5
Drug_5324345,Drug_1615,0.7037037037037037
Drug_5324345,Drug_65856,0.8260869565217391
Drug_5324345,Drug_100004158,0.7916666666666666
Drug_5324345,Drug_100005466,0.9047619047619048
Drug_4036,Drug_5282379,0.5714285714285714
Drug_4036,Drug_100003339,0.5517241379310345
Drug_4036,Drug_100004036,1.0
Drug_100051634,Drug_100051577,0.6666666666666666
Drug_3672,Drug_4495,0.6666666666666666
Drug_3672,Drug_446284,0.5714285714285714
Drug_3672,Drug_100003209,0.5714285714285714
Drug_3372,Drug_2215,0.9634146341463414
Drug_3372,Drug_2476,0.9634146341463414
Drug_3372,Drug_2771,0.8913043478260869
Drug_3372,Drug_2783,0.9575757575757575
Drug_3372,Drug_2818,0.7961165048543689
Drug_3372,Drug_3151,0.963855421686747
Drug_3372,Drug_3158,0.8961748633879781
Drug_3372,Drug_3340,0.9634146341463414
Drug_3372,Drug_3386,0.8864864864864865
Drug_3372,Drug_3559,0.9010989010989011
Drug_3372,Drug_3827,0.9640718562874252
Drug_3372,Drug_3961,0.9404761904761905
Drug_3372,Drug_4095,0.875
Drug_3372,Drug_4768,0.9461077844311377
Drug_3372,Drug_5002,0.8677248677248677
Drug_3372,Drug_5073,0.9590643274853801
Drug_3372,Drug_5090,0.9132947976878613
Drug_3372,Drug_5656,0.8895027624309392
Drug_3372,Drug_5775,0.9575757575757575
Drug_3372,Drug_6005,0.9634146341463414
Drug_3372,Drug_8230,0.9634146341463414
Drug_3372,Drug_23897,0.9695121951219512
Drug_3372,Drug_28864,0.9636363636363636
Drug_3372,Drug_59226,0.9634146341463414
Drug_3372,Drug_60795,0.9265536723163842
Drug_3372,Drug_60853,0.8864864864864865
Drug_3372,Drug_77998,0.7860696517412935
Drug_3372,Drug_115237,0.9696969696969697
Drug_3372,Drug_129211,0.9634146341463414
Drug_3372,Drug_216237,0.9634146341463414
Drug_3372,Drug_638678,0.9634146341463414
Drug_3372,Drug_5280360,0.9634146341463414
Drug_3372,Drug_5284604,0.9634146341463414
Drug_3372,Drug_5311068,0.9634146341463414
Drug_3372,Drug_5359272,0.9634146341463414
Drug_3372,Drug_24965990,0.9634146341463414
Drug_3372,Drug_100000681,0.8385416666666666
Drug_3372,Drug_100000774,0.6138996138996139
Drug_3372,Drug_100002215,0.9636363636363636
Drug_3372,Drug_100002369,0.9634146341463414
Drug_3372,Drug_100002540,0.9518072289156626
Drug_3372,Drug_100002585,0.9698795180722891
Drug_3372,Drug_100002726,0.8817204301075269
Drug_3372,Drug_100002764,0.9575757575757575
Drug_3372,Drug_100002781,0.9585798816568047
Drug_3372,Drug_100002995,0.8817204301075269
Drug_3372,Drug_100003007,0.8895027624309392
Drug_3372,Drug_100003157,0.9636363636363636
Drug_3372,Drug_100003251,0.9578313253012049
Drug_3372,Drug_100003345,0.9518072289156626
Drug_3372,Drug_100003696,0.8677248677248677
Drug_3372,Drug_100003827,0.9640718562874252
Drug_3372,Drug_100003954,0.9578313253012049
Drug_3372,Drug_100004140,0.9575757575757575
Drug_3372,Drug_100004635,0.9634146341463414
Drug_3372,Drug_100004736,0.9248554913294798
Drug_3372,Drug_100004893,0.9349112426035503
Drug_3372,Drug_100005401,0.9575757575757575
Drug_3372,Drug_100005524,0.8944444444444445
Drug_3372,Drug_100005771,0.9634146341463414
Drug_3372,Drug_100010100,0.9515151515151515
Drug_3372,Drug_100012453,0.9634146341463414
Drug_3372,Drug_100041693,0.9575757575757575
Drug_3372,Drug_100054313,0.9518072289156626
Drug_3372,Drug_100054373,0.9634146341463414
Drug_3372,Drug_100068613,0.9634146341463414
Drug_3372,Drug_100216237,0.9634146341463414
Drug_3372,Drug_106433117,0.9634146341463414
Drug_28864,Drug_2215,0.9875
Drug_28864,Drug_2476,0.9875
Drug_28864,Drug_2771,0.8594594594594595
Drug_28864,Drug_2783,0.9813664596273292
Drug_28864,Drug_2818,0.7681159420289855
Drug_28864,Drug_3151,0.9754601226993865
Drug_28864,Drug_3158,0.8641304347826086
Drug_28864,Drug_3340,0.9875
Drug_28864,Drug_3386,0.8648648648648649
Drug_28864,Drug_3559,0.8688524590163934
Drug_28864,Drug_3827,0.9636363636363636
Drug_28864,Drug_3961,0.9634146341463414
Drug_28864,Drug_4095,0.8633879781420765
Drug_28864,Drug_4768,0.9693251533742331
Drug_28864,Drug_5002,0.8368421052631579
Drug_28864,Drug_5073,0.935672514619883
Drug_28864,Drug_5090,0.9349112426035503
Drug_28864,Drug_5656,0.8777777777777778
Drug_28864,Drug_5775,0.9813664596273292
Drug_28864,Drug_6005,0.9875
Drug_28864,Drug_8230,0.9875
Drug_28864,Drug_23897,0.99375
Drug_28864,Drug_59226,0.9875
Drug_28864,Drug_60795,0.8932584269662921
Drug_28864,Drug_60853,0.8548387096774194
Drug_28864,Drug_77998,0.8020304568527918
Drug_28864,Drug_115237,0.9814814814814815
Drug_28864,Drug_129211,0.9875
Drug_28864,Drug_216237,0.9875
Drug_28864,Drug_638678,0.9875
Drug_28864,Drug_5280360,0.9875
Drug_28864,Drug_5284604,0.9875
Drug_28864,Drug_5311068,0.9875
Drug_28864,Drug_5359272,0.9875
Drug_28864,Drug_24965990,0.9875
Drug_28864,Drug_100000681,0.8272251308900523
Drug_28864,Drug_100000774,0.6235294117647059
Drug_28864,Drug_100002215,0.9753086419753086
Drug_28864,Drug_100002369,0.9875
Drug_28864,Drug_100002540,0.9753086419753086
Drug_28864,Drug_100002585,0.9575757575757575
Drug_28864,Drug_100002726,0.8602150537634409
Drug_28864,Drug_100002764,0.9813664596273292
Drug_28864,Drug_100002781,0.9580838323353293
Drug_28864,Drug_100002995,0.8502673796791443
Drug_28864,Drug_100003007,0.8777777777777778
Drug_28864,Drug_100003157,0.9753086419753086
Drug_28864,Drug_100003251,0.9693251533742331
Drug_28864,Drug_100003345,0.9753086419753086
Drug_28864,Drug_100003696,0.8368421052631579
Drug_28864,Drug_100003827,0.9636363636363636
Drug_28864,Drug_100003954,0.9814814814814815
Drug_28864,Drug_100004140,0.99375
Drug_28864,Drug_100004635,0.9875
Drug_28864,Drug_100004736,0.9239766081871345
Drug_28864,Drug_100004893,0.9575757575757575
Drug_28864,Drug_100005401,0.9813664596273292
Drug_28864,Drug_100005524,0.88268156424581
Drug_28864,Drug_100005771,0.9875
Drug_28864,Drug_100010100,0.9751552795031055
Drug_28864,Drug_100012453,0.9875
Drug_28864,Drug_100041693,0.9813664596273292
Drug_28864,Drug_100054313,0.9753086419753086
Drug_28864,Drug_100054373,0.9875
Drug_28864,Drug_100068613,0.9875
Drug_28864,Drug_100216237,0.9875
Drug_28864,Drug_106433117,0.9875
Drug_4768,Drug_2215,0.9813664596273292
Drug_4768,Drug_2476,0.9813664596273292
Drug_4768,Drug_2771,0.8449197860962567
Drug_4768,Drug_2783,0.9753086419753086
Drug_4768,Drug_2818,0.7559808612440191
Drug_4768,Drug_3151,0.9575757575757575
Drug_4768,Drug_3158,0.8494623655913979
Drug_4768,Drug_3340,0.9813664596273292
Drug_4768,Drug_3386,0.8404255319148937
Drug_4768,Drug_3559,0.8540540540540541
Drug_4768,Drug_3827,0.9461077844311377
Drug_4768,Drug_3961,0.9575757575757575
Drug_4768,Drug_4095,0.8586956521739131
Drug_4768,Drug_5002,0.8229166666666666
Drug_4768,Drug_5073,0.9080459770114943
Drug_4768,Drug_5090,0.9294117647058824
Drug_4768,Drug_5656,0.8729281767955801
Drug_4768,Drug_5775,0.9753086419753086
Drug_4768,Drug_6005,0.9813664596273292
Drug_4768,Drug_8230,0.9813664596273292
Drug_4768,Drug_23897,0.9753086419753086
Drug_4768,Drug_59226,0.9813664596273292
Drug_4768,Drug_60795,0.8777777777777778
Drug_4768,Drug_60853,0.8404255319148937
Drug_4768,Drug_77998,0.797979797979798
Drug_4768,Drug_115237,0.9634146341463414
Drug_4768,Drug_129211,0.9813664596273292
Drug_4768,Drug_216237,0.9813664596273292
Drug_4768,Drug_638678,0.9813664596273292
Drug_4768,Drug_5280360,0.9813664596273292
Drug_4768,Drug_5284604,0.9813664596273292
Drug_4768,Drug_5311068,0.9813664596273292
Drug_4768,Drug_5359272,0.9813664596273292
Drug_4768,Drug_24965990,0.9813664596273292
Drug_4768,Drug_100000681,0.8229166666666666
Drug_4768,Drug_100000774,0.6147859922178989
Drug_4768,Drug_100002215,0.9693251533742331
Drug_4768,Drug_100002369,0.9813664596273292
Drug_4768,Drug_100002540,0.9693251533742331
Drug_4768,Drug_100002585,0.9518072289156626
Drug_4768,Drug_100002726,0.8359788359788359
Drug_4768,Drug_100002764,0.9753086419753086
Drug_4768,Drug_100002781,0.9294117647058824
Drug_4768,Drug_100002995,0.8457446808510638
Drug_4768,Drug_100003007,0.8729281767955801
Drug_4768,Drug_100003157,0.9693251533742331
Drug_4768,Drug_100003251,0.9634146341463414
Drug_4768,Drug_100003345,0.9693251533742331
Drug_4768,Drug_100003696,0.8421052631578947
Drug_4768,Drug_100003827,0.9461077844311377
Drug_4768,Drug_100003954,0.9634146341463414
Drug_4768,Drug_100004140,0.9753086419753086
Drug_4768,Drug_100004635,0.9813664596273292
Drug_4768,Drug_100004736,0.9186046511627907
Drug_4768,Drug_100004893,0.975609756097561
Drug_4768,Drug_100005401,0.9753086419753086
Drug_4768,Drug_100005524,0.8777777777777778
Drug_4768,Drug_100005771,0.9813664596273292
Drug_4768,Drug_100010100,0.9691358024691358
Drug_4768,Drug_100012453,0.9813664596273292
Drug_4768,Drug_100041693,0.9753086419753086
Drug_4768,Drug_100054313,0.9693251533742331
Drug_4768,Drug_100054373,0.9813664596273292
Drug_4768,Drug_100068613,0.9813664596273292
Drug_4768,Drug_100216237,0.9813664596273292
Drug_4768,Drug_106433117,0.9813664596273292
Drug_100002585,Drug_2215,0.9693251533742331
Drug_100002585,Drug_2476,0.9693251533742331
Drug_100002585,Drug_2771,0.8756756756756757
Drug_100002585,Drug_2783,0.9634146341463414
Drug_100002585,Drug_2818,0.782608695652174
Drug_100002585,Drug_3151,0.9696969696969697
Drug_100002585,Drug_3158,0.8702702702702703
Drug_100002585,Drug_3340,0.9693251533742331
Drug_100002585,Drug_3386,0.8709677419354839
Drug_100002585,Drug_3559,0.8956043956043956
Drug_100002585,Drug_3827,0.9349112426035503
Drug_100002585,Drug_3961,0.9461077844311377
Drug_100002585,Drug_4095,0.9005524861878453
Drug_100002585,Drug_5002,0.8429319371727748
Drug_100002585,Drug_5073,0.9418604651162791
Drug_100002585,Drug_5090,0.9186046511627907
Drug_100002585,Drug_5656,0.8944444444444445
Drug_100002585,Drug_5775,0.9754601226993865
Drug_100002585,Drug_6005,0.9693251533742331
Drug_100002585,Drug_8230,0.9693251533742331
Drug_100002585,Drug_23897,0.9634146341463414
Drug_100002585,Drug_59226,0.9693251533742331
Drug_100002585,Drug_60795,0.9209039548022598
Drug_100002585,Drug_60853,0.8709677419354839
Drug_100002585,Drug_77998,0.79
Drug_100002585,Drug_115237,0.975609756097561
Drug_100002585,Drug_129211,0.9693251533742331
Drug_100002585,Drug_216237,0.9693251533742331
Drug_100002585,Drug_638678,0.9693251533742331
Drug_100002585,Drug_5280360,0.9693251533742331
Drug_100002585,Drug_5284604,0.9693251533742331
Drug_100002585,Drug_5311068,0.9693251533742331
Drug_100002585,Drug_5359272,0.9693251533742331
Drug_100002585,Drug_24965990,0.9693251533742331
Drug_100002585,Drug_100000681,0.8429319371727748
Drug_100002585,Drug_100000774,0.61003861003861
Drug_100002585,Drug_100002215,0.9695121951219512
Drug_100002585,Drug_100002369,0.9693251533742331
Drug_100002585,Drug_100002540,0.9575757575757575
Drug_100002585,Drug_100002726,0.8763440860215054
Drug_100002585,Drug_100002764,0.9634146341463414
Drug_100002585,Drug_100002781,0.9526627218934911
Drug_100002585,Drug_100002995,0.8663101604278075
Drug_100002585,Drug_100003007,0.8944444444444445
Drug_100002585,Drug_100003157,0.9815950920245399
Drug_100002585,Drug_100003251,0.9518072289156626
Drug_100002585,Drug_100003345,0.9815950920245399
Drug_100002585,Drug_100003696,0.8526315789473684
Drug_100002585,Drug_100003827,0.9349112426035503
Drug_100002585,Drug_100003954,0.975609756097561
Drug_100002585,Drug_100004140,0.9634146341463414
Drug_100002585,Drug_100004635,0.9693251533742331
Drug_100002585,Drug_100004736,0.9080459770114943
Drug_100002585,Drug_100004893,0.9520958083832335
Drug_100002585,Drug_100005401,0.9754601226993865
Drug_100002585,Drug_100005524,0.8994413407821229
Drug_100002585,Drug_100005771,0.9693251533742331
Drug_100002585,Drug_100010100,0.9693251533742331
Drug_100002585,Drug_100012453,0.9693251533742331
Drug_100002585,Drug_100041693,0.9634146341463414
Drug_100002585,Drug_100054313,0.9575757575757575
Drug_100002585,Drug_100054373,0.9693251533742331
Drug_100002585,Drug_100068613,0.9693251533742331
Drug_100002585,Drug_100216237,0.9693251533742331
Drug_100002585,Drug_106433117,0.9693251533742331
Drug_60853,Drug_2215,0.8540540540540541
Drug_60853,Drug_2476,0.8540540540540541
Drug_60853,Drug_2771,0.9945945945945946
Drug_60853,Drug_2783,0.8494623655913979
Drug_60853,Drug_2818,0.8980582524271845
Drug_60853,Drug_3151,0.8756756756756757
Drug_60853,Drug_3158,0.9891891891891892
Drug_60853,Drug_3340,0.8540540540540541
Drug_60853,Drug_3386,0.989247311827957
Drug_60853,Drug_3559,0.8535353535353535
Drug_60853,Drug_3827,0.8864864864864865
Drug_60853,Drug_3961,0.8359788359788359
Drug_60853,Drug_4095,0.9468085106382979
Drug_60853,Drug_5002,0.8155339805825242
Drug_60853,Drug_5073,0.8936170212765957
Drug_60853,Drug_5090,0.8144329896907216
Drug_60853,Drug_5656,0.9516129032258065
Drug_60853,Drug_5775,0.8594594594594595
Drug_60853,Drug_6005,0.8540540540540541
Drug_60853,Drug_8230,0.8540540540540541
Drug_60853,Drug_23897,0.8594594594594595
Drug_60853,Drug_59226,0.8540540540540541
Drug_60853,Drug_60795,0.8756476683937824
Drug_60853,Drug_77998,0.7117117117117117
Drug_60853,Drug_115237,0.8702702702702703
Drug_60853,Drug_129211,0.8540540540540541
Drug_60853,Drug_216237,0.8540540540540541
Drug_60853,Drug_638678,0.8540540540540541
Drug_60853,Drug_5280360,0.8540540540540541
Drug_60853,Drug_5284604,0.8540540540540541
Drug_60853,Drug_5311068,0.8540540540540541
Drug_60853,Drug_5359272,0.8540540540540541
Drug_60853,Drug_24965990,0.8540540540540541
Drug_60853,Drug_100000681,0.8984771573604061
Drug_60853,Drug_100000774,0.5678571428571428
Drug_60853,Drug_100002215,0.8548387096774194
Drug_60853,Drug_100002369,0.8540540540540541
Drug_60853,Drug_100002540,0.8449197860962567
Drug_60853,Drug_100002726,0.8366336633663366
Drug_60853,Drug_100002764,0.8494623655913979
Drug_60853,Drug_100002781,0.8823529411764706
Drug_60853,Drug_100002995,0.9946236559139785
Drug_60853,Drug_100003007,0.9516129032258065
Drug_60853,Drug_100003157,0.8648648648648649
Drug_60853,Drug_100003251,0.8602150537634409
Drug_60853,Drug_100003345,0.8548387096774194
Drug_60853,Drug_100003696,0.9788359788359788
Drug_60853,Drug_100003827,0.8864864864864865
Drug_60853,Drug_100003954,0.8502673796791443
Drug_60853,Drug_100004140,0.8494623655913979
Drug_60853,Drug_100004635,0.8540540540540541
Drug_60853,Drug_100004736,0.8631578947368421
Drug_60853,Drug_100004893,0.8412698412698413
Drug_60853,Drug_100005401,0.8594594594594595
Drug_60853,Drug_100005524,0.9567567567567568
Drug_60853,Drug_100005771,0.8540540540540541
Drug_60853,Drug_100010100,0.8540540540540541
Drug_60853,Drug_100012453,0.8540540540540541
Drug_60853,Drug_100041693,0.8494623655913979
Drug_60853,Drug_100054313,0.8449197860962567
Drug_60853,Drug_100054373,0.8540540540540541
Drug_60853,Drug_100068613,0.8540540540540541
Drug_60853,Drug_100216237,0.8540540540540541
Drug_60853,Drug_106433117,0.8540540540540541
Drug_3151,Drug_2215,0.9753086419753086
Drug_3151,Drug_2476,0.9753086419753086
Drug_3151,Drug_2771,0.8702702702702703
Drug_3151,Drug_2783,0.9693251533742331
Drug_3151,Drug_2818,0.7864077669902912
Drug_3151,Drug_3158,0.8648648648648649
Drug_3151,Drug_3340,0.9753086419753086
Drug_3151,Drug_3386,0.8655913978494624
Drug_3151,Drug_3559,0.8901098901098901
Drug_3151,Drug_3827,0.9520958083832335
Drug_3151,Drug_3961,0.9518072289156626
Drug_3151,Drug_4095,0.8743169398907104
Drug_3151,Drug_5002,0.8473684210526315
Drug_3151,Drug_5073,0.936046511627907
Drug_3151,Drug_5090,0.9239766081871345
Drug_3151,Drug_5656,0.8784530386740331
Drug_3151,Drug_5775,0.9814814814814815
Drug_3151,Drug_6005,0.9753086419753086
Drug_3151,Drug_8230,0.9753086419753086
Drug_3151,Drug_23897,0.9814814814814815
Drug_3151,Drug_59226,0.9753086419753086
Drug_3151,Drug_60795,0.9152542372881356
Drug_3151,Drug_77998,0.7939698492462312
Drug_3151,Drug_115237,0.9815950920245399
Drug_3151,Drug_129211,0.9753086419753086
Drug_3151,Drug_216237,0.9753086419753086
Drug_3151,Drug_638678,0.9753086419753086
Drug_3151,Drug_5280360,0.9753086419753086
Drug_3151,Drug_5284604,0.9753086419753086
Drug_3151,Drug_5311068,0.9753086419753086
Drug_3151,Drug_5359272,0.9753086419753086
Drug_3151,Drug_24965990,0.9753086419753086
Drug_3151,Drug_100000681,0.828125
Drug_3151,Drug_100000774,0.6186770428015564
Drug_3151,Drug_100002215,0.9754601226993865
Drug_3151,Drug_100002369,0.9753086419753086
Drug_3151,Drug_100002540,0.9634146341463414
Drug_3151,Drug_100002726,0.8709677419354839
Drug_3151,Drug_100002764,0.9693251533742331
Drug_3151,Drug_100002781,0.9467455621301775
Drug_3151,Drug_100002995,0.8709677419354839
Drug_3151,Drug_100003007,0.8784530386740331
Drug_3151,Drug_100003157,0.9754601226993865
Drug_3151,Drug_100003251,0.9575757575757575
Drug_3151,Drug_100003345,0.9754601226993865
Drug_3151,Drug_100003696,0.8571428571428571
Drug_3151,Drug_100003827,0.9520958083832335
Drug_3151,Drug_100003954,0.9695121951219512
Drug_3151,Drug_100004140,0.9693251533742331
Drug_3151,Drug_100004635,0.9753086419753086
Drug_3151,Drug_100004736,0.9244186046511628
Drug_3151,Drug_100004893,0.9578313253012049
Drug_3151,Drug_100005401,0.9814814814814815
Drug_3151,Drug_100005524,0.8833333333333333
Drug_3151,Drug_100005771,0.9753086419753086
Drug_3151,Drug_100010100,0.9753086419753086
Drug_3151,Drug_100012453,0.9753086419753086
Drug_3151,Drug_100041693,0.9693251533742331
Drug_3151,Drug_100054313,0.9634146341463414
Drug_3151,Drug_100054373,0.9753086419753086
Drug_3151,Drug_100068613,0.9753086419753086
Drug_3151,Drug_100216237,0.9753086419753086
Drug_3151,Drug_106433117,0.9753086419753086
Drug_4057,Drug_100004120,0.4
Drug_2476,Drug_2215,1.0
Drug_2476,Drug_2771,0.8586956521739131
Drug_2476,Drug_2783,0.9937106918238994
Drug_2476,Drug_2818,0.7669902912621359
Drug_2476,Drug_3158,0.8633879781420765
Drug_2476,Drug_3340,1.0
Drug_2476,Drug_3386,0.8540540540540541
Drug_2476,Drug_3559,0.8681318681318682
Drug_2476,Drug_3827,0.9634146341463414
Drug_2476,Drug_3961,0.9753086419753086
Drug_2476,Drug_4095,0.8729281767955801
Drug_2476,Drug_5002,0.8359788359788359
Drug_2476,Drug_5073,0.9239766081871345
Drug_2476,Drug_5090,0.9461077844311377
Drug_2476,Drug_5656,0.8876404494382022
Drug_2476,Drug_5775,0.9937106918238994
Drug_2476,Drug_6005,1.0
Drug_2476,Drug_8230,1.0
Drug_2476,Drug_23897,0.9937106918238994
Drug_2476,Drug_59226,1.0
Drug_2476,Drug_60795,0.8926553672316384
Drug_2476,Drug_77998,0.8102564102564103
Drug_2476,Drug_115237,0.9813664596273292
Drug_2476,Drug_129211,1.0
Drug_2476,Drug_216237,1.0
Drug_2476,Drug_638678,1.0
Drug_2476,Drug_5280360,1.0
Drug_2476,Drug_5284604,1.0
Drug_2476,Drug_5311068,1.0
Drug_2476,Drug_5359272,1.0
Drug_2476,Drug_24965990,1.0
Drug_2476,Drug_100000681,0.8359788359788359
Drug_2476,Drug_100000774,0.6220472440944882
Drug_2476,Drug_100002215,0.9875
Drug_2476,Drug_100002369,1.0
Drug_2476,Drug_100002540,0.9875
Drug_2476,Drug_100002726,0.8494623655913979
Drug_2476,Drug_100002764,0.9937106918238994
Drug_2476,Drug_100002781,0.9461077844311377
Drug_2476,Drug_100002995,0.8494623655913979
Drug_2476,Drug_100003007,0.8876404494382022
Drug_2476,Drug_100003157,0.9875
Drug_2476,Drug_100003251,0.9813664596273292
Drug_2476,Drug_100003345,0.9875
Drug_2476,Drug_100003696,0.8359788359788359
Drug_2476,Drug_100003827,0.9634146341463414
Drug_2476,Drug_100003954,0.9813664596273292
Drug_2476,Drug_100004140,0.9937106918238994
Drug_2476,Drug_100004635,1.0
Drug_2476,Drug_100004736,0.9349112426035503
Drug_2476,Drug_100004893,0.9693251533742331
Drug_2476,Drug_100005401,0.9937106918238994
Drug_2476,Drug_100005524,0.8926553672316384
Drug_2476,Drug_100005771,1.0
Drug_2476,Drug_100010100,0.9874213836477987
Drug_2476,Drug_100012453,1.0
Drug_2476,Drug_100041693,0.9937106918238994
Drug_2476,Drug_100054313,0.9875
Drug_2476,Drug_100054373,1.0
Drug_2476,Drug_100068613,1.0
Drug_2476,Drug_100216237,1.0
Drug_2476,Drug_106433117,1.0
Drug_71771,Drug_100003278,0.5
Drug_59226,Drug_2215,1.0
Drug_59226,Drug_2771,0.8586956521739131
Drug_59226,Drug_2783,0.9937106918238994
Drug_59226,Drug_2818,0.7669902912621359
Drug_59226,Drug_3158,0.8633879781420765
Drug_59226,Drug_3340,1.0
Drug_59226,Drug_3386,0.8540540540540541
Drug_59226,Drug_3559,0.8681318681318682
Drug_59226,Drug_3827,0.9634146341463414
Drug_59226,Drug_3961,0.9753086419753086
Drug_59226,Drug_4095,0.8729281767955801
Drug_59226,Drug_5002,0.8359788359788359
Drug_59226,Drug_5073,0.9239766081871345
Drug_59226,Drug_5090,0.9461077844311377
Drug_59226,Drug_5656,0.8876404494382022
Drug_59226,Drug_5775,0.9937106918238994
Drug_59226,Drug_6005,1.0
Drug_59226,Drug_8230,1.0
Drug_59226,Drug_23897,0.9937106918238994
Drug_59226,Drug_60795,0.8926553672316384
Drug_59226,Drug_77998,0.8102564102564103
Drug_59226,Drug_115237,0.9813664596273292
Drug_59226,Drug_129211,1.0
Drug_59226,Drug_216237,1.0
Drug_59226,Drug_638678,1.0
Drug_59226,Drug_5280360,1.0
Drug_59226,Drug_5284604,1.0
Drug_59226,Drug_5311068,1.0
Drug_59226,Drug_5359272,1.0
Drug_59226,Drug_24965990,1.0
Drug_59226,Drug_100000681,0.8359788359788359
Drug_59226,Drug_100000774,0.6220472440944882
Drug_59226,Drug_100002215,0.9875
Drug_59226,Drug_100002369,1.0
Drug_59226,Drug_100002540,0.9875
Drug_59226,Drug_100002726,0.8494623655913979
Drug_59226,Drug_100002764,0.9937106918238994
Drug_59226,Drug_100002781,0.9461077844311377
Drug_59226,Drug_100002995,0.8494623655913979
Drug_59226,Drug_100003007,0.8876404494382022
Drug_59226,Drug_100003157,0.9875
Drug_59226,Drug_100003251,0.9813664596273292
Drug_59226,Drug_100003345,0.9875
Drug_59226,Drug_100003696,0.8359788359788359
Drug_59226,Drug_100003827,0.9634146341463414
Drug_59226,Drug_100003954,0.9813664596273292
Drug_59226,Drug_100004140,0.9937106918238994
Drug_59226,Drug_100004635,1.0
Drug_59226,Drug_100004736,0.9349112426035503
Drug_59226,Drug_100004893,0.9693251533742331
Drug_59226,Drug_100005401,0.9937106918238994
Drug_59226,Drug_100005524,0.8926553672316384
Drug_59226,Drug_100005771,1.0
Drug_59226,Drug_100010100,0.9874213836477987
Drug_59226,Drug_100012453,1.0
Drug_59226,Drug_100041693,0.9937106918238994
Drug_59226,Drug_100054313,0.9875
Drug_59226,Drug_100054373,1.0
Drug_59226,Drug_100068613,1.0
Drug_59226,Drug_100216237,1.0
Drug_59226,Drug_106433117,1.0
Drug_100003339,Drug_5282379,0.7619047619047619
Drug_100003339,Drug_100004036,0.5517241379310345
Drug_100003202,Drug_3202,1.0
Drug_100003202,Drug_5314,0.8
Drug_100003202,Drug_9651,1.0
Drug_100003202,Drug_656926,0.8
Drug_100003202,Drug_100003152,0.5714285714285714
Drug_100003202,Drug_100004811,0.9230769230769231
Drug_100003202,Drug_100005314,0.8
Drug_5291,Drug_216239,0.631578947368421
Drug_5291,Drug_9926791,0.7027027027027027
Drug_5291,Drug_24826799,0.7482014388489209
Drug_5291,Drug_100005291,1.0
Drug_5291,Drug_103062316,0.6145251396648045
Drug_100003056,Drug_5832,0.9722222222222222
Drug_100003056,Drug_5920,0.9210526315789473
Drug_100003056,Drug_5995,0.9722222222222222
Drug_100003056,Drug_9642,1.0
Drug_100003056,Drug_21800,1.0
Drug_100003056,Drug_444008,0.9722222222222222
Drug_100003056,Drug_449171,1.0
Drug_100003056,Drug_5281034,1.0
Drug_100003056,Drug_100002375,0.9459459459459459
Drug_100003056,Drug_100002462,0.9722222222222222
Drug_100003056,Drug_100002791,1.0
Drug_100003056,Drug_100002949,0.9722222222222222
Drug_100003056,Drug_100003384,1.0
Drug_100003056,Drug_100003399,1.0
Drug_100003056,Drug_100004042,0.9722222222222222
Drug_100003056,Drug_100004160,1.0
Drug_100003056,Drug_100005035,0.5932203389830508
Drug_100003056,Drug_100005267,0.9722222222222222
Drug_100003056,Drug_100005410,0.9722222222222222
Drug_100003056,Drug_100005470,0.9722222222222222
Drug_100003056,Drug_100005645,0.9210526315789473
Drug_100003056,Drug_100009904,1.0
Drug_100002145,Drug_3032,0.7647058823529411
Drug_100002145,Drug_91429,0.896551724137931
Drug_100002145,Drug_100003793,0.7222222222222222
Drug_100002145,Drug_100004174,0.5
Drug_100002145,Drug_100014917,0.7027027027027027
Drug_100002145,Drug_100132971,1.0
Drug_9552079,Drug_100002713,1.0
Drug_5463984,Drug_5362118,1.0
Drug_5463984,Drug_5362123,1.0
Drug_5463984,Drug_5362129,1.0
Drug_5463984,Drug_5388961,1.0
Drug_5463984,Drug_100003222,1.0
Drug_5463984,Drug_100128549,1.0
Drug_5284627,Drug_4100,1.0
Drug_5284627,Drug_5560,0.5625
Drug_5284627,Drug_100002662,0.5161290322580645
Drug_5284627,Drug_100003440,0.6470588235294118
Drug_100148192,Drug_148192,1.0
Drug_100148192,Drug_100004240,0.5
Drug_100148192,Drug_100004889,0.5
Drug_100003793,Drug_3032,0.5909090909090909
Drug_100003793,Drug_91429,0.6883116883116883
Drug_100003793,Drug_100014917,0.5531914893617021
Drug_100003793,Drug_100132971,0.7222222222222222
Drug_219078,Drug_100003440,0.4230769230769231
Drug_219078,Drug_100219078,1.0
Drug_100003373,Drug_100005732,0.6842105263157895
Drug_216239,Drug_9926791,0.697986577181208
Drug_216239,Drug_24826799,0.7428571428571429
Drug_216239,Drug_100005291,0.631578947368421
Drug_216239,Drug_103062316,0.7058823529411765
Drug_100004736,Drug_2215,0.9349112426035503
Drug_100004736,Drug_2771,0.8578947368421053
Drug_100004736,Drug_2783,0.9294117647058824
Drug_100004736,Drug_2818,0.8115942028985508
Drug_100004736,Drug_3158,0.8624338624338624
Drug_100004736,Drug_3340,0.9349112426035503
Drug_100004736,Drug_3386,0.8534031413612565
Drug_100004736,Drug_3559,0.9285714285714286
Drug_100004736,Drug_3827,0.9588235294117647
Drug_100004736,Drug_3961,0.9132947976878613
Drug_100004736,Drug_4095,0.8229166666666666
Drug_100004736,Drug_5002,0.8842105263157894
Drug_100004736,Drug_5073,0.9209039548022598
Drug_100004736,Drug_5090,0.8876404494382022
Drug_100004736,Drug_5656,0.8359788359788359
Drug_100004736,Drug_5775,0.9294117647058824
Drug_100004736,Drug_6005,0.9349112426035503
Drug_100004736,Drug_8230,0.9349112426035503
Drug_100004736,Drug_23897,0.9294117647058824
Drug_100004736,Drug_60795,0.9438202247191011
Drug_100004736,Drug_77998,0.7669902912621359
Drug_100004736,Drug_115237,0.9186046511627907
Drug_100004736,Drug_129211,0.9349112426035503
Drug_100004736,Drug_216237,0.9349112426035503
Drug_100004736,Drug_638678,0.9349112426035503
Drug_100004736,Drug_5280360,0.9349112426035503
Drug_100004736,Drug_5284604,0.9349112426035503
Drug_100004736,Drug_5311068,0.9349112426035503
Drug_100004736,Drug_5359272,0.9349112426035503
Drug_100004736,Drug_24965990,0.9349112426035503
Drug_100004736,Drug_100000681,0.79
Drug_100004736,Drug_100000774,0.5962264150943396
Drug_100004736,Drug_100002215,0.9239766081871345
Drug_100004736,Drug_100002369,0.9349112426035503
Drug_100004736,Drug_100002540,0.9239766081871345
Drug_100004736,Drug_100002726,0.8983957219251337
Drug_100004736,Drug_100002764,0.9294117647058824
Drug_100004736,Drug_100002781,0.92
Drug_100004736,Drug_100002995,0.8586387434554974
Drug_100004736,Drug_100003007,0.8359788359788359
Drug_100004736,Drug_100003157,0.9239766081871345
Drug_100004736,Drug_100003251,0.9411764705882353
Drug_100004736,Drug_100003345,0.9239766081871345
Drug_100004736,Drug_100003696,0.845360824742268
Drug_100004736,Drug_100003827,0.9588235294117647
Drug_100004736,Drug_100003954,0.9186046511627907
Drug_100004736,Drug_100004140,0.9294117647058824
Drug_100004736,Drug_100004635,0.9349112426035503
Drug_100004736,Drug_100004893,0.9080459770114943
Drug_100004736,Drug_100005401,0.9294117647058824
Drug_100004736,Drug_100005524,0.8404255319148937
Drug_100004736,Drug_100005771,0.9349112426035503
Drug_100004736,Drug_100010100,0.9235294117647059
Drug_100004736,Drug_100012453,0.9349112426035503
Drug_100004736,Drug_100041693,0.9294117647058824
Drug_100004736,Drug_100054313,0.9239766081871345
Drug_100004736,Drug_100054373,0.9349112426035503
Drug_100004736,Drug_100068613,0.9349112426035503
Drug_100004736,Drug_100216237,0.9349112426035503
Drug_100004736,Drug_106433117,0.9349112426035503
Drug_100002662,Drug_4100,0.5161290322580645
Drug_5090,Drug_2215,0.9461077844311377
Drug_5090,Drug_2771,0.8186528497409327
Drug_5090,Drug_2783,0.9404761904761905
Drug_5090,Drug_2818,0.7348837209302326
Drug_5090,Drug_3158,0.8229166666666666
Drug_5090,Drug_3340,0.9461077844311377
Drug_5090,Drug_3386,0.8144329896907216
Drug_5090,Drug_3559,0.8272251308900523
Drug_5090,Drug_3827,0.9132947976878613
Drug_5090,Drug_3961,0.9239766081871345
Drug_5090,Drug_4095,0.8315789473684211
Drug_5090,Drug_5002,0.797979797979798
Drug_5090,Drug_5073,0.8777777777777778
Drug_5090,Drug_5656,0.8449197860962567
Drug_5090,Drug_5775,0.9404761904761905
Drug_5090,Drug_6005,0.9461077844311377
Drug_5090,Drug_8230,0.9461077844311377
Drug_5090,Drug_23897,0.9404761904761905
Drug_5090,Drug_60795,0.8494623655913979
Drug_5090,Drug_77998,0.7745098039215687
Drug_5090,Drug_115237,0.9294117647058824
Drug_5090,Drug_129211,0.9461077844311377
Drug_5090,Drug_216237,0.9461077844311377
Drug_5090,Drug_638678,0.9461077844311377
Drug_5090,Drug_5280360,0.9461077844311377
Drug_5090,Drug_5284604,0.9461077844311377
Drug_5090,Drug_5311068,0.9461077844311377
Drug_5090,Drug_5359272,0.9461077844311377
Drug_5090,Drug_24965990,0.9461077844311377
Drug_5090,Drug_100000681,0.797979797979798
Drug_5090,Drug_100000774,0.6007604562737643
Drug_5090,Drug_100002215,0.9349112426035503
Drug_5090,Drug_100002369,0.9461077844311377
Drug_5090,Drug_100002540,0.9349112426035503
Drug_5090,Drug_100002726,0.8102564102564103
Drug_5090,Drug_100002764,0.9404761904761905
Drug_5090,Drug_100002781,0.8977272727272727
Drug_5090,Drug_100002995,0.8102564102564103
Drug_5090,Drug_100003007,0.8449197860962567
Drug_5090,Drug_100003157,0.9349112426035503
Drug_5090,Drug_100003251,0.9294117647058824
Drug_5090,Drug_100003345,0.9349112426035503
Drug_5090,Drug_100003696,0.797979797979798
Drug_5090,Drug_100003827,0.9132947976878613
Drug_5090,Drug_100003954,0.9294117647058824
Drug_5090,Drug_100004140,0.9404761904761905
Drug_5090,Drug_100004635,0.9461077844311377
Drug_5090,Drug_100004893,0.9186046511627907
Drug_5090,Drug_100005401,0.9404761904761905
Drug_5090,Drug_100005524,0.8494623655913979
Drug_5090,Drug_100005771,0.9461077844311377
Drug_5090,Drug_100010100,0.9345238095238095
Drug_5090,Drug_100012453,0.9461077844311377
Drug_5090,Drug_100041693,0.9404761904761905
Drug_5090,Drug_100054313,0.9349112426035503
Drug_5090,Drug_100054373,0.9461077844311377
Drug_5090,Drug_100068613,0.9461077844311377
Drug_5090,Drug_100216237,0.9461077844311377
Drug_5090,Drug_106433117,0.9461077844311377
Drug_100132971,Drug_3032,0.7647058823529411
Drug_100132971,Drug_91429,0.896551724137931
Drug_100132971,Drug_100004174,0.5
Drug_100132971,Drug_100014917,0.7027027027027027
Drug_6918638,Drug_100005311,0.9090909090909091
Drug_60795,Drug_2215,0.8926553672316384
Drug_60795,Drug_2771,0.8704663212435233
Drug_60795,Drug_2783,0.8876404494382022
Drug_60795,Drug_2818,0.8502415458937198
Drug_60795,Drug_3158,0.8652849740932642
Drug_60795,Drug_3340,0.8926553672316384
Drug_60795,Drug_3386,0.865979381443299
Drug_60795,Drug_3559,0.9405405405405406
Drug_60795,Drug_3827,0.9265536723163842
Drug_60795,Drug_3961,0.8729281767955801
Drug_60795,Drug_4095,0.8358974358974359
Drug_60795,Drug_5002,0.9162303664921466
Drug_60795,Drug_5073,0.9333333333333333
Drug_60795,Drug_5656,0.8298969072164949
Drug_60795,Drug_5775,0.8983050847457628
Drug_60795,Drug_6005,0.8926553672316384
Drug_60795,Drug_8230,0.8926553672316384
Drug_60795,Drug_23897,0.8983050847457628
Drug_60795,Drug_77998,0.7383177570093458
Drug_60795,Drug_115237,0.9096045197740112
Drug_60795,Drug_129211,0.8926553672316384
Drug_60795,Drug_216237,0.8926553672316384
Drug_60795,Drug_638678,0.8926553672316384
Drug_60795,Drug_5280360,0.8926553672316384
Drug_60795,Drug_5284604,0.8926553672316384
Drug_60795,Drug_5311068,0.8926553672316384
Drug_60795,Drug_5359272,0.8926553672316384
Drug_60795,Drug_24965990,0.8926553672316384
Drug_60795,Drug_100000681,0.7853658536585366
Drug_60795,Drug_100000774,0.5845588235294118
Drug_60795,Drug_100002215,0.8932584269662921
Drug_60795,Drug_100002369,0.8926553672316384
Drug_60795,Drug_100002540,0.88268156424581
Drug_60795,Drug_100002726,0.9206349206349206
Drug_60795,Drug_100002764,0.8876404494382022
Drug_60795,Drug_100002781,0.9217877094972067
Drug_60795,Drug_100002995,0.8711340206185567
Drug_60795,Drug_100003007,0.8298969072164949
Drug_60795,Drug_100003157,0.903954802259887
Drug_60795,Drug_100003251,0.898876404494382
Drug_60795,Drug_100003345,0.903954802259887
Drug_60795,Drug_100003696,0.8578680203045685
Drug_60795,Drug_100003827,0.9265536723163842
Drug_60795,Drug_100003954,0.898876404494382
Drug_60795,Drug_100004140,0.8876404494382022
Drug_60795,Drug_100004635,0.8926553672316384
Drug_60795,Drug_100004893,0.8784530386740331
Drug_60795,Drug_100005401,0.8983050847457628
Drug_60795,Drug_100005524,0.8341968911917098
Drug_60795,Drug_100005771,0.8926553672316384
Drug_60795,Drug_100010100,0.8926553672316384
Drug_60795,Drug_100012453,0.8926553672316384
Drug_60795,Drug_100041693,0.8876404494382022
Drug_60795,Drug_100054313,0.88268156424581
Drug_60795,Drug_100054373,0.8926553672316384
Drug_60795,Drug_100068613,0.8926553672316384
Drug_60795,Drug_100216237,0.8926553672316384
Drug_60795,Drug_106433117,0.8926553672316384
Drug_5314,Drug_3202,0.8
Drug_5314,Drug_9651,0.8
Drug_5314,Drug_656926,0.6666666666666666
Drug_5314,Drug_100002551,0.46875
Drug_5314,Drug_100003152,0.5
Drug_5314,Drug_100004811,0.75
Drug_5314,Drug_100005314,1.0
Drug_100004158,Drug_1615,0.6785714285714286
Drug_100004158,Drug_65856,0.7916666666666666
Drug_100004158,Drug_100005466,0.8636363636363636
Drug_5282379,Drug_100004036,0.5714285714285714
Drug_124087,Drug_3947,0.5789473684210527
Drug_124087,Drug_4034,0.4
Drug_124087,Drug_62865,0.4166666666666667
Drug_124087,Drug_154417,0.4
Drug_124087,Drug_100002370,0.4
Drug_124087,Drug_100004992,0.42857142857142855
Drug_100000247,Drug_100002232,0.9894736842105263
Drug_84003,Drug_100005359,0.6666666666666666
Drug_100004893,Drug_2215,0.9693251533742331
Drug_100004893,Drug_2771,0.8457446808510638
Drug_100004893,Drug_2783,0.9634146341463414
Drug_100004893,Drug_2818,0.7571428571428571
Drug_100004893,Drug_3158,0.8404255319148937
Drug_100004893,Drug_3340,0.9693251533742331
Drug_100004893,Drug_3386,0.8412698412698413
Drug_100004893,Drug_3559,0.8548387096774194
Drug_100004893,Drug_3827,0.9349112426035503
Drug_100004893,Drug_3961,0.9461077844311377
Drug_100004893,Drug_4095,0.8594594594594595
Drug_100004893,Drug_5002,0.8144329896907216
Drug_100004893,Drug_5073,0.9195402298850575
Drug_100004893,Drug_5656,0.8633879781420765
Drug_100004893,Drug_5775,0.9754601226993865
Drug_100004893,Drug_6005,0.9693251533742331
Drug_100004893,Drug_8230,0.9693251533742331
Drug_100004893,Drug_23897,0.9634146341463414
Drug_100004893,Drug_77998,0.79
Drug_100004893,Drug_115237,0.9636363636363636
Drug_100004893,Drug_129211,0.9693251533742331
Drug_100004893,Drug_216237,0.9693251533742331
Drug_100004893,Drug_638678,0.9693251533742331
Drug_100004893,Drug_5280360,0.9693251533742331
Drug_100004893,Drug_5284604,0.9693251533742331
Drug_100004893,Drug_5311068,0.9693251533742331
Drug_100004893,Drug_5359272,0.9693251533742331
Drug_100004893,Drug_24965990,0.9693251533742331
Drug_100004893,Drug_100000681,0.8238341968911918
Drug_100004893,Drug_100000774,0.61003861003861
Drug_100004893,Drug_100002215,0.9575757575757575
Drug_100004893,Drug_100002369,0.9693251533742331
Drug_100004893,Drug_100002540,0.9575757575757575
Drug_100004893,Drug_100002726,0.8368421052631579
Drug_100004893,Drug_100002764,0.9634146341463414
Drug_100004893,Drug_100002781,0.9298245614035088
Drug_100004893,Drug_100002995,0.8465608465608465
Drug_100004893,Drug_100003007,0.8633879781420765
Drug_100004893,Drug_100003157,0.9695121951219512
Drug_100004893,Drug_100003251,0.9518072289156626
Drug_100004893,Drug_100003345,0.9695121951219512
Drug_100004893,Drug_100003696,0.8429319371727748
Drug_100004893,Drug_100003827,0.9349112426035503
Drug_100004893,Drug_100003954,0.9518072289156626
Drug_100004893,Drug_100004140,0.9634146341463414
Drug_100004893,Drug_100004635,0.9693251533742331
Drug_100004893,Drug_100005401,0.9754601226993865
Drug_100004893,Drug_100005524,0.8681318681318682
Drug_100004893,Drug_100005771,0.9693251533742331
Drug_100004893,Drug_100010100,0.9693251533742331
Drug_100004893,Drug_100012453,0.9693251533742331
Drug_100004893,Drug_100041693,0.9634146341463414
Drug_100004893,Drug_100054313,0.9575757575757575
Drug_100004893,Drug_100054373,0.9693251533742331
Drug_100004893,Drug_100068613,0.9693251533742331
Drug_100004893,Drug_100216237,0.9693251533742331
Drug_100004893,Drug_106433117,0.9693251533742331
Drug_21800,Drug_5832,0.9722222222222222
Drug_21800,Drug_5920,0.9210526315789473
Drug_21800,Drug_5995,0.9722222222222222
Drug_21800,Drug_9642,1.0
Drug_21800,Drug_444008,0.9722222222222222
Drug_21800,Drug_449171,1.0
Drug_21800,Drug_5281034,1.0
Drug_21800,Drug_100002375,0.9459459459459459
Drug_21800,Drug_100002462,0.9722222222222222
Drug_21800,Drug_100002791,1.0
Drug_21800,Drug_100002949,0.9722222222222222
Drug_21800,Drug_100003384,1.0
Drug_21800,Drug_100003399,1.0
Drug_21800,Drug_100004042,0.9722222222222222
Drug_21800,Drug_100004160,1.0
Drug_21800,Drug_100005035,0.5932203389830508
Drug_21800,Drug_100005267,0.9722222222222222
Drug_21800,Drug_100005410,0.9722222222222222
Drug_21800,Drug_100005470,0.9722222222222222
Drug_21800,Drug_100005645,0.9210526315789473
Drug_21800,Drug_100009904,1.0
Drug_100002370,Drug_3947,0.4
Drug_100002370,Drug_4034,1.0
Drug_100002370,Drug_5909,0.75
Drug_100002370,Drug_154417,1.0
Drug_100002370,Drug_100004120,0.8333333333333334
Drug_2771,Drug_2215,0.8586956521739131
Drug_2771,Drug_2783,0.8540540540540541
Drug_2771,Drug_2818,0.8932038834951457
Drug_2771,Drug_3158,0.9945652173913043
Drug_2771,Drug_3340,0.8586956521739131
Drug_2771,Drug_3386,0.9945945945945946
Drug_2771,Drug_3559,0.8484848484848485
Drug_2771,Drug_3827,0.8913043478260869
Drug_2771,Drug_3961,0.8404255319148937
Drug_2771,Drug_4095,0.9518716577540107
Drug_2771,Drug_5002,0.8106796116504854
Drug_2771,Drug_5073,0.8983957219251337
Drug_2771,Drug_5656,0.9567567567567568
Drug_2771,Drug_5775,0.8641304347826086
Drug_2771,Drug_6005,0.8586956521739131
Drug_2771,Drug_8230,0.8586956521739131
Drug_2771,Drug_23897,0.8641304347826086
Drug_2771,Drug_77998,0.7149321266968326
Drug_2771,Drug_115237,0.875
Drug_2771,Drug_129211,0.8586956521739131
Drug_2771,Drug_216237,0.8586956521739131
Drug_2771,Drug_638678,0.8586956521739131
Drug_2771,Drug_5280360,0.8586956521739131
Drug_2771,Drug_5284604,0.8586956521739131
Drug_2771,Drug_5311068,0.8586956521739131
Drug_2771,Drug_5359272,0.8586956521739131
Drug_2771,Drug_24965990,0.8586956521739131
Drug_2771,Drug_100000681,0.9030612244897959
Drug_2771,Drug_100000774,0.5698924731182796
Drug_2771,Drug_100002215,0.8594594594594595
Drug_2771,Drug_100002369,0.8586956521739131
Drug_2771,Drug_100002540,0.8494623655913979
Drug_2771,Drug_100002726,0.8316831683168316
Drug_2771,Drug_100002764,0.8540540540540541
Drug_2771,Drug_100002781,0.8870967741935484
Drug_2771,Drug_100002995,0.989247311827957
Drug_2771,Drug_100003007,0.9567567567567568
Drug_2771,Drug_100003157,0.8695652173913043
Drug_2771,Drug_100003251,0.8648648648648649
Drug_2771,Drug_100003345,0.8594594594594595
Drug_2771,Drug_100003696,0.9735449735449735
Drug_2771,Drug_100003827,0.8913043478260869
Drug_2771,Drug_100003954,0.8548387096774194
Drug_2771,Drug_100004140,0.8540540540540541
Drug_2771,Drug_100004635,0.8586956521739131
Drug_2771,Drug_100005401,0.8641304347826086
Drug_2771,Drug_100005524,0.9619565217391305
Drug_2771,Drug_100005771,0.8586956521739131
Drug_2771,Drug_100010100,0.8586956521739131
Drug_2771,Drug_100012453,0.8586956521739131
Drug_2771,Drug_100041693,0.8540540540540541
Drug_2771,Drug_100054313,0.8494623655913979
Drug_2771,Drug_100054373,0.8586956521739131
Drug_2771,Drug_100068613,0.8586956521739131
Drug_2771,Drug_100216237,0.8586956521739131
Drug_2771,Drug_106433117,0.8586956521739131
Drug_115237,Drug_2215,0.9813664596273292
Drug_115237,Drug_2783,0.9753086419753086
Drug_115237,Drug_2818,0.7815533980582524
Drug_115237,Drug_3158,0.8695652173913043
Drug_115237,Drug_3340,0.9813664596273292
Drug_115237,Drug_3386,0.8702702702702703
Drug_115237,Drug_3559,0.8846153846153846
Drug_115237,Drug_3827,0.9578313253012049
Drug_115237,Drug_3961,0.9575757575757575
Drug_115237,Drug_4095,0.8791208791208791
Drug_115237,Drug_5002,0.8421052631578947
Drug_115237,Drug_5073,0.9415204678362573
Drug_115237,Drug_5656,0.8833333333333333
Drug_115237,Drug_5775,0.9875776397515528
Drug_115237,Drug_6005,0.9813664596273292
Drug_115237,Drug_8230,0.9813664596273292
Drug_115237,Drug_23897,0.9875776397515528
Drug_115237,Drug_77998,0.797979797979798
Drug_115237,Drug_129211,0.9813664596273292
Drug_115237,Drug_216237,0.9813664596273292
Drug_115237,Drug_638678,0.9813664596273292
Drug_115237,Drug_5280360,0.9813664596273292
Drug_115237,Drug_5284604,0.9813664596273292
Drug_115237,Drug_5311068,0.9813664596273292
Drug_115237,Drug_5359272,0.9813664596273292
Drug_115237,Drug_24965990,0.9813664596273292
Drug_115237,Drug_100000681,0.8324607329842932
Drug_115237,Drug_100000774,0.62109375
Drug_115237,Drug_100002215,0.9693251533742331
Drug_115237,Drug_100002369,0.9813664596273292
Drug_115237,Drug_100002540,0.9693251533742331
Drug_115237,Drug_100002726,0.8655913978494624
Drug_115237,Drug_100002764,0.9753086419753086
Drug_115237,Drug_100002781,0.9640718562874252
Drug_115237,Drug_100002995,0.8655913978494624
Drug_115237,Drug_100003007,0.8833333333333333
Drug_115237,Drug_100003157,0.9937888198757764
Drug_115237,Drug_100003251,0.9634146341463414
Drug_115237,Drug_100003345,0.9814814814814815
Drug_115237,Drug_100003696,0.8518518518518519
Drug_115237,Drug_100003827,0.9578313253012049
Drug_115237,Drug_100003954,0.9634146341463414
Drug_115237,Drug_100004140,0.9753086419753086
Drug_115237,Drug_100004635,0.9813664596273292
Drug_115237,Drug_100005401,0.9875776397515528
Drug_115237,Drug_100005524,0.888268156424581
Drug_115237,Drug_100005771,0.9813664596273292
Drug_115237,Drug_100010100,0.9813664596273292
Drug_115237,Drug_100012453,0.9813664596273292
Drug_115237,Drug_100041693,0.9753086419753086
Drug_115237,Drug_100054313,0.9693251533742331
Drug_115237,Drug_100054373,0.9813664596273292
Drug_115237,Drug_100068613,0.9813664596273292
Drug_115237,Drug_100216237,0.9813664596273292
Drug_115237,Drug_106433117,0.9813664596273292
Drug_100041693,Drug_2215,0.9937106918238994
Drug_100041693,Drug_2783,0.9875
Drug_100041693,Drug_2818,0.7632850241545893
Drug_100041693,Drug_3158,0.8586956521739131
Drug_100041693,Drug_3340,0.9937106918238994
Drug_100041693,Drug_3386,0.8494623655913979
Drug_100041693,Drug_3559,0.8633879781420765
Drug_100041693,Drug_3827,0.9575757575757575
Drug_100041693,Drug_3961,0.9693251533742331
Drug_100041693,Drug_4095,0.8681318681318682
Drug_100041693,Drug_5002,0.8315789473684211
Drug_100041693,Drug_5073,0.9186046511627907
Drug_100041693,Drug_5656,0.88268156424581
Drug_100041693,Drug_5775,0.9875
Drug_100041693,Drug_6005,0.9937106918238994
Drug_100041693,Drug_8230,0.9937106918238994
Drug_100041693,Drug_23897,0.9875
Drug_100041693,Drug_77998,0.8061224489795918
Drug_100041693,Drug_129211,0.9937106918238994
Drug_100041693,Drug_216237,0.9937106918238994
Drug_100041693,Drug_638678,0.9937106918238994
Drug_100041693,Drug_5280360,0.9937106918238994
Drug_100041693,Drug_5284604,0.9937106918238994
Drug_100041693,Drug_5311068,0.9937106918238994
Drug_100041693,Drug_5359272,0.9937106918238994
Drug_100041693,Drug_24965990,0.9937106918238994
Drug_100041693,Drug_100000681,0.8315789473684211
Drug_100041693,Drug_100000774,0.6196078431372549
Drug_100041693,Drug_100002215,0.9813664596273292
Drug_100041693,Drug_100002369,0.9937106918238994
Drug_100041693,Drug_100002540,0.9813664596273292
Drug_100041693,Drug_100002726,0.8449197860962567
Drug_100041693,Drug_100002764,0.9875
Drug_100041693,Drug_100002781,0.9404761904761905
Drug_100041693,Drug_100002995,0.8449197860962567
Drug_100041693,Drug_100003007,0.88268156424581
Drug_100041693,Drug_100003157,0.9813664596273292
Drug_100041693,Drug_100003251,0.9753086419753086
Drug_100041693,Drug_100003345,0.9813664596273292
Drug_100041693,Drug_100003696,0.8315789473684211
Drug_100041693,Drug_100003827,0.9575757575757575
Drug_100041693,Drug_100003954,0.9753086419753086
Drug_100041693,Drug_100004140,0.9875
Drug_100041693,Drug_100004635,0.9937106918238994
Drug_100041693,Drug_100005401,0.9875
Drug_100041693,Drug_100005524,0.8876404494382022
Drug_100041693,Drug_100005771,0.9937106918238994
Drug_100041693,Drug_100010100,0.98125
Drug_100041693,Drug_100012453,0.9937106918238994
Drug_100041693,Drug_100054313,0.9813664596273292
Drug_100041693,Drug_100054373,0.9937106918238994
Drug_100041693,Drug_100068613,0.9937106918238994
Drug_100041693,Drug_100216237,0.9937106918238994
Drug_100041693,Drug_106433117,0.9937106918238994
Drug_100219024,Drug_100004046,0.5
Drug_100005032,Drug_4810,0.42857142857142855
Drug_100128549,Drug_5362118,1.0
Drug_100128549,Drug_5362123,1.0
Drug_100128549,Drug_5362129,1.0
Drug_100128549,Drug_5388961,1.0
Drug_100128549,Drug_100003222,1.0
Drug_100004174,Drug_91429,0.4482758620689655
Drug_449171,Drug_5832,0.9722222222222222
Drug_449171,Drug_5920,0.9210526315789473
Drug_449171,Drug_5995,0.9722222222222222
Drug_449171,Drug_9642,1.0
Drug_449171,Drug_444008,0.9722222222222222
Drug_449171,Drug_5281034,1.0
Drug_449171,Drug_100002375,0.9459459459459459
Drug_449171,Drug_100002462,0.9722222222222222
Drug_449171,Drug_100002791,1.0
Drug_449171,Drug_100002949,0.9722222222222222
Drug_449171,Drug_100003384,1.0
Drug_449171,Drug_100003399,1.0
Drug_449171,Drug_100004042,0.9722222222222222
Drug_449171,Drug_100004160,1.0
Drug_449171,Drug_100005035,0.5932203389830508
Drug_449171,Drug_100005267,0.9722222222222222
Drug_449171,Drug_100005410,0.9722222222222222
Drug_449171,Drug_100005470,0.9722222222222222
Drug_449171,Drug_100005645,0.9210526315789473
Drug_449171,Drug_100009904,1.0
Drug_100005645,Drug_5832,0.8974358974358975
Drug_100005645,Drug_5920,0.8536585365853658
Drug_100005645,Drug_5995,0.8974358974358975
Drug_100005645,Drug_9642,0.9210526315789473
Drug_100005645,Drug_444008,0.8974358974358975
Drug_100005645,Drug_5281034,0.9210526315789473
Drug_100005645,Drug_100000303,0.4
Drug_100005645,Drug_100002375,0.875
Drug_100005645,Drug_100002462,0.8974358974358975
Drug_100005645,Drug_100002791,0.9210526315789473
Drug_100005645,Drug_100002949,0.8974358974358975
Drug_100005645,Drug_100003384,0.9210526315789473
Drug_100005645,Drug_100003399,0.9210526315789473
Drug_100005645,Drug_100004042,0.8974358974358975
Drug_100005645,Drug_100004160,0.9210526315789473
Drug_100005645,Drug_100005035,0.5645161290322581
Drug_100005645,Drug_100005267,0.8974358974358975
Drug_100005645,Drug_100005410,0.8974358974358975
Drug_100005645,Drug_100005470,0.8974358974358975
Drug_100005645,Drug_100009904,0.9210526315789473
Drug_24965990,Drug_2215,1.0
Drug_24965990,Drug_2783,0.9937106918238994
Drug_24965990,Drug_2818,0.7669902912621359
Drug_24965990,Drug_3158,0.8633879781420765
Drug_24965990,Drug_3340,1.0
Drug_24965990,Drug_3386,0.8540540540540541
Drug_24965990,Drug_3559,0.8681318681318682
Drug_24965990,Drug_3827,0.9634146341463414
Drug_24965990,Drug_3961,0.9753086419753086
Drug_24965990,Drug_4095,0.8729281767955801
Drug_24965990,Drug_5002,0.8359788359788359
Drug_24965990,Drug_5073,0.9239766081871345
Drug_24965990,Drug_5656,0.8876404494382022
Drug_24965990,Drug_5775,0.9937106918238994
Drug_24965990,Drug_6005,1.0
Drug_24965990,Drug_8230,1.0
Drug_24965990,Drug_23897,0.9937106918238994
Drug_24965990,Drug_77998,0.8102564102564103
Drug_24965990,Drug_129211,1.0
Drug_24965990,Drug_216237,1.0
Drug_24965990,Drug_638678,1.0
Drug_24965990,Drug_5280360,1.0
Drug_24965990,Drug_5284604,1.0
Drug_24965990,Drug_5311068,1.0
Drug_24965990,Drug_5359272,1.0
Drug_24965990,Drug_100000681,0.8359788359788359
Drug_24965990,Drug_100000774,0.6220472440944882
Drug_24965990,Drug_100002215,0.9875
Drug_24965990,Drug_100002369,1.0
Drug_24965990,Drug_100002540,0.9875
Drug_24965990,Drug_100002726,0.8494623655913979
Drug_24965990,Drug_100002764,0.9937106918238994
Drug_24965990,Drug_100002781,0.9461077844311377
Drug_24965990,Drug_100002995,0.8494623655913979
Drug_24965990,Drug_100003007,0.8876404494382022
Drug_24965990,Drug_100003157,0.9875
Drug_24965990,Drug_100003251,0.9813664596273292
Drug_24965990,Drug_100003345,0.9875
Drug_24965990,Drug_100003696,0.8359788359788359
Drug_24965990,Drug_100003827,0.9634146341463414
Drug_24965990,Drug_100003954,0.9813664596273292
Drug_24965990,Drug_100004140,0.9937106918238994
Drug_24965990,Drug_100004635,1.0
Drug_24965990,Drug_100005401,0.9937106918238994
Drug_24965990,Drug_100005524,0.8926553672316384
Drug_24965990,Drug_100005771,1.0
Drug_24965990,Drug_100010100,0.9874213836477987
Drug_24965990,Drug_100012453,1.0
Drug_24965990,Drug_100054313,0.9875
Drug_24965990,Drug_100054373,1.0
Drug_24965990,Drug_100068613,1.0
Drug_24965990,Drug_100216237,1.0
Drug_24965990,Drug_106433117,1.0
Drug_5245,Drug_4673,1.0
Drug_5245,Drug_100005245,1.0
Drug_5359272,Drug_2215,1.0
Drug_5359272,Drug_2783,0.9937106918238994
Drug_5359272,Drug_2818,0.7669902912621359
Drug_5359272,Drug_3158,0.8633879781420765
Drug_5359272,Drug_3340,1.0
Drug_5359272,Drug_3386,0.8540540540540541
Drug_5359272,Drug_3559,0.8681318681318682
Drug_5359272,Drug_3827,0.9634146341463414
Drug_5359272,Drug_3961,0.9753086419753086
Drug_5359272,Drug_4095,0.8729281767955801
Drug_5359272,Drug_5002,0.8359788359788359
Drug_5359272,Drug_5073,0.9239766081871345
Drug_5359272,Drug_5656,0.8876404494382022
Drug_5359272,Drug_5775,0.9937106918238994
Drug_5359272,Drug_6005,1.0
Drug_5359272,Drug_8230,1.0
Drug_5359272,Drug_23897,0.9937106918238994
Drug_5359272,Drug_77998,0.8102564102564103
Drug_5359272,Drug_129211,1.0
Drug_5359272,Drug_216237,1.0
Drug_5359272,Drug_638678,1.0
Drug_5359272,Drug_5280360,1.0
Drug_5359272,Drug_5284604,1.0
Drug_5359272,Drug_5311068,1.0
Drug_5359272,Drug_100000681,0.8359788359788359
Drug_5359272,Drug_100000774,0.6220472440944882
Drug_5359272,Drug_100002215,0.9875
Drug_5359272,Drug_100002369,1.0
Drug_5359272,Drug_100002540,0.9875
Drug_5359272,Drug_100002726,0.8494623655913979
Drug_5359272,Drug_100002764,0.9937106918238994
Drug_5359272,Drug_100002781,0.9461077844311377
Drug_5359272,Drug_100002995,0.8494623655913979
Drug_5359272,Drug_100003007,0.8876404494382022
Drug_5359272,Drug_100003157,0.9875
Drug_5359272,Drug_100003251,0.9813664596273292
Drug_5359272,Drug_100003345,0.9875
Drug_5359272,Drug_100003696,0.8359788359788359
Drug_5359272,Drug_100003827,0.9634146341463414
Drug_5359272,Drug_100003954,0.9813664596273292
Drug_5359272,Drug_100004140,0.9937106918238994
Drug_5359272,Drug_100004635,1.0
Drug_5359272,Drug_100005401,0.9937106918238994
Drug_5359272,Drug_100005524,0.8926553672316384
Drug_5359272,Drug_100005771,1.0
Drug_5359272,Drug_100010100,0.9874213836477987
Drug_5359272,Drug_100012453,1.0
Drug_5359272,Drug_100054313,0.9875
Drug_5359272,Drug_100054373,1.0
Drug_5359272,Drug_100068613,1.0
Drug_5359272,Drug_100216237,1.0
Drug_5359272,Drug_106433117,1.0
Drug_100010100,Drug_2215,0.9874213836477987
Drug_100010100,Drug_2783,0.98125
Drug_100010100,Drug_2818,0.7669902912621359
Drug_100010100,Drug_3158,0.8532608695652174
Drug_100010100,Drug_3340,0.9874213836477987
Drug_100010100,Drug_3386,0.8540540540540541
Drug_100010100,Drug_3559,0.8681318681318682
Drug_100010100,Drug_3827,0.9515151515151515
Drug_100010100,Drug_3961,0.9631901840490797
Drug_100010100,Drug_4095,0.8729281767955801
Drug_100010100,Drug_5002,0.8263157894736842
Drug_100010100,Drug_5073,0.9239766081871345
Drug_100010100,Drug_5656,0.8770949720670391
Drug_100010100,Drug_5775,0.9937106918238994
Drug_100010100,Drug_6005,0.9874213836477987
Drug_100010100,Drug_8230,0.9874213836477987
Drug_100010100,Drug_23897,0.98125
Drug_100010100,Drug_77998,0.8010204081632653
Drug_100010100,Drug_129211,0.9874213836477987
Drug_100010100,Drug_216237,0.9874213836477987
Drug_100010100,Drug_638678,0.9874213836477987
Drug_100010100,Drug_5280360,0.9874213836477987
Drug_100010100,Drug_5284604,0.9874213836477987
Drug_100010100,Drug_5311068,0.9874213836477987
Drug_100010100,Drug_100000681,0.8263157894736842
Drug_100010100,Drug_100000774,0.615686274509804
Drug_100010100,Drug_100002215,0.9751552795031055
Drug_100010100,Drug_100002369,0.9874213836477987
Drug_100010100,Drug_100002540,0.9751552795031055
Drug_100010100,Drug_100002726,0.8494623655913979
Drug_100010100,Drug_100002764,0.98125
Drug_100010100,Drug_100002781,0.9461077844311377
Drug_100010100,Drug_100002995,0.8494623655913979
Drug_100010100,Drug_100003007,0.8770949720670391
Drug_100010100,Drug_100003157,0.9875
Drug_100010100,Drug_100003251,0.9691358024691358
Drug_100010100,Drug_100003345,0.9875
Drug_100010100,Drug_100003696,0.8359788359788359
Drug_100010100,Drug_100003827,0.9515151515151515
Drug_100010100,Drug_100003954,0.9691358024691358
Drug_100010100,Drug_100004140,0.98125
Drug_100010100,Drug_100004635,0.9874213836477987
Drug_100010100,Drug_100005401,0.9937106918238994
Drug_100010100,Drug_100005524,0.8820224719101124
Drug_100010100,Drug_100005771,0.9874213836477987
Drug_100010100,Drug_100012453,0.9874213836477987
Drug_100010100,Drug_100054313,0.9751552795031055
Drug_100010100,Drug_100054373,0.9874213836477987
Drug_100010100,Drug_100068613,0.9874213836477987
Drug_100010100,Drug_100216237,0.9874213836477987
Drug_100010100,Drug_106433117,0.9874213836477987
Drug_119,Drug_100005732,0.42857142857142855
Drug_2215,Drug_2783,0.9937106918238994
Drug_2215,Drug_2818,0.7669902912621359
Drug_2215,Drug_3158,0.8633879781420765
Drug_2215,Drug_3340,1.0
Drug_2215,Drug_3386,0.8540540540540541
Drug_2215,Drug_3559,0.8681318681318682
Drug_2215,Drug_3827,0.9634146341463414
Drug_2215,Drug_3961,0.9753086419753086
Drug_2215,Drug_4095,0.8729281767955801
Drug_2215,Drug_5002,0.8359788359788359
Drug_2215,Drug_5073,0.9239766081871345
Drug_2215,Drug_5656,0.8876404494382022
Drug_2215,Drug_5775,0.9937106918238994
Drug_2215,Drug_6005,1.0
Drug_2215,Drug_8230,1.0
Drug_2215,Drug_23897,0.9937106918238994
Drug_2215,Drug_77998,0.8102564102564103
Drug_2215,Drug_129211,1.0
Drug_2215,Drug_216237,1.0
Drug_2215,Drug_638678,1.0
Drug_2215,Drug_5280360,1.0
Drug_2215,Drug_5284604,1.0
Drug_2215,Drug_5311068,1.0
Drug_2215,Drug_100000681,0.8359788359788359
Drug_2215,Drug_100000774,0.6220472440944882
Drug_2215,Drug_100002215,0.9875
Drug_2215,Drug_100002369,1.0
Drug_2215,Drug_100002540,0.9875
Drug_2215,Drug_100002726,0.8494623655913979
Drug_2215,Drug_100002764,0.9937106918238994
Drug_2215,Drug_100002781,0.9461077844311377
Drug_2215,Drug_100002995,0.8494623655913979
Drug_2215,Drug_100003007,0.8876404494382022
Drug_2215,Drug_100003157,0.9875
Drug_2215,Drug_100003251,0.9813664596273292
Drug_2215,Drug_100003345,0.9875
Drug_2215,Drug_100003696,0.8359788359788359
Drug_2215,Drug_100003827,0.9634146341463414
Drug_2215,Drug_100003954,0.9813664596273292
Drug_2215,Drug_100004140,0.9937106918238994
Drug_2215,Drug_100004635,1.0
Drug_2215,Drug_100005401,0.9937106918238994
Drug_2215,Drug_100005524,0.8926553672316384
Drug_2215,Drug_100005771,1.0
Drug_2215,Drug_100012453,1.0
Drug_2215,Drug_100054313,0.9875
Drug_2215,Drug_100054373,1.0
Drug_2215,Drug_100068613,1.0
Drug_2215,Drug_100216237,1.0
Drug_2215,Drug_106433117,1.0
Drug_100004635,Drug_2783,0.9937106918238994
Drug_100004635,Drug_2818,0.7669902912621359
Drug_100004635,Drug_3158,0.8633879781420765
Drug_100004635,Drug_3340,1.0
Drug_100004635,Drug_3386,0.8540540540540541
Drug_100004635,Drug_3559,0.8681318681318682
Drug_100004635,Drug_3827,0.9634146341463414
Drug_100004635,Drug_3961,0.9753086419753086
Drug_100004635,Drug_4095,0.8729281767955801
Drug_100004635,Drug_5002,0.8359788359788359
Drug_100004635,Drug_5073,0.9239766081871345
Drug_100004635,Drug_5656,0.8876404494382022
Drug_100004635,Drug_5775,0.9937106918238994
Drug_100004635,Drug_6005,1.0
Drug_100004635,Drug_8230,1.0
Drug_100004635,Drug_23897,0.9937106918238994
Drug_100004635,Drug_77998,0.8102564102564103
Drug_100004635,Drug_129211,1.0
Drug_100004635,Drug_216237,1.0
Drug_100004635,Drug_638678,1.0
Drug_100004635,Drug_5280360,1.0
Drug_100004635,Drug_5284604,1.0
Drug_100004635,Drug_5311068,1.0
Drug_100004635,Drug_100000681,0.8359788359788359
Drug_100004635,Drug_100000774,0.6220472440944882
Drug_100004635,Drug_100002215,0.9875
Drug_100004635,Drug_100002369,1.0
Drug_100004635,Drug_100002540,0.9875
Drug_100004635,Drug_100002726,0.8494623655913979
Drug_100004635,Drug_100002764,0.9937106918238994
Drug_100004635,Drug_100002781,0.9461077844311377
Drug_100004635,Drug_100002995,0.8494623655913979
Drug_100004635,Drug_100003007,0.8876404494382022
Drug_100004635,Drug_100003157,0.9875
Drug_100004635,Drug_100003251,0.9813664596273292
Drug_100004635,Drug_100003345,0.9875
Drug_100004635,Drug_100003696,0.8359788359788359
Drug_100004635,Drug_100003827,0.9634146341463414
Drug_100004635,Drug_100003954,0.9813664596273292
Drug_100004635,Drug_100004140,0.9937106918238994
Drug_100004635,Drug_100005401,0.9937106918238994
Drug_100004635,Drug_100005524,0.8926553672316384
Drug_100004635,Drug_100005771,1.0
Drug_100004635,Drug_100012453,1.0
Drug_100004635,Drug_100054313,0.9875
Drug_100004635,Drug_100054373,1.0
Drug_100004635,Drug_100068613,1.0
Drug_100004635,Drug_100216237,1.0
Drug_100004635,Drug_106433117,1.0
Drug_100002826,Drug_4595,0.43859649122807015
Drug_100002826,Drug_100005466,0.41304347826086957
Drug_100003157,Drug_2783,0.9813664596273292
Drug_100003157,Drug_2818,0.7766990291262136
Drug_100003157,Drug_3158,0.8641304347826086
Drug_100003157,Drug_3340,0.9875
Drug_100003157,Drug_3386,0.8648648648648649
Drug_100003157,Drug_3559,0.8791208791208791
Drug_100003157,Drug_3827,0.9518072289156626
Drug_100003157,Drug_3961,0.9634146341463414
Drug_100003157,Drug_4095,0.8839779005524862
Drug_100003157,Drug_5002,0.8368421052631579
Drug_100003157,Drug_5073,0.935672514619883
Drug_100003157,Drug_5656,0.888268156424581
Drug_100003157,Drug_5775,0.99375
Drug_100003157,Drug_6005,0.9875
Drug_100003157,Drug_8230,0.9875
Drug_100003157,Drug_23897,0.9813664596273292
Drug_100003157,Drug_77998,0.8020304568527918
Drug_100003157,Drug_129211,0.9875
Drug_100003157,Drug_216237,0.9875
Drug_100003157,Drug_638678,0.9875
Drug_100003157,Drug_5280360,0.9875
Drug_100003157,Drug_5284604,0.9875
Drug_100003157,Drug_5311068,0.9875
Drug_100003157,Drug_100000681,0.8368421052631579
Drug_100003157,Drug_100000774,0.6171875
Drug_100003157,Drug_100002215,0.9753086419753086
Drug_100003157,Drug_100002369,0.9875
Drug_100003157,Drug_100002540,0.9753086419753086
Drug_100003157,Drug_100002726,0.8602150537634409
Drug_100003157,Drug_100002764,0.9813664596273292
Drug_100003157,Drug_100002781,0.9580838323353293
Drug_100003157,Drug_100002995,0.8602150537634409
Drug_100003157,Drug_100003007,0.888268156424581
Drug_100003157,Drug_100003251,0.9693251533742331
Drug_100003157,Drug_100003345,0.9875776397515528
Drug_100003157,Drug_100003696,0.8465608465608465
Drug_100003157,Drug_100003827,0.9518072289156626
Drug_100003157,Drug_100003954,0.9693251533742331
Drug_100003157,Drug_100004140,0.9813664596273292
Drug_100003157,Drug_100005401,0.99375
Drug_100003157,Drug_100005524,0.8932584269662921
Drug_100003157,Drug_100005771,0.9875
Drug_100003157,Drug_100012453,0.9875
Drug_100003157,Drug_100054313,0.9753086419753086
Drug_100003157,Drug_100054373,0.9875
Drug_100003157,Drug_100068613,0.9875
Drug_100003157,Drug_100216237,0.9875
Drug_100003157,Drug_106433117,0.9875
Drug_100003827,Drug_2783,0.9575757575757575
Drug_100003827,Drug_2818,0.7961165048543689
Drug_100003827,Drug_3158,0.8961748633879781
Drug_100003827,Drug_3340,0.9634146341463414
Drug_100003827,Drug_3386,0.8864864864864865
Drug_100003827,Drug_3559,0.9010989010989011
Drug_100003827,Drug_3827,1.0
Drug_100003827,Drug_3961,0.9404761904761905
Drug_100003827,Drug_4095,0.8449197860962567
Drug_100003827,Drug_5002,0.8677248677248677
Drug_100003827,Drug_5073,0.9590643274853801
Drug_100003827,Drug_5656,0.8586956521739131
Drug_100003827,Drug_5775,0.9575757575757575
Drug_100003827,Drug_6005,0.9634146341463414
Drug_100003827,Drug_8230,0.9634146341463414
Drug_100003827,Drug_23897,0.9695121951219512
Drug_100003827,Drug_77998,0.7860696517412935
Drug_100003827,Drug_129211,0.9634146341463414
Drug_100003827,Drug_216237,0.9634146341463414
Drug_100003827,Drug_638678,0.9634146341463414
Drug_100003827,Drug_5280360,0.9634146341463414
Drug_100003827,Drug_5284604,0.9634146341463414
Drug_100003827,Drug_5311068,0.9634146341463414
Drug_100003827,Drug_100000681,0.8102564102564103
Drug_100003827,Drug_100000774,0.6138996138996139
Drug_100003827,Drug_100002215,0.9518072289156626
Drug_100003827,Drug_100002369,0.9634146341463414
Drug_100003827,Drug_100002540,0.9518072289156626
Drug_100003827,Drug_100002726,0.8817204301075269
Drug_100003827,Drug_100002764,0.9575757575757575
Drug_100003827,Drug_100002781,0.9585798816568047
Drug_100003827,Drug_100002995,0.8817204301075269
Drug_100003827,Drug_100003007,0.8586956521739131
Drug_100003827,Drug_100003251,0.9696969696969697
Drug_100003827,Drug_100003345,0.9518072289156626
Drug_100003827,Drug_100003696,0.8677248677248677
Drug_100003827,Drug_100003954,0.9461077844311377
Drug_100003827,Drug_100004140,0.9575757575757575
Drug_100003827,Drug_100005401,0.9575757575757575
Drug_100003827,Drug_100005524,0.8633879781420765
Drug_100003827,Drug_100005771,0.9634146341463414
Drug_100003827,Drug_100012453,0.9634146341463414
Drug_100003827,Drug_100054313,0.9518072289156626
Drug_100003827,Drug_100054373,0.9634146341463414
Drug_100003827,Drug_100068613,0.9634146341463414
Drug_100003827,Drug_100216237,0.9634146341463414
Drug_100003827,Drug_106433117,0.9634146341463414
Drug_638678,Drug_2783,0.9937106918238994
Drug_638678,Drug_2818,0.7669902912621359
Drug_638678,Drug_3158,0.8633879781420765
Drug_638678,Drug_3340,1.0
Drug_638678,Drug_3386,0.8540540540540541
Drug_638678,Drug_3559,0.8681318681318682
Drug_638678,Drug_3827,0.9634146341463414
Drug_638678,Drug_3961,0.9753086419753086
Drug_638678,Drug_4095,0.8729281767955801
Drug_638678,Drug_5002,0.8359788359788359
Drug_638678,Drug_5073,0.9239766081871345
Drug_638678,Drug_5656,0.8876404494382022
Drug_638678,Drug_5775,0.9937106918238994
Drug_638678,Drug_6005,1.0
Drug_638678,Drug_8230,1.0
Drug_638678,Drug_23897,0.9937106918238994
Drug_638678,Drug_77998,0.8102564102564103
Drug_638678,Drug_129211,1.0
Drug_638678,Drug_216237,1.0
Drug_638678,Drug_5280360,1.0
Drug_638678,Drug_5284604,1.0
Drug_638678,Drug_5311068,1.0
Drug_638678,Drug_100000681,0.8359788359788359
Drug_638678,Drug_100000774,0.6220472440944882
Drug_638678,Drug_100002215,0.9875
Drug_638678,Drug_100002369,1.0
Drug_638678,Drug_100002540,0.9875
Drug_638678,Drug_100002726,0.8494623655913979
Drug_638678,Drug_100002764,0.9937106918238994
Drug_638678,Drug_100002781,0.9461077844311377
Drug_638678,Drug_100002995,0.8494623655913979
Drug_638678,Drug_100003007,0.8876404494382022
Drug_638678,Drug_100003251,0.9813664596273292
Drug_638678,Drug_100003345,0.9875
Drug_638678,Drug_100003696,0.8359788359788359
Drug_638678,Drug_100003954,0.9813664596273292
Drug_638678,Drug_100004140,0.9937106918238994
Drug_638678,Drug_100005401,0.9937106918238994
Drug_638678,Drug_100005524,0.8926553672316384
Drug_638678,Drug_100005771,1.0
Drug_638678,Drug_100012453,1.0
Drug_638678,Drug_100054313,0.9875
Drug_638678,Drug_100054373,1.0
Drug_638678,Drug_100068613,1.0
Drug_638678,Drug_100216237,1.0
Drug_638678,Drug_106433117,1.0
Drug_3559,Drug_2783,0.8633879781420765
Drug_3559,Drug_2818,0.8046511627906977
Drug_3559,Drug_3158,0.8434343434343434
Drug_3559,Drug_3340,0.8681318681318682
Drug_3559,Drug_3386,0.8442211055276382
Drug_3559,Drug_3827,0.9010989010989011
Drug_3559,Drug_3961,0.8494623655913979
Drug_3559,Drug_4095,0.815
Drug_3559,Drug_5002,0.864321608040201
Drug_3559,Drug_5073,0.9081081081081082
Drug_3559,Drug_5656,0.8090452261306532
Drug_3559,Drug_5775,0.8736263736263736
Drug_3559,Drug_6005,0.8681318681318682
Drug_3559,Drug_8230,0.8681318681318682
Drug_3559,Drug_23897,0.8736263736263736
Drug_3559,Drug_77998,0.7214611872146118
Drug_3559,Drug_129211,0.8681318681318682
Drug_3559,Drug_216237,0.8681318681318682
Drug_3559,Drug_5280360,0.8681318681318682
Drug_3559,Drug_5284604,0.8681318681318682
Drug_3559,Drug_5311068,0.8681318681318682
Drug_3559,Drug_100000681,0.7666666666666667
Drug_3559,Drug_100000774,0.5740072202166066
Drug_3559,Drug_100002215,0.8688524590163934
Drug_3559,Drug_100002369,0.8681318681318682
Drug_3559,Drug_100002540,0.8586956521739131
Drug_3559,Drug_100002726,0.8969072164948454
Drug_3559,Drug_100002764,0.8633879781420765
Drug_3559,Drug_100002781,0.8967391304347826
Drug_3559,Drug_100002995,0.8492462311557789
Drug_3559,Drug_100003007,0.8090452261306532
Drug_3559,Drug_100003251,0.8743169398907104
Drug_3559,Drug_100003345,0.8791208791208791
Drug_3559,Drug_100003696,0.8366336633663366
Drug_3559,Drug_100003954,0.8743169398907104
Drug_3559,Drug_100004140,0.8633879781420765
Drug_3559,Drug_100005401,0.8736263736263736
Drug_3559,Drug_100005524,0.8131313131313131
Drug_3559,Drug_100005771,0.8681318681318682
Drug_3559,Drug_100012453,0.8681318681318682
Drug_3559,Drug_100054313,0.8586956521739131
Drug_3559,Drug_100054373,0.8681318681318682
Drug_3559,Drug_100068613,0.8681318681318682
Drug_3559,Drug_100216237,0.8681318681318682
Drug_3559,Drug_106433117,0.8681318681318682
Drug_5995,Drug_5832,0.9459459459459459
Drug_5995,Drug_5920,0.8974358974358975
Drug_5995,Drug_9642,0.9722222222222222
Drug_5995,Drug_444008,0.9459459459459459
Drug_5995,Drug_5281034,0.9722222222222222
Drug_5995,Drug_100002375,0.9210526315789473
Drug_5995,Drug_100002462,0.9459459459459459
Drug_5995,Drug_100002791,0.9722222222222222
Drug_5995,Drug_100002949,0.9459459459459459
Drug_5995,Drug_100003384,0.9722222222222222
Drug_5995,Drug_100003399,0.9722222222222222
Drug_5995,Drug_100004042,0.9459459459459459
Drug_5995,Drug_100004160,0.9722222222222222
Drug_5995,Drug_100005035,0.5833333333333334
Drug_5995,Drug_100005267,0.9459459459459459
Drug_5995,Drug_100005410,1.0
Drug_5995,Drug_100005470,0.9459459459459459
Drug_5995,Drug_100009904,0.9722222222222222
Drug_100005582,Drug_5582,1.0
Drug_100005582,Drug_100004993,0.42857142857142855
Drug_100005582,Drug_100060843,0.42857142857142855
Drug_9642,Drug_5832,0.9722222222222222
Drug_9642,Drug_5920,0.9210526315789473
Drug_9642,Drug_444008,0.9722222222222222
Drug_9642,Drug_5281034,1.0
Drug_9642,Drug_100002375,0.9459459459459459
Drug_9642,Drug_100002462,0.9722222222222222
Drug_9642,Drug_100002791,1.0
Drug_9642,Drug_100002949,0.9722222222222222
Drug_9642,Drug_100003384,1.0
Drug_9642,Drug_100003399,1.0
Drug_9642,Drug_100004042,0.9722222222222222
Drug_9642,Drug_100004160,1.0
Drug_9642,Drug_100005035,0.5932203389830508
Drug_9642,Drug_100005267,0.9722222222222222
Drug_9642,Drug_100005410,0.9722222222222222
Drug_9642,Drug_100005470,0.9722222222222222
Drug_9642,Drug_100009904,1.0
Drug_3032,Drug_91429,0.7027027027027027
Drug_3032,Drug_100014917,0.5777777777777777
Drug_9651,Drug_3202,1.0
Drug_9651,Drug_656926,0.8
Drug_9651,Drug_100003152,0.5714285714285714
Drug_9651,Drug_100004811,0.9230769230769231
Drug_9651,Drug_100005314,0.8
Drug_100004140,Drug_2783,0.9875
Drug_100004140,Drug_2818,0.7632850241545893
Drug_100004140,Drug_3158,0.8586956521739131
Drug_100004140,Drug_3340,0.9937106918238994
Drug_100004140,Drug_3386,0.8594594594594595
Drug_100004140,Drug_3827,0.9575757575757575
Drug_100004140,Drug_3961,0.9693251533742331
Drug_100004140,Drug_4095,0.8681318681318682
Drug_100004140,Drug_5002,0.8315789473684211
Drug_100004140,Drug_5073,0.9298245614035088
Drug_100004140,Drug_5656,0.88268156424581
Drug_100004140,Drug_5775,0.9875
Drug_100004140,Drug_6005,0.9937106918238994
Drug_100004140,Drug_8230,0.9937106918238994
Drug_100004140,Drug_23897,0.9875
Drug_100004140,Drug_77998,0.8061224489795918
Drug_100004140,Drug_129211,0.9937106918238994
Drug_100004140,Drug_216237,0.9937106918238994
Drug_100004140,Drug_5280360,0.9937106918238994
Drug_100004140,Drug_5284604,0.9937106918238994
Drug_100004140,Drug_5311068,0.9937106918238994
Drug_100004140,Drug_100000681,0.8315789473684211
Drug_100004140,Drug_100000774,0.6196078431372549
Drug_100004140,Drug_100002215,0.9813664596273292
Drug_100004140,Drug_100002369,0.9937106918238994
Drug_100004140,Drug_100002540,0.9813664596273292
Drug_100004140,Drug_100002726,0.8548387096774194
Drug_100004140,Drug_100002764,0.9875
Drug_100004140,Drug_100002781,0.9520958083832335
Drug_100004140,Drug_100002995,0.8449197860962567
Drug_100004140,Drug_100003007,0.88268156424581
Drug_100004140,Drug_100003251,0.9753086419753086
Drug_100004140,Drug_100003345,0.9813664596273292
Drug_100004140,Drug_100003696,0.8315789473684211
Drug_100004140,Drug_100003954,0.9875776397515528
Drug_100004140,Drug_100005401,0.9875
Drug_100004140,Drug_100005524,0.8876404494382022
Drug_100004140,Drug_100005771,0.9937106918238994
Drug_100004140,Drug_100012453,0.9937106918238994
Drug_100004140,Drug_100054313,0.9813664596273292
Drug_100004140,Drug_100054373,0.9937106918238994
Drug_100004140,Drug_100068613,0.9937106918238994
Drug_100004140,Drug_100216237,0.9937106918238994
Drug_100004140,Drug_106433117,0.9937106918238994
Drug_100005291,Drug_9926791,0.7027027027027027
Drug_100005291,Drug_24826799,0.7482014388489209
Drug_100005291,Drug_103062316,0.6145251396648045
Drug_444008,Drug_5832,0.9459459459459459
Drug_444008,Drug_5920,0.8974358974358975
Drug_444008,Drug_5281034,0.9722222222222222
Drug_444008,Drug_100002375,0.9210526315789473
Drug_444008,Drug_100002462,0.9459459459459459
Drug_444008,Drug_100002791,0.9722222222222222
Drug_444008,Drug_100002949,0.9459459459459459
Drug_444008,Drug_100003384,0.9722222222222222
Drug_444008,Drug_100003399,0.9722222222222222
Drug_444008,Drug_100004042,0.9459459459459459
Drug_444008,Drug_100004160,0.9722222222222222
Drug_444008,Drug_100005035,0.6101694915254238
Drug_444008,Drug_100005267,0.9459459459459459
Drug_444008,Drug_100005410,0.9459459459459459
Drug_444008,Drug_100005470,1.0
Drug_444008,Drug_100009904,0.9722222222222222
Drug_3340,Drug_2783,0.9937106918238994
Drug_3340,Drug_2818,0.7669902912621359
Drug_3340,Drug_3158,0.8633879781420765
Drug_3340,Drug_3386,0.8540540540540541
Drug_3340,Drug_3827,0.9634146341463414
Drug_3340,Drug_3961,0.9753086419753086
Drug_3340,Drug_4095,0.8729281767955801
Drug_3340,Drug_5002,0.8359788359788359
Drug_3340,Drug_5073,0.9239766081871345
Drug_3340,Drug_5656,0.8876404494382022
Drug_3340,Drug_5775,0.9937106918238994
Drug_3340,Drug_6005,1.0
Drug_3340,Drug_8230,1.0
Drug_3340,Drug_23897,0.9937106918238994
Drug_3340,Drug_77998,0.8102564102564103
Drug_3340,Drug_129211,1.0
Drug_3340,Drug_216237,1.0
Drug_3340,Drug_5280360,1.0
Drug_3340,Drug_5284604,1.0
Drug_3340,Drug_5311068,1.0
Drug_3340,Drug_100000681,0.8359788359788359
Drug_3340,Drug_100000774,0.6220472440944882
Drug_3340,Drug_100002215,0.9875
Drug_3340,Drug_100002369,1.0
Drug_3340,Drug_100002540,0.9875
Drug_3340,Drug_100002726,0.8494623655913979
Drug_3340,Drug_100002764,0.9937106918238994
Drug_3340,Drug_100002781,0.9461077844311377
Drug_3340,Drug_100002995,0.8494623655913979
Drug_3340,Drug_100003007,0.8876404494382022
Drug_3340,Drug_100003251,0.9813664596273292
Drug_3340,Drug_100003345,0.9875
Drug_3340,Drug_100003696,0.8359788359788359
Drug_3340,Drug_100003954,0.9813664596273292
Drug_3340,Drug_100005401,0.9937106918238994
Drug_3340,Drug_100005524,0.8926553672316384
Drug_3340,Drug_100005771,1.0
Drug_3340,Drug_100012453,1.0
Drug_3340,Drug_100054313,0.9875
Drug_3340,Drug_100054373,1.0
Drug_3340,Drug_100068613,1.0
Drug_3340,Drug_100216237,1.0
Drug_3340,Drug_106433117,1.0
Drug_100005466,Drug_1615,0.76
Drug_100005466,Drug_65856,0.9047619047619048
Drug_129211,Drug_2783,0.9937106918238994
Drug_129211,Drug_2818,0.7669902912621359
Drug_129211,Drug_3158,0.8633879781420765
Drug_129211,Drug_3386,0.8540540540540541
Drug_129211,Drug_3827,0.9634146341463414
Drug_129211,Drug_3961,0.9753086419753086
Drug_129211,Drug_4095,0.8729281767955801
Drug_129211,Drug_5002,0.8359788359788359
Drug_129211,Drug_5073,0.9239766081871345
Drug_129211,Drug_5656,0.8876404494382022
Drug_129211,Drug_5775,0.9937106918238994
Drug_129211,Drug_6005,1.0
Drug_129211,Drug_8230,1.0
Drug_129211,Drug_23897,0.9937106918238994
Drug_129211,Drug_77998,0.8102564102564103
Drug_129211,Drug_216237,1.0
Drug_129211,Drug_5280360,1.0
Drug_129211,Drug_5284604,1.0
Drug_129211,Drug_5311068,1.0
Drug_129211,Drug_100000681,0.8359788359788359
Drug_129211,Drug_100000774,0.6220472440944882
Drug_129211,Drug_100002215,0.9875
Drug_129211,Drug_100002369,1.0
Drug_129211,Drug_100002540,0.9875
Drug_129211,Drug_100002726,0.8494623655913979
Drug_129211,Drug_100002764,0.9937106918238994
Drug_129211,Drug_100002781,0.9461077844311377
Drug_129211,Drug_100002995,0.8494623655913979
Drug_129211,Drug_100003007,0.8876404494382022
Drug_129211,Drug_100003251,0.9813664596273292
Drug_129211,Drug_100003345,0.9875
Drug_129211,Drug_100003696,0.8359788359788359
Drug_129211,Drug_100003954,0.9813664596273292
Drug_129211,Drug_100005401,0.9937106918238994
Drug_129211,Drug_100005524,0.8926553672316384
Drug_129211,Drug_100005771,1.0
Drug_129211,Drug_100012453,1.0
Drug_129211,Drug_100054313,0.9875
Drug_129211,Drug_100054373,1.0
Drug_129211,Drug_100068613,1.0
Drug_129211,Drug_100216237,1.0
Drug_129211,Drug_106433117,1.0
Drug_100060843,Drug_5582,0.42857142857142855
Drug_5362129,Drug_5362118,1.0
Drug_5362129,Drug_5362123,1.0
Drug_5362129,Drug_5388961,1.0
Drug_5362129,Drug_100003222,1.0
Drug_2783,Drug_2818,0.7632850241545893
Drug_2783,Drug_3158,0.8586956521739131
Drug_2783,Drug_3386,0.8494623655913979
Drug_2783,Drug_3827,0.9575757575757575
Drug_2783,Drug_3961,0.9693251533742331
Drug_2783,Drug_4095,0.8681318681318682
Drug_2783,Drug_5002,0.8315789473684211
Drug_2783,Drug_5073,0.9186046511627907
Drug_2783,Drug_5656,0.88268156424581
Drug_2783,Drug_5775,0.9875
Drug_2783,Drug_6005,0.9937106918238994
Drug_2783,Drug_8230,0.9937106918238994
Drug_2783,Drug_23897,0.9875
Drug_2783,Drug_77998,0.8061224489795918
Drug_2783,Drug_216237,0.9937106918238994
Drug_2783,Drug_5280360,0.9937106918238994
Drug_2783,Drug_5284604,0.9937106918238994
Drug_2783,Drug_5311068,0.9937106918238994
Drug_2783,Drug_100000681,0.8315789473684211
Drug_2783,Drug_100000774,0.6196078431372549
Drug_2783,Drug_100002215,0.9813664596273292
Drug_2783,Drug_100002369,0.9937106918238994
Drug_2783,Drug_100002540,0.9813664596273292
Drug_2783,Drug_100002726,0.8449197860962567
Drug_2783,Drug_100002764,0.9875
Drug_2783,Drug_100002781,0.9404761904761905
Drug_2783,Drug_100002995,0.8449197860962567
Drug_2783,Drug_100003007,0.88268156424581
Drug_2783,Drug_100003251,0.9753086419753086
Drug_2783,Drug_100003345,0.9813664596273292
Drug_2783,Drug_100003696,0.8315789473684211
Drug_2783,Drug_100003954,0.9753086419753086
Drug_2783,Drug_100005401,0.9875
Drug_2783,Drug_100005524,0.8876404494382022
Drug_2783,Drug_100005771,0.9937106918238994
Drug_2783,Drug_100012453,0.9937106918238994
Drug_2783,Drug_100054313,0.9813664596273292
Drug_2783,Drug_100054373,0.9937106918238994
Drug_2783,Drug_100068613,0.9937106918238994
Drug_2783,Drug_100216237,0.9937106918238994
Drug_2783,Drug_106433117,0.9937106918238994
Drug_100003648,Drug_5311304,1.0
Drug_100003648,Drug_5488547,1.0
Drug_100003648,Drug_100004419,1.0
Drug_5002,Drug_2818,0.9174757281553398
Drug_5002,Drug_3158,0.8146341463414634
Drug_5002,Drug_3386,0.8067632850241546
Drug_5002,Drug_3827,0.8677248677248677
Drug_5002,Drug_3961,0.8186528497409327
Drug_5002,Drug_4095,0.7703349282296651
Drug_5002,Drug_5073,0.8652849740932642
Drug_5002,Drug_5656,0.7815533980582524
Drug_5002,Drug_5775,0.8315789473684211
Drug_5002,Drug_6005,0.8359788359788359
Drug_5002,Drug_8230,0.8359788359788359
Drug_5002,Drug_23897,0.8412698412698413
Drug_5002,Drug_77998,0.6991150442477876
Drug_5002,Drug_216237,0.8359788359788359
Drug_5002,Drug_5280360,0.8359788359788359
Drug_5002,Drug_5284604,0.8359788359788359
Drug_5002,Drug_5311068,0.8359788359788359
Drug_5002,Drug_100000681,0.7419354838709677
Drug_5002,Drug_100000774,0.5598591549295775
Drug_5002,Drug_100002215,0.8368421052631579
Drug_5002,Drug_100002369,0.8359788359788359
Drug_5002,Drug_100002540,0.8272251308900523
Drug_5002,Drug_100002726,0.8472906403940886
Drug_5002,Drug_100002764,0.8315789473684211
Drug_5002,Drug_100002781,0.8541666666666666
Drug_5002,Drug_100002995,0.8115942028985508
Drug_5002,Drug_100003007,0.7815533980582524
Drug_5002,Drug_100003251,0.8421052631578947
Drug_5002,Drug_100003345,0.8272251308900523
Drug_5002,Drug_100003696,0.8
Drug_5002,Drug_100003954,0.8324607329842932
Drug_5002,Drug_100005401,0.8315789473684211
Drug_5002,Drug_100005524,0.7853658536585366
Drug_5002,Drug_100005771,0.8359788359788359
Drug_5002,Drug_100012453,0.8359788359788359
Drug_5002,Drug_100054313,0.8272251308900523
Drug_5002,Drug_100054373,0.8359788359788359
Drug_5002,Drug_100068613,0.8359788359788359
Drug_5002,Drug_100216237,0.8359788359788359
Drug_5002,Drug_106433117,0.8359788359788359
Drug_5488547,Drug_5311304,1.0
Drug_5488547,Drug_100004419,1.0
Drug_100012453,Drug_2818,0.7669902912621359
Drug_100012453,Drug_3158,0.8633879781420765
Drug_100012453,Drug_3386,0.8540540540540541
Drug_100012453,Drug_3827,0.9634146341463414
Drug_100012453,Drug_3961,0.9753086419753086
Drug_100012453,Drug_4095,0.8729281767955801
Drug_100012453,Drug_5073,0.9239766081871345
Drug_100012453,Drug_5656,0.8876404494382022
Drug_100012453,Drug_5775,0.9937106918238994
Drug_100012453,Drug_6005,1.0
Drug_100012453,Drug_8230,1.0
Drug_100012453,Drug_23897,0.9937106918238994
Drug_100012453,Drug_77998,0.8102564102564103
Drug_100012453,Drug_216237,1.0
Drug_100012453,Drug_5280360,1.0
Drug_100012453,Drug_5284604,1.0
Drug_100012453,Drug_5311068,1.0
Drug_100012453,Drug_100000681,0.8359788359788359
Drug_100012453,Drug_100000774,0.6220472440944882
Drug_100012453,Drug_100002215,0.9875
Drug_100012453,Drug_100002369,1.0
Drug_100012453,Drug_100002540,0.9875
Drug_100012453,Drug_100002726,0.8494623655913979
Drug_100012453,Drug_100002764,0.9937106918238994
Drug_100012453,Drug_100002781,0.9461077844311377
Drug_100012453,Drug_100002995,0.8494623655913979
Drug_100012453,Drug_100003007,0.8876404494382022
Drug_100012453,Drug_100003251,0.9813664596273292
Drug_100012453,Drug_100003345,0.9875
Drug_100012453,Drug_100003696,0.8359788359788359
Drug_100012453,Drug_100003954,0.9813664596273292
Drug_100012453,Drug_100005401,0.9937106918238994
Drug_100012453,Drug_100005524,0.8926553672316384
Drug_100012453,Drug_100005771,1.0
Drug_100012453,Drug_100054313,0.9875
Drug_100012453,Drug_100054373,1.0
Drug_100012453,Drug_100068613,1.0
Drug_100012453,Drug_100216237,1.0
Drug_100012453,Drug_106433117,1.0
Drug_100002949,Drug_5832,0.9459459459459459
Drug_100002949,Drug_5920,0.8974358974358975
Drug_100002949,Drug_5281034,0.9722222222222222
Drug_100002949,Drug_100002375,0.9210526315789473
Drug_100002949,Drug_100002462,0.9459459459459459
Drug_100002949,Drug_100002791,0.9722222222222222
Drug_100002949,Drug_100003384,0.9722222222222222
Drug_100002949,Drug_100003399,0.9722222222222222
Drug_100002949,Drug_100004042,0.9459459459459459
Drug_100002949,Drug_100004160,0.9722222222222222
Drug_100002949,Drug_100005035,0.6101694915254238
Drug_100002949,Drug_100005267,0.9459459459459459
Drug_100002949,Drug_100005410,0.9459459459459459
Drug_100002949,Drug_100005470,0.9459459459459459
Drug_100002949,Drug_100009904,0.9722222222222222
Drug_6005,Drug_2818,0.7669902912621359
Drug_6005,Drug_3158,0.8633879781420765
Drug_6005,Drug_3386,0.8540540540540541
Drug_6005,Drug_3827,0.9634146341463414
Drug_6005,Drug_3961,0.9753086419753086
Drug_6005,Drug_4095,0.8729281767955801
Drug_6005,Drug_5073,0.9239766081871345
Drug_6005,Drug_5656,0.8876404494382022
Drug_6005,Drug_5775,0.9937106918238994
Drug_6005,Drug_8230,1.0
Drug_6005,Drug_23897,0.9937106918238994
Drug_6005,Drug_77998,0.8102564102564103
Drug_6005,Drug_216237,1.0
Drug_6005,Drug_5280360,1.0
Drug_6005,Drug_5284604,1.0
Drug_6005,Drug_5311068,1.0
Drug_6005,Drug_100000681,0.8359788359788359
Drug_6005,Drug_100000774,0.6220472440944882
Drug_6005,Drug_100002215,0.9875
Drug_6005,Drug_100002369,1.0
Drug_6005,Drug_100002540,0.9875
Drug_6005,Drug_100002726,0.8494623655913979
Drug_6005,Drug_100002764,0.9937106918238994
Drug_6005,Drug_100002781,0.9461077844311377
Drug_6005,Drug_100002995,0.8494623655913979
Drug_6005,Drug_100003007,0.8876404494382022
Drug_6005,Drug_100003251,0.9813664596273292
Drug_6005,Drug_100003345,0.9875
Drug_6005,Drug_100003696,0.8359788359788359
Drug_6005,Drug_100003954,0.9813664596273292
Drug_6005,Drug_100005401,0.9937106918238994
Drug_6005,Drug_100005524,0.8926553672316384
Drug_6005,Drug_100005771,1.0
Drug_6005,Drug_100054313,0.9875
Drug_6005,Drug_100054373,1.0
Drug_6005,Drug_100068613,1.0
Drug_6005,Drug_100216237,1.0
Drug_6005,Drug_106433117,1.0
Drug_5388961,Drug_5362118,1.0
Drug_5388961,Drug_5362123,1.0
Drug_5388961,Drug_100003222,1.0
Drug_100003954,Drug_2818,0.7644230769230769
Drug_100003954,Drug_3158,0.8594594594594595
Drug_100003954,Drug_3386,0.8602150537634409
Drug_100003954,Drug_3827,0.9461077844311377
Drug_100003954,Drug_3961,0.9575757575757575
Drug_100003954,Drug_4095,0.8791208791208791
Drug_100003954,Drug_5073,0.9302325581395349
Drug_100003954,Drug_5656,0.8833333333333333
Drug_100003954,Drug_5775,0.9753086419753086
Drug_100003954,Drug_8230,0.9813664596273292
Drug_100003954,Drug_23897,0.9753086419753086
Drug_100003954,Drug_77998,0.797979797979798
Drug_100003954,Drug_216237,0.9813664596273292
Drug_100003954,Drug_5280360,0.9813664596273292
Drug_100003954,Drug_5284604,0.9813664596273292
Drug_100003954,Drug_5311068,0.9813664596273292
Drug_100003954,Drug_100000681,0.8324607329842932
Drug_100003954,Drug_100000774,0.6147859922178989
Drug_100003954,Drug_100002215,0.9814814814814815
Drug_100003954,Drug_100002369,0.9813664596273292
Drug_100003954,Drug_100002540,0.9693251533742331
Drug_100003954,Drug_100002726,0.8655913978494624
Drug_100003954,Drug_100002764,0.9753086419753086
Drug_100003954,Drug_100002781,0.9408284023668639
Drug_100003954,Drug_100002995,0.8457446808510638
Drug_100003954,Drug_100003007,0.8833333333333333
Drug_100003954,Drug_100003251,0.9634146341463414
Drug_100003954,Drug_100003345,0.9814814814814815
Drug_100003954,Drug_100003696,0.8324607329842932
Drug_100003954,Drug_100005401,0.9753086419753086
Drug_100003954,Drug_100005524,0.888268156424581
Drug_100003954,Drug_100005771,0.9813664596273292
Drug_100003954,Drug_100054313,0.9693251533742331
Drug_100003954,Drug_100054373,0.9813664596273292
Drug_100003954,Drug_100068613,0.9813664596273292
Drug_100003954,Drug_100216237,0.9813664596273292
Drug_100003954,Drug_106433117,0.9813664596273292
Drug_5311304,Drug_100004419,1.0
Drug_4100,Drug_5560,0.5625
Drug_4100,Drug_100003440,0.6470588235294118
Drug_100193962,Drug_193962,1.0
Drug_100193962,Drug_100054454,0.4
Drug_77998,Drug_2818,0.6502057613168725
Drug_77998,Drug_3158,0.7181818181818181
Drug_77998,Drug_3386,0.7117117117117117
Drug_77998,Drug_3827,0.7860696517412935
Drug_77998,Drug_3961,0.7939698492462312
Drug_77998,Drug_4095,0.7247706422018348
Drug_77998,Drug_5073,0.7596153846153846
Drug_77998,Drug_5656,0.7348837209302326
Drug_77998,Drug_5775,0.8061224489795918
Drug_77998,Drug_8230,0.8102564102564103
Drug_77998,Drug_23897,0.8061224489795918
Drug_77998,Drug_216237,0.8102564102564103
Drug_77998,Drug_5280360,0.8102564102564103
Drug_77998,Drug_5284604,0.8102564102564103
Drug_77998,Drug_5311068,0.8102564102564103
Drug_77998,Drug_100000681,0.6991150442477876
Drug_77998,Drug_100000774,0.5429553264604811
Drug_77998,Drug_100002215,0.8020304568527918
Drug_77998,Drug_100002369,0.8102564102564103
Drug_77998,Drug_100002540,0.8020304568527918
Drug_77998,Drug_100002726,0.7085201793721974
Drug_77998,Drug_100002764,0.8061224489795918
Drug_77998,Drug_100002781,0.7745098039215687
Drug_77998,Drug_100002995,0.7085201793721974
Drug_77998,Drug_100003007,0.7348837209302326
Drug_77998,Drug_100003251,0.797979797979798
Drug_77998,Drug_100003345,0.8020304568527918
Drug_77998,Drug_100003696,0.6991150442477876
Drug_77998,Drug_100005401,0.8061224489795918
Drug_77998,Drug_100005524,0.7383177570093458
Drug_77998,Drug_100005771,0.8102564102564103
Drug_77998,Drug_100054313,0.8205128205128205
Drug_77998,Drug_100054373,0.8102564102564103
Drug_77998,Drug_100068613,0.8102564102564103
Drug_77998,Drug_100216237,0.8102564102564103
Drug_77998,Drug_106433117,0.8102564102564103
Drug_100005404,Drug_441383,1.0
Drug_100003007,Drug_2818,0.855072463768116
Drug_100003007,Drug_3158,0.9619565217391305
Drug_100003007,Drug_3386,0.9516129032258065
Drug_100003007,Drug_3827,0.8586956521739131
Drug_100003007,Drug_3961,0.8681318681318682
Drug_100003007,Drug_4095,0.9725274725274725
Drug_100003007,Drug_5073,0.8563829787234043
Drug_100003007,Drug_5656,0.9888268156424581
Drug_100003007,Drug_5775,0.88268156424581
Drug_100003007,Drug_8230,0.8876404494382022
Drug_100003007,Drug_23897,0.88268156424581
Drug_100003007,Drug_216237,0.8876404494382022
Drug_100003007,Drug_5280360,0.8876404494382022
Drug_100003007,Drug_5284604,0.8876404494382022
Drug_100003007,Drug_5311068,0.8876404494382022
Drug_100003007,Drug_100000681,0.9315789473684211
Drug_100003007,Drug_100000774,0.5766423357664233
Drug_100003007,Drug_100002215,0.888268156424581
Drug_100003007,Drug_100002369,0.8876404494382022
Drug_100003007,Drug_100002540,0.8777777777777778
Drug_100003007,Drug_100002726,0.7931034482758621
Drug_100003007,Drug_100002764,0.88268156424581
Drug_100003007,Drug_100002781,0.8648648648648649
Drug_100003007,Drug_100002995,0.946524064171123
Drug_100003007,Drug_100003251,0.8729281767955801
Drug_100003007,Drug_100003345,0.8777777777777778
Drug_100003007,Drug_100003696,0.9315789473684211
Drug_100003007,Drug_100005401,0.88268156424581
Drug_100003007,Drug_100005524,0.9943820224719101
Drug_100003007,Drug_100005771,0.8876404494382022
Drug_100003007,Drug_100054313,0.8777777777777778
Drug_100003007,Drug_100054373,0.8876404494382022
Drug_100003007,Drug_100068613,0.8876404494382022
Drug_100003007,Drug_100216237,0.8876404494382022
Drug_100003007,Drug_106433117,0.8876404494382022
Drug_5280360,Drug_2818,0.7669902912621359
Drug_5280360,Drug_3158,0.8633879781420765
Drug_5280360,Drug_3386,0.8540540540540541
Drug_5280360,Drug_3827,0.9634146341463414
Drug_5280360,Drug_3961,0.9753086419753086
Drug_5280360,Drug_4095,0.8729281767955801
Drug_5280360,Drug_5073,0.9239766081871345
Drug_5280360,Drug_5656,0.8876404494382022
Drug_5280360,Drug_5775,0.9937106918238994
Drug_5280360,Drug_8230,1.0
Drug_5280360,Drug_23897,0.9937106918238994
Drug_5280360,Drug_216237,1.0
Drug_5280360,Drug_5284604,1.0
Drug_5280360,Drug_5311068,1.0
Drug_5280360,Drug_100000681,0.8359788359788359
Drug_5280360,Drug_100000774,0.6220472440944882
Drug_5280360,Drug_100002215,0.9875
Drug_5280360,Drug_100002369,1.0
Drug_5280360,Drug_100002540,0.9875
Drug_5280360,Drug_100002726,0.8494623655913979
Drug_5280360,Drug_100002764,0.9937106918238994
Drug_5280360,Drug_100002781,0.9461077844311377
Drug_5280360,Drug_100002995,0.8494623655913979
Drug_5280360,Drug_100003251,0.9813664596273292
Drug_5280360,Drug_100003345,0.9875
Drug_5280360,Drug_100003696,0.8359788359788359
Drug_5280360,Drug_100005401,0.9937106918238994
Drug_5280360,Drug_100005524,0.8926553672316384
Drug_5280360,Drug_100005771,1.0
Drug_5280360,Drug_100054313,0.9875
Drug_5280360,Drug_100054373,1.0
Drug_5280360,Drug_100068613,1.0
Drug_5280360,Drug_100216237,1.0
Drug_5280360,Drug_106433117,1.0
Drug_446284,Drug_4495,0.5714285714285714
Drug_446284,Drug_100003209,1.0
Drug_100002462,Drug_5832,0.9459459459459459
Drug_100002462,Drug_5920,0.8974358974358975
Drug_100002462,Drug_5281034,0.9722222222222222
Drug_100002462,Drug_100002375,0.9210526315789473
Drug_100002462,Drug_100002791,0.9722222222222222
Drug_100002462,Drug_100003384,0.9722222222222222
Drug_100002462,Drug_100003399,0.9722222222222222
Drug_100002462,Drug_100004042,0.9459459459459459
Drug_100002462,Drug_100004160,0.9722222222222222
Drug_100002462,Drug_100005035,0.5833333333333334
Drug_100002462,Drug_100005267,0.9459459459459459
Drug_100002462,Drug_100005410,0.9459459459459459
Drug_100002462,Drug_100005470,0.9459459459459459
Drug_100002462,Drug_100009904,0.9722222222222222
Drug_100002764,Drug_2818,0.7632850241545893
Drug_100002764,Drug_3158,0.8586956521739131
Drug_100002764,Drug_3386,0.8494623655913979
Drug_100002764,Drug_3827,0.9575757575757575
Drug_100002764,Drug_3961,0.9693251533742331
Drug_100002764,Drug_4095,0.8681318681318682
Drug_100002764,Drug_5073,0.9186046511627907
Drug_100002764,Drug_5656,0.88268156424581
Drug_100002764,Drug_5775,0.9875
Drug_100002764,Drug_8230,0.9937106918238994
Drug_100002764,Drug_23897,0.9875
Drug_100002764,Drug_216237,0.9937106918238994
Drug_100002764,Drug_5284604,0.9937106918238994
Drug_100002764,Drug_5311068,0.9937106918238994
Drug_100002764,Drug_100000681,0.8315789473684211
Drug_100002764,Drug_100000774,0.6196078431372549
Drug_100002764,Drug_100002215,0.9813664596273292
Drug_100002764,Drug_100002369,0.9937106918238994
Drug_100002764,Drug_100002540,0.9813664596273292
Drug_100002764,Drug_100002726,0.8449197860962567
Drug_100002764,Drug_100002781,0.9404761904761905
Drug_100002764,Drug_100002995,0.8449197860962567
Drug_100002764,Drug_100003251,0.9753086419753086
Drug_100002764,Drug_100003345,0.9813664596273292
Drug_100002764,Drug_100003696,0.8315789473684211
Drug_100002764,Drug_100005401,0.9875
Drug_100002764,Drug_100005524,0.8876404494382022
Drug_100002764,Drug_100005771,0.9937106918238994
Drug_100002764,Drug_100054313,0.9813664596273292
Drug_100002764,Drug_100054373,0.9937106918238994
Drug_100002764,Drug_100068613,0.9937106918238994
Drug_100002764,Drug_100216237,0.9937106918238994
Drug_100002764,Drug_106433117,0.9937106918238994
Drug_100003251,Drug_2818,0.7729468599033816
Drug_100003251,Drug_3158,0.8695652173913043
Drug_100003251,Drug_3386,0.8602150537634409
Drug_100003251,Drug_3827,0.9696969696969697
Drug_100003251,Drug_3961,0.9575757575757575
Drug_100003251,Drug_4095,0.8586956521739131
Drug_100003251,Drug_5073,0.9302325581395349
Drug_100003251,Drug_5656,0.8729281767955801
Drug_100003251,Drug_5775,0.9753086419753086
Drug_100003251,Drug_8230,0.9813664596273292
Drug_100003251,Drug_23897,0.9753086419753086
Drug_100003251,Drug_216237,0.9813664596273292
Drug_100003251,Drug_5284604,0.9813664596273292
Drug_100003251,Drug_5311068,0.9813664596273292
Drug_100003251,Drug_100000681,0.8229166666666666
Drug_100003251,Drug_100000774,0.6147859922178989
Drug_100003251,Drug_100002215,0.9693251533742331
Drug_100003251,Drug_100002369,0.9813664596273292
Drug_100003251,Drug_100002540,0.9693251533742331
Drug_100003251,Drug_100002726,0.8556149732620321
Drug_100003251,Drug_100002781,0.9294117647058824
Drug_100003251,Drug_100002995,0.8556149732620321
Drug_100003251,Drug_100003345,0.9693251533742331
Drug_100003251,Drug_100003696,0.8421052631578947
Drug_100003251,Drug_100005401,0.9753086419753086
Drug_100003251,Drug_100005524,0.8777777777777778
Drug_100003251,Drug_100005771,0.9813664596273292
Drug_100003251,Drug_100054313,0.9693251533742331
Drug_100003251,Drug_100054373,0.9813664596273292
Drug_100003251,Drug_100068613,0.9813664596273292
Drug_100003251,Drug_100216237,0.9813664596273292
Drug_100003251,Drug_106433117,0.9813664596273292
Drug_100004042,Drug_5832,1.0
Drug_100004042,Drug_5920,0.8974358974358975
Drug_100004042,Drug_5281034,0.9722222222222222
Drug_100004042,Drug_100002375,0.972972972972973
Drug_100004042,Drug_100002791,0.9722222222222222
Drug_100004042,Drug_100003384,0.9722222222222222
Drug_100004042,Drug_100003399,0.9722222222222222
Drug_100004042,Drug_100004160,0.9722222222222222
Drug_100004042,Drug_100005035,0.5833333333333334
Drug_100004042,Drug_100005267,0.9459459459459459
Drug_100004042,Drug_100005410,0.9459459459459459
Drug_100004042,Drug_100005470,0.9459459459459459
Drug_100004042,Drug_100009904,0.9722222222222222
Drug_100005035,Drug_5832,0.5833333333333334
Drug_100005035,Drug_5920,0.5645161290322581
Drug_100005035,Drug_5281034,0.5932203389830508
Drug_100005035,Drug_100002375,0.5737704918032787
Drug_100005035,Drug_100002791,0.5932203389830508
Drug_100005035,Drug_100003384,0.5932203389830508
Drug_100005035,Drug_100003399,0.5932203389830508
Drug_100005035,Drug_100004160,0.5932203389830508
Drug_100005035,Drug_100005267,0.5833333333333334
Drug_100005035,Drug_100005410,0.5833333333333334
Drug_100005035,Drug_100005470,0.6101694915254238
Drug_100005035,Drug_100009904,0.5932203389830508
Drug_100002995,Drug_2818,0.893719806763285
Drug_100002995,Drug_3158,0.9838709677419355
Drug_100002995,Drug_3386,0.983957219251337
Drug_100002995,Drug_3827,0.8817204301075269
Drug_100002995,Drug_3961,0.8315789473684211
Drug_100002995,Drug_4095,0.9417989417989417
Drug_100002995,Drug_5073,0.8888888888888888
Drug_100002995,Drug_5656,0.946524064171123
Drug_100002995,Drug_5775,0.8548387096774194
Drug_100002995,Drug_8230,0.8494623655913979
Drug_100002995,Drug_23897,0.8548387096774194
Drug_100002995,Drug_216237,0.8494623655913979
Drug_100002995,Drug_5284604,0.8494623655913979
Drug_100002995,Drug_5311068,0.8494623655913979
Drug_100002995,Drug_100000681,0.8939393939393939
Drug_100002995,Drug_100000774,0.5658362989323843
Drug_100002995,Drug_100002215,0.8502673796791443
Drug_100002995,Drug_100002369,0.8494623655913979
Drug_100002995,Drug_100002540,0.8404255319148937
Drug_100002995,Drug_100002726,0.8325123152709359
Drug_100002995,Drug_100002781,0.8776595744680851
Drug_100002995,Drug_100003345,0.8502673796791443
Drug_100002995,Drug_100003696,0.9841269841269841
Drug_100002995,Drug_100005401,0.8548387096774194
Drug_100002995,Drug_100005524,0.9516129032258065
Drug_100002995,Drug_100005771,0.8494623655913979
Drug_100002995,Drug_100054313,0.8404255319148937
Drug_100002995,Drug_100054373,0.8494623655913979
Drug_100002995,Drug_100068613,0.8494623655913979
Drug_100002995,Drug_100216237,0.8494623655913979
Drug_100002995,Drug_106433117,0.8494623655913979
Drug_100054313,Drug_2818,0.7596153846153846
Drug_100054313,Drug_3158,0.8540540540540541
Drug_100054313,Drug_3386,0.8449197860962567
Drug_100054313,Drug_3827,0.9518072289156626
Drug_100054313,Drug_3961,0.9634146341463414
Drug_100054313,Drug_4095,0.8633879781420765
Drug_100054313,Drug_5073,0.9132947976878613
Drug_100054313,Drug_5656,0.8777777777777778
Drug_100054313,Drug_5775,0.9813664596273292
Drug_100054313,Drug_8230,0.9875
Drug_100054313,Drug_23897,0.9813664596273292
Drug_100054313,Drug_216237,0.9875
Drug_100054313,Drug_5284604,0.9875
Drug_100054313,Drug_5311068,0.9875
Drug_100054313,Drug_100000681,0.8272251308900523
Drug_100054313,Drug_100000774,0.6171875
Drug_100054313,Drug_100002215,0.9753086419753086
Drug_100054313,Drug_100002369,0.9875
Drug_100054313,Drug_100002540,0.9753086419753086
Drug_100054313,Drug_100002726,0.8404255319148937
Drug_100054313,Drug_100002781,0.9349112426035503
Drug_100054313,Drug_100003345,0.9753086419753086
Drug_100054313,Drug_100003696,0.8272251308900523
Drug_100054313,Drug_100005401,0.9813664596273292
Drug_100054313,Drug_100005524,0.88268156424581
Drug_100054313,Drug_100005771,0.9875
Drug_100054313,Drug_100054373,0.9875
Drug_100054313,Drug_100068613,0.9875
Drug_100054313,Drug_100216237,0.9875
Drug_100054313,Drug_106433117,0.9875
Drug_100000774,Drug_2818,0.5282392026578073
Drug_100000774,Drug_3158,0.5719424460431655
Drug_100000774,Drug_3386,0.5678571428571428
Drug_100000774,Drug_3827,0.6138996138996139
Drug_100000774,Drug_3961,0.6124031007751938
Drug_100000774,Drug_4095,0.5703971119133574
Drug_100000774,Drug_5073,0.5977443609022557
Drug_100000774,Drug_5656,0.5766423357664233
Drug_100000774,Drug_5775,0.6196078431372549
Drug_100000774,Drug_8230,0.6220472440944882
Drug_100000774,Drug_23897,0.6259842519685039
Drug_100000774,Drug_216237,0.6220472440944882
Drug_100000774,Drug_5284604,0.6220472440944882
Drug_100000774,Drug_5311068,0.6220472440944882
Drug_100000774,Drug_100000681,0.5543859649122806
Drug_100000774,Drug_100002215,0.6171875
Drug_100000774,Drug_100002369,0.6220472440944882
Drug_100000774,Drug_100002540,0.6171875
Drug_100000774,Drug_100002726,0.5658362989323843
Drug_100000774,Drug_100002781,0.6068702290076335
Drug_100000774,Drug_100003345,0.6171875
Drug_100000774,Drug_100003696,0.5598591549295775
Drug_100000774,Drug_100005401,0.6196078431372549
Drug_100000774,Drug_100005524,0.5787545787545788
Drug_100000774,Drug_100005771,0.6220472440944882
Drug_100000774,Drug_100054373,0.6220472440944882
Drug_100000774,Drug_100068613,0.6220472440944882
Drug_100000774,Drug_100216237,0.6220472440944882
Drug_100000774,Drug_106433117,0.6220472440944882
Drug_3202,Drug_656926,0.8
Drug_3202,Drug_100003152,0.5714285714285714
Drug_3202,Drug_100004811,0.9230769230769231
Drug_3202,Drug_100005314,0.8
Drug_106433117,Drug_2818,0.7669902912621359
Drug_106433117,Drug_3158,0.8633879781420765
Drug_106433117,Drug_3386,0.8540540540540541
Drug_106433117,Drug_3827,0.9634146341463414
Drug_106433117,Drug_3961,0.9753086419753086
Drug_106433117,Drug_4095,0.8729281767955801
Drug_106433117,Drug_5073,0.9239766081871345
Drug_106433117,Drug_5656,0.8876404494382022
Drug_106433117,Drug_5775,0.9937106918238994
Drug_106433117,Drug_8230,1.0
Drug_106433117,Drug_23897,0.9937106918238994
Drug_106433117,Drug_216237,1.0
Drug_106433117,Drug_5284604,1.0
Drug_106433117,Drug_5311068,1.0
Drug_106433117,Drug_100000681,0.8359788359788359
Drug_106433117,Drug_100002215,0.9875
Drug_106433117,Drug_100002369,1.0
Drug_106433117,Drug_100002540,0.9875
Drug_106433117,Drug_100002726,0.8494623655913979
Drug_106433117,Drug_100002781,0.9461077844311377
Drug_106433117,Drug_100003345,0.9875
Drug_106433117,Drug_100003696,0.8359788359788359
Drug_106433117,Drug_100005401,0.9937106918238994
Drug_106433117,Drug_100005524,0.8926553672316384
Drug_106433117,Drug_100005771,1.0
Drug_106433117,Drug_100054373,1.0
Drug_106433117,Drug_100068613,1.0
Drug_106433117,Drug_100216237,1.0
Drug_100002215,Drug_2818,0.7681159420289855
Drug_100002215,Drug_3158,0.8641304347826086
Drug_100002215,Drug_3386,0.8548387096774194
Drug_100002215,Drug_3827,0.9518072289156626
Drug_100002215,Drug_3961,0.9634146341463414
Drug_100002215,Drug_4095,0.8736263736263736
Drug_100002215,Drug_5073,0.9244186046511628
Drug_100002215,Drug_5656,0.888268156424581
Drug_100002215,Drug_5775,0.9813664596273292
Drug_100002215,Drug_8230,0.9875
Drug_100002215,Drug_23897,0.9813664596273292
Drug_100002215,Drug_216237,0.9875
Drug_100002215,Drug_5284604,0.9875
Drug_100002215,Drug_5311068,0.9875
Drug_100002215,Drug_100000681,0.8368421052631579
Drug_100002215,Drug_100002369,0.9875
Drug_100002215,Drug_100002540,0.9753086419753086
Drug_100002215,Drug_100002726,0.8502673796791443
Drug_100002215,Drug_100002781,0.9349112426035503
Drug_100002215,Drug_100003345,0.9753086419753086
Drug_100002215,Drug_100003696,0.8368421052631579
Drug_100002215,Drug_100005401,0.9813664596273292
Drug_100002215,Drug_100005524,0.8932584269662921
Drug_100002215,Drug_100005771,0.9875
Drug_100002215,Drug_100054373,0.9875
Drug_100002215,Drug_100068613,0.9875
Drug_100002215,Drug_100216237,0.9875
Drug_100003152,Drug_656926,0.5
Drug_100003152,Drug_100004811,0.5454545454545454
Drug_100003152,Drug_100005314,0.5
Drug_100003696,Drug_2818,0.8809523809523809
Drug_100003696,Drug_3158,0.9682539682539683
Drug_100003696,Drug_3386,0.968421052631579
Drug_100003696,Drug_3827,0.8677248677248677
Drug_100003696,Drug_3961,0.8186528497409327
Drug_100003696,Drug_4095,0.9270833333333334
Drug_100003696,Drug_5073,0.8848167539267016
Drug_100003696,Drug_5656,0.9315789473684211
Drug_100003696,Drug_5775,0.8412698412698413
Drug_100003696,Drug_8230,0.8359788359788359
Drug_100003696,Drug_23897,0.8412698412698413
Drug_100003696,Drug_216237,0.8359788359788359
Drug_100003696,Drug_5284604,0.8359788359788359
Drug_100003696,Drug_5311068,0.8359788359788359
Drug_100003696,Drug_100000681,0.8805970149253731
Drug_100003696,Drug_100002369,0.8359788359788359
Drug_100003696,Drug_100002540,0.8272251308900523
Drug_100003696,Drug_100002726,0.8292682926829268
Drug_100003696,Drug_100002781,0.8638743455497382
Drug_100003696,Drug_100003345,0.8368421052631579
Drug_100003696,Drug_100005401,0.8412698412698413
Drug_100003696,Drug_100005524,0.9365079365079365
Drug_100003696,Drug_100005771,0.8359788359788359
Drug_100003696,Drug_100054373,0.8359788359788359
Drug_100003696,Drug_100068613,0.8359788359788359
Drug_100003696,Drug_100216237,0.8359788359788359
Drug_100005314,Drug_656926,0.6666666666666666
Drug_100005314,Drug_100002551,0.46875
Drug_100005314,Drug_100004811,0.75
Drug_5362118,Drug_5362123,1.0
Drug_5362118,Drug_100003222,1.0
Drug_100054454,Drug_193962,0.4
Drug_100000681,Drug_2818,0.8119266055045872
Drug_100000681,Drug_3158,0.9076923076923077
Drug_100000681,Drug_3386,0.8984771573604061
Drug_100000681,Drug_3827,0.8102564102564103
Drug_100000681,Drug_3961,0.8186528497409327
Drug_100000681,Drug_4095,0.917098445595855
Drug_100000681,Drug_5073,0.8090452261306532
Drug_100000681,Drug_5656,0.9315789473684211
Drug_100000681,Drug_5775,0.8315789473684211
Drug_100000681,Drug_8230,0.8359788359788359
Drug_100000681,Drug_23897,0.8315789473684211
Drug_100000681,Drug_216237,0.8359788359788359
Drug_100000681,Drug_5284604,0.8359788359788359
Drug_100000681,Drug_5311068,0.8359788359788359
Drug_100000681,Drug_100002369,0.8359788359788359
Drug_100000681,Drug_100002540,0.8272251308900523
Drug_100000681,Drug_100002726,0.7523364485981309
Drug_100000681,Drug_100002781,0.8163265306122449
Drug_100000681,Drug_100003345,0.8272251308900523
Drug_100000681,Drug_100005401,0.8315789473684211
Drug_100000681,Drug_100005524,0.9365079365079365
Drug_100000681,Drug_100005771,0.8359788359788359
Drug_100000681,Drug_100054373,0.8359788359788359
Drug_100000681,Drug_100068613,0.8359788359788359
Drug_100000681,Drug_100216237,0.8359788359788359
Drug_100003399,Drug_5832,0.9722222222222222
Drug_100003399,Drug_5920,0.9210526315789473
Drug_100003399,Drug_5281034,1.0
Drug_100003399,Drug_100002375,0.9459459459459459
Drug_100003399,Drug_100002791,1.0
Drug_100003399,Drug_100003384,1.0
Drug_100003399,Drug_100004160,1.0
Drug_100003399,Drug_100005267,0.9722222222222222
Drug_100003399,Drug_100005410,0.9722222222222222
Drug_100003399,Drug_100005470,0.9722222222222222
Drug_100003399,Drug_100009904,1.0
Drug_100004889,Drug_148192,0.5
Drug_24826799,Drug_9926791,0.9203539823008849
Drug_24826799,Drug_103062316,0.6933333333333334
Drug_1615,Drug_65856,0.7692307692307693
Drug_100005470,Drug_5832,0.9459459459459459
Drug_100005470,Drug_5920,0.8974358974358975
Drug_100005470,Drug_5281034,0.9722222222222222
Drug_100005470,Drug_100002375,0.9210526315789473
Drug_100005470,Drug_100002791,0.9722222222222222
Drug_100005470,Drug_100003384,0.9722222222222222
Drug_100005470,Drug_100004160,0.9722222222222222
Drug_100005470,Drug_100005267,0.9459459459459459
Drug_100005470,Drug_100005410,0.9459459459459459
Drug_100005470,Drug_100009904,0.9722222222222222
Drug_5920,Drug_5832,0.8974358974358975
Drug_5920,Drug_5281034,0.9210526315789473
Drug_5920,Drug_100002375,0.875
Drug_5920,Drug_100002791,0.9210526315789473
Drug_5920,Drug_100003384,0.9210526315789473
Drug_5920,Drug_100004160,0.9210526315789473
Drug_5920,Drug_100005267,0.8974358974358975
Drug_5920,Drug_100005410,0.8974358974358975
Drug_5920,Drug_100009904,0.9210526315789473
Drug_100004993,Drug_5582,0.42857142857142855
Drug_100003222,Drug_5362123,1.0
Drug_100216237,Drug_2818,0.7669902912621359
Drug_100216237,Drug_3158,0.8633879781420765
Drug_100216237,Drug_3386,0.8540540540540541
Drug_100216237,Drug_3827,0.9634146341463414
Drug_100216237,Drug_3961,0.9753086419753086
Drug_100216237,Drug_4095,0.8729281767955801
Drug_100216237,Drug_5073,0.9239766081871345
Drug_100216237,Drug_5656,0.8876404494382022
Drug_100216237,Drug_5775,0.9937106918238994
Drug_100216237,Drug_8230,1.0
Drug_100216237,Drug_23897,0.9937106918238994
Drug_100216237,Drug_216237,1.0
Drug_100216237,Drug_5284604,1.0
Drug_100216237,Drug_5311068,1.0
Drug_100216237,Drug_100002369,1.0
Drug_100216237,Drug_100002540,0.9875
Drug_100216237,Drug_100002726,0.8494623655913979
Drug_100216237,Drug_100002781,0.9461077844311377
Drug_100216237,Drug_100003345,0.9875
Drug_100216237,Drug_100005401,0.9937106918238994
Drug_100216237,Drug_100005524,0.8926553672316384
Drug_100216237,Drug_100005771,1.0
Drug_100216237,Drug_100054373,1.0
Drug_100216237,Drug_100068613,1.0
Drug_100004689,Drug_8378,0.4126984126984127
Drug_100004689,Drug_165579,1.0
Drug_5560,Drug_100003440,0.75
Drug_2818,Drug_3158,0.8883495145631068
Drug_2818,Drug_3386,0.8888888888888888
Drug_2818,Drug_3827,0.7961165048543689
Drug_2818,Drug_3961,0.7523809523809524
Drug_2818,Drug_4095,0.8516746411483254
Drug_2818,Drug_5073,0.8038277511961722
Drug_2818,Drug_5656,0.855072463768116
Drug_2818,Drug_5775,0.7718446601941747
Drug_2818,Drug_8230,0.7669902912621359
Drug_2818,Drug_23897,0.7718446601941747
Drug_2818,Drug_216237,0.7669902912621359
Drug_2818,Drug_5284604,0.7669902912621359
Drug_2818,Drug_5311068,0.7669902912621359
Drug_2818,Drug_100002369,0.7669902912621359
Drug_2818,Drug_100002540,0.7596153846153846
Drug_2818,Drug_100002726,0.7899543378995434
Drug_2818,Drug_100002781,0.7932692307692307
Drug_2818,Drug_100003345,0.7681159420289855
Drug_2818,Drug_100005401,0.7718446601941747
Drug_2818,Drug_100005524,0.8592233009708737
Drug_2818,Drug_100005771,0.7669902912621359
Drug_2818,Drug_100054373,0.7669902912621359
Drug_2818,Drug_100068613,0.7669902912621359
Drug_656926,Drug_100004811,0.75
Drug_100005267,Drug_5832,0.9459459459459459
Drug_100005267,Drug_5281034,0.9722222222222222
Drug_100005267,Drug_100002375,0.9210526315789473
Drug_100005267,Drug_100002791,0.9722222222222222
Drug_100005267,Drug_100003384,0.9722222222222222
Drug_100005267,Drug_100004160,0.9722222222222222
Drug_100005267,Drug_100005410,0.9459459459459459
Drug_100005267,Drug_100009904,0.9722222222222222
Drug_5656,Drug_3158,0.9619565217391305
Drug_5656,Drug_3386,0.9516129032258065
Drug_5656,Drug_3827,0.8586956521739131
Drug_5656,Drug_3961,0.8681318681318682
Drug_5656,Drug_4095,0.9725274725274725
Drug_5656,Drug_5073,0.8663101604278075
Drug_5656,Drug_5775,0.88268156424581
Drug_5656,Drug_8230,0.8876404494382022
Drug_5656,Drug_23897,0.88268156424581
Drug_5656,Drug_216237,0.8876404494382022
Drug_5656,Drug_5284604,0.8876404494382022
Drug_5656,Drug_5311068,0.8876404494382022
Drug_5656,Drug_100002369,0.8876404494382022
Drug_5656,Drug_100002540,0.8777777777777778
Drug_5656,Drug_100002726,0.7931034482758621
Drug_5656,Drug_100002781,0.8648648648648649
Drug_5656,Drug_100003345,0.8777777777777778
Drug_5656,Drug_100005401,0.88268156424581
Drug_5656,Drug_100005524,0.9943820224719101
Drug_5656,Drug_100005771,0.8876404494382022
Drug_5656,Drug_100054373,0.8876404494382022
Drug_5656,Drug_100068613,0.8876404494382022
Drug_126941,Drug_100005546,0.7894736842105263
Drug_103062316,Drug_9926791,0.6540880503144654
Drug_5281034,Drug_5832,0.9722222222222222
Drug_5281034,Drug_100002375,0.9459459459459459
Drug_5281034,Drug_100002791,1.0
Drug_5281034,Drug_100003384,1.0
Drug_5281034,Drug_100004160,1.0
Drug_5281034,Drug_100005410,0.9722222222222222
Drug_5281034,Drug_100009904,1.0
Drug_100004240,Drug_148192,0.5
Drug_216237,Drug_3158,0.8633879781420765
Drug_216237,Drug_3386,0.8540540540540541
Drug_216237,Drug_3827,0.9634146341463414
Drug_216237,Drug_3961,0.9753086419753086
Drug_216237,Drug_4095,0.8729281767955801
Drug_216237,Drug_5073,0.9239766081871345
Drug_216237,Drug_5775,0.9937106918238994
Drug_216237,Drug_8230,1.0
Drug_216237,Drug_23897,0.9937106918238994
Drug_216237,Drug_5284604,1.0
Drug_216237,Drug_5311068,1.0
Drug_216237,Drug_100002369,1.0
Drug_216237,Drug_100002540,0.9875
Drug_216237,Drug_100002726,0.8494623655913979
Drug_216237,Drug_100002781,0.9461077844311377
Drug_216237,Drug_100003345,0.9875
Drug_216237,Drug_100005401,0.9937106918238994
Drug_216237,Drug_100005524,0.8926553672316384
Drug_216237,Drug_100005771,1.0
Drug_216237,Drug_100054373,1.0
Drug_216237,Drug_100068613,1.0
Drug_100009904,Drug_5832,0.9722222222222222
Drug_100009904,Drug_100002375,0.9459459459459459
Drug_100009904,Drug_100002791,1.0
Drug_100009904,Drug_100003384,1.0
Drug_100009904,Drug_100004160,1.0
Drug_100009904,Drug_100005410,0.9722222222222222
Drug_100002726,Drug_3158,0.8267326732673267
Drug_100002726,Drug_3386,0.8366336633663366
Drug_100002726,Drug_3827,0.8817204301075269
Drug_100002726,Drug_3961,0.8315789473684211
Drug_100002726,Drug_4095,0.8078817733990148
Drug_100002726,Drug_5073,0.898936170212766
Drug_100002726,Drug_5775,0.8548387096774194
Drug_100002726,Drug_8230,0.8494623655913979
Drug_100002726,Drug_23897,0.8548387096774194
Drug_100002726,Drug_5284604,0.8494623655913979
Drug_100002726,Drug_5311068,0.8494623655913979
Drug_100002726,Drug_100002369,0.8494623655913979
Drug_100002726,Drug_100002540,0.8404255319148937
Drug_100002726,Drug_100002781,0.8877005347593583
Drug_100002726,Drug_100003345,0.8602150537634409
Drug_100002726,Drug_100005401,0.8548387096774194
Drug_100002726,Drug_100005524,0.7970297029702971
Drug_100002726,Drug_100005771,0.8494623655913979
Drug_100002726,Drug_100054373,0.8494623655913979
Drug_100002726,Drug_100068613,0.8494623655913979
Drug_100068613,Drug_3158,0.8633879781420765
Drug_100068613,Drug_3386,0.8540540540540541
Drug_100068613,Drug_3827,0.9634146341463414
Drug_100068613,Drug_3961,0.9753086419753086
Drug_100068613,Drug_4095,0.8729281767955801
Drug_100068613,Drug_5073,0.9239766081871345
Drug_100068613,Drug_5775,0.9937106918238994
Drug_100068613,Drug_8230,1.0
Drug_100068613,Drug_23897,0.9937106918238994
Drug_100068613,Drug_5284604,1.0
Drug_100068613,Drug_5311068,1.0
Drug_100068613,Drug_100002369,1.0
Drug_100068613,Drug_100002540,0.9875
Drug_100068613,Drug_100002781,0.9461077844311377
Drug_100068613,Drug_100003345,0.9875
Drug_100068613,Drug_100005401,0.9937106918238994
Drug_100068613,Drug_100005524,0.8926553672316384
Drug_100068613,Drug_100005771,1.0
Drug_100068613,Drug_100054373,1.0
Drug_5311068,Drug_3158,0.8633879781420765
Drug_5311068,Drug_3386,0.8540540540540541
Drug_5311068,Drug_3827,0.9634146341463414
Drug_5311068,Drug_3961,0.9753086419753086
Drug_5311068,Drug_4095,0.8729281767955801
Drug_5311068,Drug_5073,0.9239766081871345
Drug_5311068,Drug_5775,0.9937106918238994
Drug_5311068,Drug_8230,1.0
Drug_5311068,Drug_23897,0.9937106918238994
Drug_5311068,Drug_5284604,1.0
Drug_5311068,Drug_100002369,1.0
Drug_5311068,Drug_100002540,0.9875
Drug_5311068,Drug_100002781,0.9461077844311377
Drug_5311068,Drug_100003345,0.9875
Drug_5311068,Drug_100005401,0.9937106918238994
Drug_5311068,Drug_100005524,0.8926553672316384
Drug_5311068,Drug_100005771,1.0
Drug_5311068,Drug_100054373,1.0
Drug_100003384,Drug_5832,0.9722222222222222
Drug_100003384,Drug_100002375,0.9459459459459459
Drug_100003384,Drug_100002791,1.0
Drug_100003384,Drug_100004160,1.0
Drug_100003384,Drug_100005410,0.9722222222222222
Drug_4673,Drug_100005245,1.0
Drug_100002781,Drug_3158,0.8817204301075269
Drug_100002781,Drug_3386,0.8924731182795699
Drug_100002781,Drug_3827,0.9585798816568047
Drug_100002781,Drug_3961,0.9239766081871345
Drug_100002781,Drug_4095,0.8609625668449198
Drug_100002781,Drug_5073,0.9651162790697675
Drug_100002781,Drug_5775,0.9520958083832335
Drug_100002781,Drug_8230,0.9461077844311377
Drug_100002781,Drug_23897,0.9520958083832335
Drug_100002781,Drug_5284604,0.9461077844311377
Drug_100002781,Drug_100002369,0.9461077844311377
Drug_100002781,Drug_100002540,0.9349112426035503
Drug_100002781,Drug_100003345,0.9464285714285714
Drug_100002781,Drug_100005401,0.9520958083832335
Drug_100002781,Drug_100005524,0.8695652173913043
Drug_100002781,Drug_100005771,0.9461077844311377
Drug_100002781,Drug_100054373,0.9461077844311377
Drug_5832,Drug_100002375,0.972972972972973
Drug_5832,Drug_100002791,0.9722222222222222
Drug_5832,Drug_100004160,0.9722222222222222
Drug_5832,Drug_100005410,0.9459459459459459
Drug_3961,Drug_3158,0.8449197860962567
Drug_3961,Drug_3386,0.8359788359788359
Drug_3961,Drug_3827,0.9404761904761905
Drug_3961,Drug_4095,0.8540540540540541
Drug_3961,Drug_5073,0.9028571428571428
Drug_3961,Drug_5775,0.9693251533742331
Drug_3961,Drug_8230,0.9753086419753086
Drug_3961,Drug_23897,0.9693251533742331
Drug_3961,Drug_5284604,0.9753086419753086
Drug_3961,Drug_100002369,0.9753086419753086
Drug_3961,Drug_100002540,0.9876543209876543
Drug_3961,Drug_100003345,0.9634146341463414
Drug_3961,Drug_100005401,0.9693251533742331
Drug_3961,Drug_100005524,0.8729281767955801
Drug_3961,Drug_100005771,0.9753086419753086
Drug_3961,Drug_100054373,0.9753086419753086
Drug_100054373,Drug_3158,0.8633879781420765
Drug_100054373,Drug_3386,0.8540540540540541
Drug_100054373,Drug_3827,0.9634146341463414
Drug_100054373,Drug_4095,0.8729281767955801
Drug_100054373,Drug_5073,0.9239766081871345
Drug_100054373,Drug_5775,0.9937106918238994
Drug_100054373,Drug_8230,1.0
Drug_100054373,Drug_23897,0.9937106918238994
Drug_100054373,Drug_5284604,1.0
Drug_100054373,Drug_100002369,1.0
Drug_100054373,Drug_100002540,0.9875
Drug_100054373,Drug_100003345,0.9875
Drug_100054373,Drug_100005401,0.9937106918238994
Drug_100054373,Drug_100005524,0.8926553672316384
Drug_100054373,Drug_100005771,1.0
Drug_100219078,Drug_100003440,0.4230769230769231
Drug_100002369,Drug_3158,0.8633879781420765
Drug_100002369,Drug_3386,0.8540540540540541
Drug_100002369,Drug_3827,0.9634146341463414
Drug_100002369,Drug_4095,0.8729281767955801
Drug_100002369,Drug_5073,0.9239766081871345
Drug_100002369,Drug_5775,0.9937106918238994
Drug_100002369,Drug_8230,1.0
Drug_100002369,Drug_23897,0.9937106918238994
Drug_100002369,Drug_5284604,1.0
Drug_100002369,Drug_100002540,0.9875
Drug_100002369,Drug_100003345,0.9875
Drug_100002369,Drug_100005401,0.9937106918238994
Drug_100002369,Drug_100005524,0.8926553672316384
Drug_100002369,Drug_100005771,1.0
Drug_4095,Drug_3158,0.946524064171123
Drug_4095,Drug_3386,0.9468085106382979
Drug_4095,Drug_3827,0.8449197860962567
Drug_4095,Drug_5073,0.8526315789473684
Drug_4095,Drug_5775,0.8784530386740331
Drug_4095,Drug_8230,0.8729281767955801
Drug_4095,Drug_23897,0.8681318681318682
Drug_4095,Drug_5284604,0.8729281767955801
Drug_4095,Drug_100002540,0.8633879781420765
Drug_4095,Drug_100003345,0.8839779005524862
Drug_4095,Drug_100005401,0.8784530386740331
Drug_4095,Drug_100005524,0.9779005524861878
Drug_4095,Drug_100005771,0.8729281767955801
Drug_4034,Drug_3947,0.4
Drug_4034,Drug_5909,0.75
Drug_4034,Drug_154417,1.0
Drug_4034,Drug_100004120,0.8333333333333334
Drug_100002375,Drug_100002791,0.9459459459459459
Drug_100002375,Drug_100004160,0.9459459459459459
Drug_100002375,Drug_100005410,0.9210526315789473
Drug_4495,Drug_100003209,0.5714285714285714
Drug_3827,Drug_3158,0.8961748633879781
Drug_3827,Drug_3386,0.8864864864864865
Drug_3827,Drug_5073,0.9590643274853801
Drug_3827,Drug_5775,0.9575757575757575
Drug_3827,Drug_8230,0.9634146341463414
Drug_3827,Drug_23897,0.9695121951219512
Drug_3827,Drug_5284604,0.9634146341463414
Drug_3827,Drug_100002540,0.9518072289156626
Drug_3827,Drug_100003345,0.9518072289156626
Drug_3827,Drug_100005401,0.9575757575757575
Drug_3827,Drug_100005524,0.8633879781420765
Drug_3827,Drug_100005771,0.9634146341463414
Drug_165579,Drug_8378,0.4126984126984127
Drug_100005410,Drug_100002791,0.9722222222222222
Drug_100005410,Drug_100004160,0.9722222222222222
Drug_154417,Drug_3947,0.4
Drug_154417,Drug_5909,0.75
Drug_154417,Drug_100004120,0.8333333333333334
Drug_100005401,Drug_3158,0.8586956521739131
Drug_100005401,Drug_3386,0.8594594594594595
Drug_100005401,Drug_5073,0.9298245614035088
Drug_100005401,Drug_5775,1.0
Drug_100005401,Drug_8230,0.9937106918238994
Drug_100005401,Drug_23897,0.9875
Drug_100005401,Drug_5284604,0.9937106918238994
Drug_100005401,Drug_100002540,0.9813664596273292
Drug_100005401,Drug_100003345,0.99375
Drug_100005401,Drug_100005524,0.8876404494382022
Drug_100005401,Drug_100005771,0.9937106918238994
Drug_3158,Drug_3386,0.9891891891891892
Drug_3158,Drug_5073,0.893048128342246
Drug_3158,Drug_5775,0.8586956521739131
Drug_3158,Drug_8230,0.8633879781420765
Drug_3158,Drug_23897,0.8688524590163934
Drug_3158,Drug_5284604,0.8633879781420765
Drug_3158,Drug_100002540,0.8540540540540541
Drug_3158,Drug_100003345,0.8540540540540541
Drug_3158,Drug_100005524,0.9672131147540983
Drug_3158,Drug_100005771,0.8633879781420765
Drug_23897,Drug_3386,0.8594594594594595
Drug_23897,Drug_5073,0.9298245614035088
Drug_23897,Drug_5775,0.9875
Drug_23897,Drug_8230,0.9937106918238994
Drug_23897,Drug_5284604,0.9937106918238994
Drug_23897,Drug_100002540,0.9813664596273292
Drug_23897,Drug_100003345,0.9813664596273292
Drug_23897,Drug_100005524,0.8876404494382022
Drug_23897,Drug_100005771,0.9937106918238994
Drug_100004160,Drug_100002791,1.0
Drug_100002540,Drug_3386,0.8449197860962567
Drug_100002540,Drug_5073,0.9132947976878613
Drug_100002540,Drug_5775,0.9813664596273292
Drug_100002540,Drug_8230,0.9875
Drug_100002540,Drug_5284604,0.9875
Drug_100002540,Drug_100003345,0.9753086419753086
Drug_100002540,Drug_100005524,0.88268156424581
Drug_100002540,Drug_100005771,0.9875
Drug_5775,Drug_3386,0.8594594594594595
Drug_5775,Drug_5073,0.9298245614035088
Drug_5775,Drug_8230,0.9937106918238994
Drug_5775,Drug_5284604,0.9937106918238994
Drug_5775,Drug_100003345,0.99375
Drug_5775,Drug_100005524,0.8876404494382022
Drug_5775,Drug_100005771,0.9937106918238994
Drug_100003345,Drug_3386,0.8548387096774194
Drug_100003345,Drug_5073,0.9244186046511628
Drug_100003345,Drug_8230,0.9875
Drug_100003345,Drug_5284604,0.9875
Drug_100003345,Drug_100005524,0.88268156424581
Drug_100003345,Drug_100005771,0.9875
Drug_5284604,Drug_3386,0.8540540540540541
Drug_5284604,Drug_5073,0.9239766081871345
Drug_5284604,Drug_8230,1.0
Drug_5284604,Drug_100005524,0.8926553672316384
Drug_5284604,Drug_100005771,1.0
Drug_8230,Drug_3386,0.8540540540540541
Drug_8230,Drug_5073,0.9239766081871345
Drug_8230,Drug_100005524,0.8926553672316384
Drug_8230,Drug_100005771,1.0
Drug_91429,Drug_100014917,0.65
Drug_5073,Drug_3386,0.9037433155080213
Drug_5073,Drug_100005524,0.8609625668449198
Drug_5073,Drug_100005771,0.9239766081871345
Drug_100004120,Drug_5909,0.625
Drug_100005771,Drug_3386,0.8540540540540541
Drug_100005771,Drug_100005524,0.8926553672316384
Drug_100005524,Drug_3386,0.9567567567567568
